8.282632538766576213e-09,3.051685564445682196e-03
5.824392492120920985e-09,3.493843656597671148e-03
5.638245380286018935e-09,3.265178564822990553e-03
5.621411583640362666e-09,3.509376988266409061e-03
5.598545074462894618e-09,3.433155291008182196e-03
5.700776071259473786e-09,3.402449867942072045e-03
5.877819928255953138e-09,3.433155291008182196e-03
5.554329265247696052e-09,3.433155291008182196e-03
5.644314216844968228e-09,3.540082411332519646e-03
5.642797007705230698e-09,3.479032805471665019e-03
2.912976525046613420e-09,1.327485749215746294e-03
5.386460911143914427e-09,1.175042354699292781e-03
5.337621226455229898e-09,1.251264051957519429e-03
5.609237786495329048e-09,1.113631508567072045e-03
5.416985714074341017e-09,1.006704388242735029e-03
5.651936386570790084e-09,1.098820657441065916e-03
5.577195774425164100e-09,1.220558628891409278e-03
5.427606178052502073e-09,1.006704388242735029e-03
5.561951434973518735e-09,1.006704388242735029e-03
5.728230331883290284e-09,1.311952417547008164e-03
5.488655783913356081e-09,1.190214446096664802e-03
5.523804462317268635e-09,7.321617820045720447e-04
3.273060827544245562e-09,-6.560845808549804628e-04
5.394083080869737110e-09,-6.560845808549804628e-04
5.404739668875034025e-09,-1.007571364894102204e-03
5.598545074462894618e-09,-8.699388215036547118e-04
5.485657489661018535e-09,-6.867900039210908308e-04
5.493279659386841217e-09,-6.716179125237185929e-04
5.523804462317268635e-09,-8.240613070401722143e-04
5.592476237903946152e-09,-1.083793062152329069e-03
5.421537341493553607e-09,-1.296924822258271100e-03
5.520733920010657715e-09,-1.098603913278335198e-03
5.548188180634473386e-09,-5.798628835967537063e-04
5.476445862741185776e-09,-8.547667301062825823e-04
5.397117499149211343e-09,-9.006442445697650798e-04
2.838199788873850337e-09,-4.974712025035556151e-03
5.272019993175164127e-09,-6.348147536769102421e-03
5.462754856456414627e-09,-5.920800295743119598e-03
5.584817944150986783e-09,-5.493091814445771534e-03
5.566503062392730498e-09,-6.103587873054317804e-03
5.508523998838486583e-09,-5.661429780902328852e-03
5.468823693015363093e-09,-6.241220416444765405e-03
5.510041207978224113e-09,-6.119121204723056151e-03
5.471894235321974013e-09,-6.226048325047393167e-03
5.621411583640362666e-09,-5.813873175418782582e-03
5.610791119662202437e-09,-5.966677810206602421e-03
5.452062144423980198e-09,-6.027366175796090506e-03
2.743590961803093852e-09,-8.713187593402329720e-03
5.246082941691085159e-09,-9.018435622706601554e-03
5.302544796105591544e-09,-9.216395291415171998e-03
5.441369432391546595e-09,-9.338494503136882119e-03
5.627552668253585333e-09,-8.865630987918782582e-03
5.506970665671613193e-09,-9.247100714481282582e-03
5.565021977280129654e-09,-9.354027834805619598e-03
5.462754856456414627e-09,-9.033246473832608550e-03
5.597027865323157915e-09,-9.109468171090834981e-03
5.432230053525987210e-09,-9.094657319964829720e-03
5.593957323016546996e-09,-9.002541050766497965e-03
5.467342607902762250e-09,-9.140173594156945566e-03
2.914493734186350123e-09,-1.109339974143292752e-02
5.198724342115002300e-09,-1.181046168009444557e-02
5.322376887003585359e-09,-1.171906789143884603e-02
5.383390368837303507e-09,-1.159732991998850375e-02
5.273537202314901657e-09,-1.164284619418061960e-02
5.551258722941085132e-09,-1.164284619418061960e-02
5.432230053525987210e-09,-1.191738880041878258e-02
5.337621226455229898e-09,-1.173423998283621913e-02
5.464272065596151330e-09,-1.152110822273027559e-02
5.487138574773619378e-09,-1.156662449692239317e-02
5.456649895870328647e-09,-1.152110822273027559e-02
5.421537341493553607e-09,-1.162731286251188212e-02
2.586415319731745415e-09,-1.348914522113226454e-02
4.945458787860296949e-09,-1.358090025005923018e-02
5.308613632664540010e-09,-1.394683664495299097e-02
5.378838741418090917e-09,-1.367229403871482799e-02
5.401741374622696479e-09,-1.353466149532438212e-02
5.401741374622696479e-09,-1.356536691839049097e-02
5.281159372040723512e-09,-1.377922115903916674e-02
5.426125092939901230e-09,-1.370299946178093857e-02
5.378838741418090917e-09,-1.368710488984083498e-02
5.253705111416907842e-09,-1.368710488984083498e-02
5.465753150708752174e-09,-1.373334364457568305e-02
5.387978120283651130e-09,-1.374851573597305615e-02
2.577275940866185616e-09,-1.557964267152732799e-02
5.020271648060196306e-09,-1.599181782115594030e-02
5.239941857077862493e-09,-1.589970155195760682e-02
5.334550684148619805e-09,-1.591523488362634603e-02
5.249153483997696079e-09,-1.573208606604378085e-02
5.329999056729408042e-09,-1.576279148910989317e-02
5.352901689934011950e-09,-1.585418527776549097e-02
5.296403711492369705e-09,-1.582347985469938212e-02
5.320823553836711143e-09,-1.570138064297767200e-02
5.325447429310196279e-09,-1.562515894571944383e-02
5.464272065596151330e-09,-1.568656979185166500e-02
5.368146029385658142e-09,-1.574725815744115395e-02
5.474964777628585760e-09,-1.605250618674542926e-02
2.558961059107929331e-09,-1.805160984848489317e-02
5.168235663211711570e-09,-1.826546408913356720e-02
5.099563887625034052e-09,-1.870762218128555615e-02
5.397117499149211343e-09,-1.866210590709344030e-02
5.313165260083751773e-09,-1.841790748365002006e-02
5.284229914347335259e-09,-1.854000669537173018e-02
5.358970526492961243e-09,-1.881454930160989317e-02
5.326928514422797122e-09,-1.861622839262995835e-02
5.441369432391546595e-09,-1.905838648478194383e-02
5.360523859659835459e-09,-1.884525472467600202e-02
5.433747262665723913e-09,-1.869245008988818305e-02
5.360523859659835459e-09,-1.884525472467600202e-02
2.616940122662172833e-09,-2.087434132893884603e-02
4.975983590790723539e-09,-2.122546687270660329e-02
5.214004805593783525e-09,-2.142342654141517200e-02
5.224697517626217955e-09,-2.140861569028916500e-02
5.072109627001217554e-09,-2.128651647856745835e-02
5.316235802390362693e-09,-2.140861569028916500e-02
5.188103878136841244e-09,-2.125581105550134603e-02
5.079731796727040237e-09,-2.142342654141517200e-02
5.166718454071974039e-09,-2.148483738754739317e-02
5.171270081491185803e-09,-2.166798620512995835e-02
5.329999056729408042e-09,-2.125581105550134603e-02
5.314754717277761849e-09,-2.143932111335527732e-02
2.397197665590232859e-09,-2.316315968831384603e-02
4.901206854617961696e-09,-2.355980150627371913e-02
5.156025742039540437e-09,-2.368226195826679537e-02
5.218628681067268661e-09,-2.369743404966416500e-02
5.206382635867961670e-09,-2.362121235240594030e-02
5.136193651141546622e-09,-2.339218602035989317e-02
5.227768059932828874e-09,-2.334666974616777732e-02
5.027893817786018988e-09,-2.374295032385628085e-02
5.006508393721150957e-09,-2.391128829031283903e-02
5.291852084073157942e-09,-2.371224490079017200e-02
5.349831147627401030e-09,-2.360604026100856720e-02
5.203348217588486609e-09,-2.349911314068423018e-02
2.378882783831976574e-09,-2.572652065392700901e-02
4.966844211925164154e-09,-2.604730201490002006e-02
5.000367309107929945e-09,-2.607800743796613238e-02
5.143815820867369305e-09,-2.594037489457568305e-02
5.078214587587303534e-09,-2.610799038048950901e-02
5.032445445205229924e-09,-2.603176868323128085e-02
5.085872881340262076e-09,-2.581863692312533903e-02
5.140781402587895072e-09,-2.566583228833752006e-02
5.186550544969967855e-09,-2.580310359145660329e-02
5.078214587587303534e-09,-2.592556404344967605e-02
5.197243257002401457e-09,-2.592556404344967605e-02
5.220109766179869505e-09,-2.572652065392700901e-02
2.305623256798951020e-09,-2.784772352738818305e-02
4.669254476373850176e-09,-2.859585212938717605e-02
4.953080957586119632e-09,-2.795465064771252006e-02
5.056829163522436330e-09,-2.824436534534805615e-02
4.989746845129768888e-09,-2.816814364808982799e-02
4.895138018059012403e-09,-2.844304749459935708e-02
5.223180308486480425e-09,-2.833612037427502006e-02
5.049206993796612820e-09,-2.798535607077863238e-02
5.091941717899211369e-09,-2.815297155669245488e-02
5.133123108834935702e-09,-2.815297155669245488e-02
5.044655366377401057e-09,-2.803123358524211434e-02
5.053794745242961269e-09,-2.835129246567239317e-02
5.127054272275986409e-09,-2.825989867701679537e-02
2.201875050862634736e-09,-3.025864109848489317e-02
4.831017869891546649e-09,-3.082325964262995488e-02
4.930214448408651584e-09,-3.059459455085527732e-02
4.824912909305461496e-09,-3.111333558053685708e-02
4.983605760516547049e-09,-3.091465343128555615e-02
4.905830730091446006e-09,-3.094535885435166500e-02
4.843227791063717781e-09,-3.131165648951679537e-02
4.953080957586119632e-09,-3.097606427741777732e-02
4.957668709032468081e-09,-3.085396506569606720e-02
4.982124675403946206e-09,-3.062493873365002006e-02
4.895138018059012403e-09,-3.076221003676910329e-02
4.948529330166907869e-09,-3.073186585397435708e-02
2.122546687270660303e-09,-3.286824081883290422e-02
4.577680067582568751e-09,-3.314278342507106373e-02
4.553296349265363173e-09,-3.346284230550134603e-02
4.628109209465262530e-09,-3.323417721372666500e-02
4.763863303444606662e-09,-3.311207800200495488e-02
4.727269663955229951e-09,-3.314278342507106373e-02
4.802010276100856762e-09,-3.341732603130923018e-02
4.852403293956414681e-09,-3.309726715087894788e-02
4.808151360714078601e-09,-3.344803145437533903e-02
4.910382357510657769e-09,-3.318829969926318652e-02
4.985122969656283752e-09,-3.317348884813717952e-02
4.733338500514179244e-09,-3.315795551646844030e-02
2.143932111335527921e-09,-3.500461578369144788e-02
4.263401031494144425e-09,-3.540089636137995488e-02
4.666256182121511803e-09,-3.561475060202862891e-02
4.670807809540723566e-09,-3.541642969304869409e-02
4.742550127434012003e-09,-3.529396924105562133e-02
4.760865009192269115e-09,-3.523328087546612891e-02
4.666256182121511803e-09,-3.538608551025394788e-02
4.783731518369737163e-09,-3.521774754379738970e-02
4.766933845751217581e-09,-3.537019093831384603e-02
4.655563470089079028e-09,-3.537019093831384603e-02
4.745584545713487063e-09,-3.544677387584344030e-02
4.762346094304869131e-09,-3.524845296686350549e-02
1.837166872891517251e-09,-3.747658296064901307e-02
4.094051592277761956e-09,-3.859028671727040422e-02
4.365632028290723593e-09,-3.825433326490002006e-02
4.576198982469967908e-09,-3.842194875081384603e-02
4.577680067582568751e-09,-3.836126038522436055e-02
4.545674179539540491e-09,-3.831574411103223776e-02
4.586891694502401510e-09,-3.846818750554869409e-02
4.673878351847335313e-09,-3.810188987038356373e-02
4.585338361335527294e-09,-3.825433326490002006e-02
4.727269663955229951e-09,-3.811706196178094030e-02
4.676876646099672859e-09,-3.831574411103223776e-02
4.602136033954046876e-09,-3.828503868796612891e-02
1.670887975981745909e-09,-4.071148959073157825e-02
4.223736849698157622e-09,-4.113847559148619409e-02
4.438855431296612873e-09,-4.090981049971151307e-02
4.519737128055461523e-09,-4.080288337938717952e-02
4.618897582545429771e-09,-4.071148959073157825e-02
4.588372779615002354e-09,-4.083358880245328837e-02
4.309170173876218035e-09,-4.080288337938717952e-02
4.576198982469967908e-09,-4.071148959073157825e-02
4.501386122270068551e-09,-4.101673762003585355e-02
4.615827040238818852e-09,-4.080288337938717952e-02
4.518219918915723993e-09,-4.103154847116186055e-02
4.586891694502401510e-09,-4.074147253325495488e-02
4.457170313054869158e-09,-4.122986938014179537e-02
1.667817433675134576e-09,-4.292408625284835355e-02
3.967328505082568805e-09,-4.333553892193423018e-02
4.286267540671613300e-09,-4.333553892193423018e-02
4.226735143950495168e-09,-4.325931722467600549e-02
4.266435449773619485e-09,-4.332036683053686055e-02
4.480072946259473893e-09,-4.322933428215262192e-02
4.257259946880923413e-09,-4.324414513327862891e-02
4.121505852901578454e-09,-4.336624434500033903e-02
4.339694976806644625e-09,-4.336624434500033903e-02
4.290855292117961750e-09,-4.336624434500033903e-02
4.466309691920429371e-09,-4.338177767666907825e-02
4.306099631569606288e-09,-4.327485055634473776e-02
1.554893724846122013e-09,-4.496834494850856373e-02
3.926147114146843645e-09,-4.553296349265362891e-02
4.057385704734112700e-09,-4.556366891571973776e-02
4.295406919537172686e-09,-4.551815264152762192e-02
3.996372222900394552e-09,-4.560918518991186055e-02
4.176414374149211450e-09,-4.602136033954046940e-02
4.238981189149803814e-09,-4.582303943056053458e-02
4.237427855982929598e-09,-4.544156970399803458e-02
4.065007874459936210e-09,-4.576198982469967952e-02
4.240498398289540517e-09,-4.541122552120328837e-02
4.142819028912173113e-09,-4.576198982469967952e-02
4.300030795010657822e-09,-4.544156970399803458e-02
1.438935597737634596e-09,-4.773038806337303458e-02
4.036000280669245495e-09,-4.779107642896252006e-02
3.901727271802502207e-09,-4.812702988133290422e-02
4.072666168212894752e-09,-4.823395700165723776e-02
4.077217795632106515e-09,-4.811185778993553458e-02
3.991784471454046929e-09,-4.803563609267730294e-02
4.213044137665724020e-09,-4.792870897235296940e-02
3.932252074732929625e-09,-4.800493066961119409e-02
4.022309274384473519e-09,-4.817254615552502006e-02
4.179448792428685683e-09,-4.811185778993553458e-02
4.344246604225856388e-09,-4.812702988133290422e-02
4.274093743526578854e-09,-4.834088412198157825e-02
1.342845685554277474e-09,-5.035515987511841179e-02
3.648461717547796856e-09,-5.076661254420429537e-02
3.762902635516547156e-09,-5.059899705829046940e-02
3.869721383759473946e-09,-5.075180169307828837e-02
3.927700447313717861e-09,-5.072109627001217952e-02
3.909385565555461576e-09,-5.064487457275394788e-02
3.782734726414540144e-09,-5.064487457275394788e-02
3.883412390044245095e-09,-5.076661254420429537e-02
4.122986938014179298e-09,-5.067521875554869409e-02
3.913937192974673340e-09,-5.088907299619736813e-02
4.014687104658651664e-09,-5.070592417861480294e-02
3.997853308012995395e-09,-5.049206993796612891e-02
1.240578564730562033e-09,-5.230802478212303458e-02
3.530950257272436050e-09,-5.293369293212894788e-02
3.741517211451679124e-09,-5.290298750906283903e-02
3.640839547821973760e-09,-5.313165260083752006e-02
3.587448235714078708e-09,-5.302544796105591179e-02
3.662152723832568832e-09,-5.293369293212894788e-02
3.843784332275394979e-09,-5.261327281142730294e-02
3.678986520478223860e-09,-5.282676581180461434e-02
3.570614439068422853e-09,-5.284229914347335355e-02
3.830021077936350457e-09,-5.282676581180461434e-02
3.897175644383290444e-09,-5.329999056729407825e-02
3.793427438446973746e-09,-5.310166965831414343e-02
3.666740475278916454e-09,-5.320823553836711434e-02
8.758703867594445487e-10,-5.502419038252401307e-02
3.346284230550134429e-09,-5.514592835397436055e-02
3.498872121175134416e-09,-5.525285547429869409e-02
3.685055357037173153e-09,-5.497831286806053458e-02
3.602692575165723660e-09,-5.543636553215262192e-02
3.726272872000033759e-09,-5.474964777628585355e-02
3.479076154304277287e-09,-5.532943841182828837e-02
3.505013205788356255e-09,-5.513111750284835355e-02
3.543160178444606355e-09,-5.542119344075525228e-02
3.663742181026578908e-09,-5.522251129150394788e-02
3.683538147897436036e-09,-5.517663377704046940e-02
3.651460011800134402e-09,-5.497831286806053458e-02
6.729617263331602231e-10,-5.734371416496512192e-02
3.294446251609112767e-09,-5.749615755948157825e-02
3.321900512232929678e-09,-5.790833270911018710e-02
3.311207800200495662e-09,-5.772518389152762192e-02
3.178452000473489077e-09,-5.767930637706414343e-02
3.451621893680461617e-09,-5.773999474265362891e-02
3.401264999852040384e-09,-5.764860095399803458e-02
3.395123915238818545e-09,-5.741993586222335355e-02
3.399711666685166581e-09,-5.738923043915723776e-02
3.392089496959343898e-09,-5.772518389152762192e-02
3.653049468994144892e-09,-5.723678704464078837e-02
3.425648718169245549e-09,-5.755756840561379595e-02
5.615552266438845695e-10,-5.972356507272436055e-02
3.141858360984112780e-09,-5.987636970751217952e-02
3.103711388327863094e-09,-6.027337276574341179e-02
3.042697906494144945e-09,-6.004434643369736813e-02
3.125060688365594025e-09,-6.036476655439901307e-02
3.189144712505923093e-09,-5.998329682783651307e-02
3.253228736646252161e-09,-6.033406113133290422e-02
3.198284091371483306e-09,-6.015127355402170861e-02
3.054871703639179391e-09,-6.021196191961119409e-02
3.280682997270068658e-09,-6.010503479928686055e-02
3.254745945785988863e-09,-6.009022394816085355e-02
3.207459594264179378e-09,-6.016644564541907825e-02
5.386887174664166248e-10,-6.224140976414540422e-02
2.722241661765363334e-09,-6.279121745716445546e-02
3.022793567541878171e-09,-6.269982366850886113e-02
2.833612037427501887e-09,-6.259289654818452064e-02
2.914493734186350123e-09,-6.272980661103223776e-02
2.880898388949311786e-09,-6.262360197125063643e-02
3.062493873365002074e-09,-6.274533994270098392e-02
3.060940540198128271e-09,-6.277604536576708583e-02
2.948052955396252187e-09,-6.266911824544274534e-02
2.981648300633290524e-09,-6.231763146140362891e-02
2.967885046294245589e-09,-6.291295542861480294e-02
3.001480391531283926e-09,-6.254701903372104910e-02
7.323062781132073821e-11,-6.495793660481774534e-02
2.584934234619144986e-09,-6.509484666766546246e-02
2.709995616566055515e-09,-6.518696293686379595e-02
2.766457470980561900e-09,-6.488171490755952064e-02
2.607800743796613034e-09,-6.515625751379769404e-02
2.768010804147435703e-09,-6.501862497040723776e-02
2.664226474183982732e-09,-6.543080012003585355e-02
2.841270331180461256e-09,-6.514108542240031052e-02
2.836682579734113220e-09,-6.523247921105591873e-02
2.626079501527732632e-09,-6.518696293686379595e-02
2.749695922389179418e-09,-6.520177378798980294e-02
2.700856237700495302e-09,-6.498864202788386113e-02
2.848892500906283939e-09,-6.478959863836120103e-02
1.560557972305577101e-12,-6.703290072354407825e-02
2.298001087073127924e-09,-6.724675496419274534e-02
2.395680456450495329e-09,-6.738366502704046246e-02
2.311764341412172859e-09,-6.750612547903354910e-02
2.475044944069606862e-09,-6.729227123838486813e-02
2.697785695393884796e-09,-6.709431156967629595e-02
2.449107892585527894e-09,-6.726192705559012885e-02
2.571170980280100050e-09,-6.742990378177531052e-02
2.577275940866185616e-09,-6.709431156967629595e-02
2.516262459032467468e-09,-6.742990378177531052e-02
2.603176868323127897e-09,-6.718534411806052764e-02
2.458211147423951007e-09,-6.750612547903354910e-02
-2.654682506214444314e-10,-6.955074541496512885e-02
2.064567623716416388e-09,-6.993221514152762885e-02
1.945538954301318465e-09,-6.991704305013024534e-02
2.265995199030100077e-09,-6.958108959775986813e-02
2.095092426646844219e-09,-6.985563220399802764e-02
2.284310080788356775e-09,-6.968801671808420861e-02
2.276687911062534093e-09,-6.990150971846151307e-02
2.005035226995299083e-09,-7.003914226185195546e-02
2.108819556958752054e-09,-6.970318880948157825e-02
2.095092426646844219e-09,-6.965767253528945546e-02
2.269065741336711410e-09,-6.950486790050164343e-02
2.151554281061350190e-09,-6.958108959775986813e-02
-9.231422886703909638e-10,-7.235830480402170861e-02
1.699859445745299110e-09,-7.197683507745920861e-02
1.693790609186350230e-09,-7.237347689541907825e-02
1.670887975981745909e-09,-7.228208310676348392e-02
1.741076960708160336e-09,-7.206822886611480294e-02
1.876903302741777634e-09,-7.191578547159835355e-02
1.824993075746482806e-09,-7.214445056337302764e-02
1.739559751568423013e-09,-7.208376219778354910e-02
1.919601902817239497e-09,-7.182439168294274534e-02
1.864693381569606915e-09,-7.214445056337302764e-02
1.898216478752371879e-09,-7.208376219778354910e-02
1.564069227738818292e-09,-7.219068931810787570e-02
-1.310753099846112976e-09,-7.420460383097335355e-02
1.263481197935166768e-09,-7.443326892274802764e-02
1.405376376527732739e-09,-7.418943173957598392e-02
1.431313428011811913e-09,-7.472370610092629595e-02
1.310767549456976461e-09,-7.437258055715854910e-02
1.603733409534805715e-09,-7.420460383097335355e-02
1.272620576800726361e-09,-7.440328598022465101e-02
1.429760094844938110e-09,-7.441845807162202064e-02
1.442006140044245722e-09,-7.431153095129769404e-02
1.353466149532438117e-09,-7.405179919618552764e-02
1.330563516327833589e-09,-7.455609061501247692e-02
1.345843979806615434e-09,-7.450985186027762885e-02
-1.707467165860258102e-09,-7.742433836965854910e-02
1.057465871175134629e-09,-7.710355700868552764e-02
9.170879017223055684e-10,-7.695111361416907825e-02
1.013213937932799170e-09,-7.745504379272465101e-02
1.055912538008260826e-09,-7.747021588412202064e-02
9.857596773089828790e-10,-7.728706706653945546e-02
9.490937897653334156e-10,-7.690559733997695546e-02
8.682482170336218660e-10,-7.745504379272465101e-02
9.490937897653334156e-10,-7.710355700868552764e-02
1.036080447110267218e-09,-7.722637870094997692e-02
8.606260473077990799e-10,-7.750092130718813643e-02
7.965058991403335324e-10,-7.725636164347335355e-02
8.758703867594445487e-10,-7.772958639896281052e-02
-2.153057040590224029e-09,-8.023225899898649149e-02
3.280495152328998151e-10,-8.049126827355591873e-02
6.073604930530939355e-10,-8.021672566731774534e-02
4.745685692989508705e-10,-8.007981560447004210e-02
4.242477994976665832e-10,-8.017120939312563643e-02
4.150361725778335141e-10,-8.039987448490031052e-02
6.362958387895108631e-10,-8.018602024425164343e-02
4.440798903956602431e-10,-8.026224194150986813e-02
5.585208083644102331e-10,-8.006428227280129595e-02
4.577708966804318054e-10,-8.003357684973519404e-02
4.974712025035556051e-10,-7.995735515247695546e-02
3.723375725023718578e-10,-8.014050397005952064e-02
-2.699288454922758221e-09,-8.238344481497104910e-02
4.732970035437825685e-11,-8.275010369040754210e-02
1.037554307417480522e-10,-8.252107735836149149e-02
2.075397607052009456e-10,-8.242932232943452064e-02
2.106103030118119686e-10,-8.218548514626247692e-02
1.068259730483590752e-10,-8.256695487282497692e-02
1.236236456668782696e-10,-8.233792854077892631e-02
2.243013092965835050e-10,-8.252107735836149149e-02
2.288890607429317737e-10,-8.247483860362664343e-02
1.098603913278335150e-10,-8.258176572395098392e-02
2.701065757057927934e-10,-8.261247114701708583e-02
1.389041091456602182e-10,-8.246002775250063643e-02
-3.141807787346113230e-09,-8.494680578058420861e-02
-1.693422144109508040e-10,-8.471814068880952064e-02
-1.357829932010490502e-10,-8.497751120365031052e-02
-2.456361597234508231e-10,-8.497751120365031052e-02
-2.596595070578390901e-11,-8.485577323219997692e-02
-1.815521355831217296e-10,-8.496270035252430353e-02
-9.763602054479906649e-11,-8.497751120365031052e-02
-1.449584960937455619e-10,-8.491646159778945546e-02
-2.654682506214444314e-10,-8.500821662671642631e-02
-2.639510414817072115e-10,-8.531346465602070162e-02
-2.437649351177349356e-11,-8.493199492945820162e-02
-3.600770776922008131e-10,-8.508443832397465101e-02
-3.662174398248841414e-09,-8.708318074544274534e-02
-7.171630859374956152e-10,-8.748018380367399149e-02
-1.028479951800717531e-09,-8.751088922674010728e-02
-7.965275735566065281e-10,-8.761709386652170861e-02
-7.720716071851280937e-10,-8.749535589507136113e-02
-8.361556313254572648e-10,-8.776989850130952064e-02
-6.179665074203909905e-10,-8.754087216926348392e-02
-9.536670916008183812e-10,-8.748018380367399149e-02
-4.577564470695682178e-10,-8.729703498609142631e-02
-6.637717738296002531e-10,-8.715940244270098392e-02
-5.050427985913782205e-10,-8.729703498609142631e-02
-4.562031139026943630e-10,-8.746465047200524534e-02
-3.970420721805452307e-09,-8.943340995094997692e-02
-1.374837123986442044e-09,-9.001283934622104910e-02
-1.361109993674534002e-09,-8.998249516342629595e-02
-1.313751394098450730e-09,-9.027257110133320162e-02
-1.358039451367922876e-09,-9.019634940407497692e-02
-1.048275918671574659e-09,-9.004354476928715101e-02
-1.049793127811311776e-09,-9.004354476928715101e-02
-1.243598533399172782e-09,-8.998249516342629595e-02
-8.483655524976280870e-10,-8.982969052863848392e-02
-9.811213522246346721e-10,-9.008942228375063643e-02
-9.918140642570682744e-10,-9.005871686068452064e-02
-1.226836984807790300e-09,-9.025739900993583198e-02
-1.222213109334305371e-09,-9.039430907278354910e-02
-4.280148130474664043e-09,-9.164564537279537570e-02
-1.827976920387957075e-09,-9.230165770559604910e-02
-1.629619887380884512e-09,-9.202711509935787570e-02
-1.364144411954008442e-09,-9.213404221968221619e-02
-1.588474620472296659e-09,-9.213404221968221619e-02
-1.560948111794207201e-09,-9.224096934000655668e-02
-1.445026108712856471e-09,-9.210369803688747692e-02
-1.618999423402724076e-09,-9.237824064312563643e-02
-1.412984096642692144e-09,-9.205782052242399149e-02
-1.557949817541869448e-09,-9.208852594549010728e-02
-1.560948111794207201e-09,-9.227131352280129595e-02
-1.469409827030061843e-09,-9.199677091656313643e-02
-4.675381111376208738e-09,-9.405656294389208583e-02
-2.033992247147989420e-09,-9.452978769938155668e-02
-1.974495974454007975e-09,-9.460637063691114401e-02
-1.745614138516508202e-09,-9.422490091034864401e-02
-1.968391013867922822e-09,-9.431593345873287570e-02
-2.024852868282429207e-09,-9.446873809352070162e-02
-1.849362344452824486e-09,-9.423971176147465101e-02
-1.780726692893283862e-09,-9.443803267045458583e-02
-1.921104662346112923e-09,-9.428558927593813643e-02
-1.756306850548941804e-09,-9.445356600212333198e-02
-1.747131347656245525e-09,-9.457566521384504210e-02
-1.641865932580191917e-09,-9.423971176147465101e-02
-5.056850837938708912e-09,-9.648301384665754210e-02
-2.449021194920390830e-09,-9.710832075639208583e-02
-2.117980610240584849e-09,-9.692553317908089716e-02
-2.040097207734074573e-09,-9.654406345251839716e-02
-2.090454101562495391e-09,-9.686448357322004210e-02
-2.215587731563679294e-09,-9.686448357322004210e-02
-2.040097207734074573e-09,-9.678826187596180353e-02
-2.151503707423350226e-09,-9.704763239080260728e-02
-2.056858756325457054e-09,-9.684931148182265859e-02
-1.922621871485850039e-09,-9.692553317908089716e-02
-1.939419544104369208e-09,-9.715455951112693389e-02
-1.976013183593745505e-09,-9.694070527047826680e-02
-5.166704004461110762e-09,-9.919881820678715101e-02
-2.481099331017692051e-09,-9.974862589980620919e-02
-2.268979043671574346e-09,-9.964169877948186871e-02
-2.148469289143875580e-09,-9.964169877948186871e-02
-2.375797791914501963e-09,-9.976343675093221619e-02
-2.339204152425125666e-09,-9.961099335641576680e-02
-2.374316706801901120e-09,-9.961099335641576680e-02
-2.214070522423941764e-09,-9.965650963060787570e-02
-2.426154685742923196e-09,-9.967240420254798450e-02
-2.354484615903907718e-09,-9.959582126501839716e-02
-2.319335937499995578e-09,-9.991624138572004210e-02
-2.168301380041869395e-09,-9.948889414469405668e-02
-5.349816698016537753e-09,-1.015490474122943687e-01
-2.662658691406245652e-09,-1.020067388361150934e-01
-2.723708297267100073e-09,-1.020219109275124769e-01
-2.507072506528907705e-09,-1.019453279899828757e-01
-2.563462112889140717e-09,-1.020829605333733320e-01
-2.510070800781245665e-09,-1.020219109275124769e-01
-2.258286331639140743e-09,-1.021288380478368035e-01
-2.597057458126179054e-09,-1.020219109275124769e-01
-2.398700425119106698e-09,-1.019760334130489915e-01
-2.255288037386803197e-09,-1.020067388361150934e-01
-2.468925533872658018e-09,-1.020374442591812092e-01
-2.244595325354369595e-09,-1.021288380478368035e-01
-2.223209901289501977e-09,-1.018846396243933972e-01
-5.687034491336702673e-09,-1.040054812575832016e-01
-2.830490921482890590e-09,-1.042041634068344991e-01
-2.618442882191046672e-09,-1.043410734696822162e-01
-2.679492488051901507e-09,-1.043262626185562092e-01
-2.429225228049533702e-09,-1.040517200123180497e-01
-2.572673739808974303e-09,-1.043107292868874769e-01
-2.705429539535980474e-09,-1.043869509841457016e-01
-2.615372339884435752e-09,-1.044176564072118035e-01
-2.648967685121474089e-09,-1.044631726814039263e-01
-2.513141343087856585e-09,-1.042341463493578757e-01
-2.729813257853185639e-09,-1.044938781044700421e-01
-2.536007852265324633e-09,-1.043262626185562092e-01
-5.612221631136803317e-09,-1.063553492228190567e-01
-3.002983151060157765e-09,-1.066913026751894339e-01
-2.830490921482890590e-09,-1.068589181611032668e-01
-2.821387666644467477e-09,-1.068437460697058972e-01
-2.645897142814862756e-09,-1.066757693435207016e-01
-2.586364746093745451e-09,-1.066457864009973250e-01
-2.523834055120290600e-09,-1.067519910407789263e-01
-2.587918079260619255e-09,-1.067519910407789263e-01
-2.551288315744106685e-09,-1.068589181611032668e-01
-2.684044115471112856e-09,-1.068134018869111440e-01
-2.470406618985258035e-09,-1.067368189493815567e-01
-2.641345515395651407e-09,-1.069965507044937092e-01
-5.935712294145059575e-09,-1.088731939142400934e-01
-3.222653360077824779e-09,-1.093001799149947162e-01
-2.943450754339040460e-09,-1.091939752752131149e-01
-2.690185200084335109e-09,-1.092239582177364915e-01
-3.025849660237625399e-09,-1.093767628525243035e-01
-2.565051570083151206e-09,-1.090563427318226586e-01
-2.871708436445752023e-09,-1.092394915494052238e-01
-2.639756058201640917e-09,-1.091477365204782668e-01
-2.694736827503546458e-09,-1.091784419435443687e-01
-2.899234945123841481e-09,-1.093160744869348250e-01
-2.780170151681606871e-09,-1.094529845497825421e-01
-2.746574806444568121e-09,-1.093615907611269339e-01
-5.880803772897427407e-09,-1.110550851532907668e-01
-2.993771524140324592e-09,-1.115127765771114915e-01
-2.908374323989401280e-09,-1.114827936345881149e-01
-2.917477578827824392e-09,-1.113758665142637744e-01
-2.784721779100818221e-09,-1.116959253946940567e-01
-2.775582400235258008e-09,-1.115434820001775934e-01
-2.993771524140324592e-09,-1.117266308177601586e-01
-2.633687221642692037e-09,-1.115283099087802238e-01
-2.726742715546574306e-09,-1.116811145435680497e-01
-2.777099609374995538e-09,-1.117418029091575421e-01
-2.714568918401540273e-09,-1.116048928463098250e-01
-2.604679627852002150e-09,-1.117418029091575421e-01
-5.947994463371504081e-09,-1.136032740275065567e-01
-3.099109187270651366e-09,-1.139085220568108320e-01
-2.793933406020651393e-09,-1.137867840853604845e-01
-3.059445005474664150e-09,-1.141530817205256149e-01
-2.877849521058974276e-09,-1.138478336912213396e-01
-2.796967824300125626e-09,-1.138478336912213396e-01
-2.870227351333151180e-09,-1.139699329029430497e-01
-2.833561463789501923e-09,-1.138015949364864915e-01
-2.648967685121474089e-09,-1.138015949364864915e-01
-2.755786433364401293e-09,-1.137716119939631149e-01
-2.761855269923350173e-09,-1.137560786622943687e-01
-2.626065051916869355e-09,-1.136953902967048902e-01
-2.648967685121474089e-09,-1.137102011478308972e-01
-6.160042502663348412e-09,-1.160297249302719991e-01
-3.141807787346113230e-09,-1.166095155658144339e-01
-3.024296327070752010e-09,-1.162435791709206800e-01
-2.757267518477002137e-09,-1.161825295650598250e-01
-2.960248426957559215e-09,-1.166095155658144339e-01
-2.636757763949302957e-09,-1.160149140791459921e-01
-2.766479145396834895e-09,-1.162735621134440567e-01
-2.641345515395651407e-09,-1.160911357764042168e-01
-2.807624412305422955e-09,-1.161673574736624553e-01
-2.601609085545390817e-09,-1.161366520505963396e-01
-2.577225367228185652e-09,-1.164874163540927238e-01
-2.709981166955191824e-09,-1.164419000799006149e-01
-5.873181603171603897e-09,-1.183037324385209921e-01
-3.160122669104369101e-09,-1.192035819544937092e-01
-2.960248426957559215e-09,-1.190814827427719991e-01
-2.980080517855553030e-09,-1.191428935889042168e-01
-2.948002381758251810e-09,-1.189438501993815567e-01
-2.854946887854369541e-09,-1.189597447713216516e-01
-2.803036660859074506e-09,-1.187458905306729845e-01
-2.667282566879730374e-09,-1.188528176509973250e-01
-2.745093721331967691e-09,-1.190666718916459921e-01
-2.589435288400356785e-09,-1.190359664685798902e-01
-2.607750170158613070e-09,-1.192490982286858320e-01
-2.442952358361441951e-09,-1.189745556224476586e-01
-5.772431691487625572e-09,-1.208974375869289047e-01
-2.995360981334335082e-09,-1.213247848279548902e-01
-2.894611069650356758e-09,-1.217369599775834921e-01
-2.755786433364401293e-09,-1.217517708287094991e-01
-2.780170151681606871e-09,-1.215231057369348250e-01
-2.630652803363217804e-09,-1.215379165880608320e-01
-2.557393276330191837e-09,-1.215231057369348250e-01
-2.580295909534796572e-09,-1.214772282224713396e-01
-2.426154685742923196e-09,-1.217062545545173902e-01
-2.511624133948119468e-09,-1.216603770400539047e-01
-2.470406618985258035e-09,-1.216141382853190567e-01
-2.461303364146834922e-09,-1.218279925259677238e-01
-5.737355261137986392e-09,-1.237353411587802238e-01
-2.858017430160980461e-09,-1.236591194615219991e-01
-2.810694954612033875e-09,-1.237205303076542168e-01
-2.696254036643283989e-09,-1.237512357307203326e-01
-2.688595742890324619e-09,-1.239036791252367820e-01
-2.693183494336673069e-09,-1.237812186732437092e-01
-2.484169873324302970e-09,-1.239643674908262744e-01
-2.529939015706375753e-09,-1.237512357307203326e-01
-2.719120545820752037e-09,-1.241933938228723250e-01
-2.372727249607890630e-09,-1.240712946111506149e-01
-2.532973433985850400e-09,-1.241782217314749553e-01
-2.648967685121474089e-09,-1.244375922463157452e-01
-5.772431691487625572e-09,-1.261162757873535711e-01
-2.839702548402724176e-09,-1.264977455139160711e-01
-2.986149354414501910e-09,-1.266801718509558972e-01
-2.473477161291869368e-09,-1.263449408791282313e-01
-2.505519173362033902e-09,-1.263601129705256010e-01
-2.598610791293053270e-09,-1.268178043943463396e-01
-2.504001964222296785e-09,-1.263601129705256010e-01
-2.569603197502362970e-09,-1.269399036060680497e-01
-2.406322594844929381e-09,-1.261924974846117820e-01
-2.441399025194568147e-09,-1.268636819088098111e-01
-2.346862446178085036e-09,-1.266346555767637605e-01
-2.383419961640324646e-09,-1.263449408791282313e-01
-2.224763234456375780e-09,-1.266346555767637605e-01
-5.569523031061341454e-09,-1.286034150557084921e-01
-2.688595742890324619e-09,-1.291980165423769478e-01
-2.598610791293053270e-09,-1.288320801474831800e-01
-2.595540248986441937e-09,-1.291828444509795781e-01
-2.282742298010619281e-09,-1.290455731478604706e-01
-2.392631588560157818e-09,-1.290304010564631010e-01
-2.403252052538318461e-09,-1.291217948451187092e-01
-2.386490503946935566e-09,-1.291066227537213396e-01
-2.467372200705783802e-09,-1.290918119025953326e-01
-2.357482910156245678e-09,-1.291680335998535711e-01
-2.288811134569568161e-09,-1.290455731478604706e-01
-2.259875788833151233e-09,-1.290304010564631010e-01
-5.450494361646242704e-09,-1.310901930837920781e-01
-2.652038227428085009e-09,-1.314568519592285711e-01
-2.566532655195752050e-09,-1.314568519592285711e-01
-2.301057179768875566e-09,-1.311823093529903839e-01
-2.450610652114401320e-09,-1.313806302619703326e-01
-2.404805385705191851e-09,-1.311667760213216516e-01
-2.412463679458151220e-09,-1.314261465361624415e-01
-2.076763095277724243e-09,-1.311060876557321730e-01
-2.215587731563679294e-09,-1.310753822326660711e-01
-2.113356734767100126e-09,-1.311208985068581800e-01
-2.191204013246474129e-09,-1.312278256271825205e-01
-2.040097207734074573e-09,-1.310598489009973111e-01
-5.586320703679860208e-09,-1.331658796830611224e-01
-2.650448770234074519e-09,-1.335166439865575205e-01
-2.563462112889140717e-09,-1.334555943806966516e-01
-2.404805385705191851e-09,-1.334248889576305497e-01
-2.275120128284796599e-09,-1.332113959572532313e-01
-2.323959812973480301e-09,-1.332265680486506010e-01
-2.201896725278907732e-09,-1.333183230775775718e-01
-2.211036104144467531e-09,-1.333027897459088396e-01
-2.101146813594928994e-09,-1.335625215010209921e-01
-2.230832071015324659e-09,-1.336080377752131010e-01
-2.035545580314862810e-09,-1.335318160779548902e-01
-1.881404356522989433e-09,-1.334555943806966516e-01
-5.561900861335518771e-09,-1.358206344373298902e-01
-2.453645070393875553e-09,-1.362176374955611224e-01
-2.368175622188679281e-09,-1.362783258611506010e-01
-2.247665867660980101e-09,-1.361713987408262605e-01
-2.316337643247658032e-09,-1.357899290142637605e-01
-1.847881259340224056e-09,-1.357444127400716516e-01
-2.201896725278907732e-09,-1.360651941010446730e-01
-2.003467444217561589e-09,-1.359886111635150718e-01
-2.037062789454600340e-09,-1.358661507115219991e-01
-1.977566516760619308e-09,-1.354698701338334921e-01
-1.860055056485258088e-09,-1.356837243744821730e-01
-1.919551329179239120e-09,-1.361107103752367820e-01
-5.131591450084334895e-09,-1.381401582197709921e-01
-2.346862446178085036e-09,-1.384450450088038909e-01
-2.207965561837856611e-09,-1.385371612780022244e-01
-2.247665867660980101e-09,-1.384909225232673902e-01
-2.133224949692230214e-09,-1.385826775521943610e-01
-2.011089613943384685e-09,-1.388424093073065135e-01
-1.866123893044206968e-09,-1.384147008260091516e-01
-1.863125598791869421e-09,-1.383839954029430497e-01
-2.049236586599634785e-09,-1.388117038842403839e-01
-1.968391013867922822e-09,-1.387354821869821730e-01
-1.838669632420390677e-09,-1.388265147353663909e-01
-1.983635353319568188e-09,-1.387809984611742820e-01
-1.881404356522989433e-09,-1.389186310045647244e-01
-5.079717347116176960e-09,-1.406269362478545781e-01
-2.320889270666869381e-09,-1.411153330947413909e-01
-2.003467444217561589e-09,-1.412529656381318610e-01
-2.098076271288318488e-09,-1.411312276666815135e-01
-1.870747768517691691e-09,-1.410391113974831800e-01
-1.890579859415685506e-09,-1.411919160322709921e-01
-1.892097068555423036e-09,-1.409321842771588396e-01
-1.918034120039502003e-09,-1.410849889119466516e-01
-1.899719238281245305e-09,-1.412529656381318610e-01
-1.721194296172166557e-09,-1.409321842771588396e-01
-1.831047462694568408e-09,-1.413898757009795781e-01
-1.657146396058974176e-09,-1.412681377295292307e-01
-4.861492099183974102e-09,-1.428095499674479629e-01
-2.137776577111441977e-09,-1.435262506658381010e-01
-1.872264977657429221e-09,-1.430226817275538909e-01
-1.910411950313679321e-09,-1.433434630885269123e-01
-1.905860322894467558e-09,-1.434041514541163909e-01
-1.705913832693384505e-09,-1.434962677233147244e-01
-1.731887008204600160e-09,-1.433279297568581800e-01
-1.557949817541869448e-09,-1.434807343916459921e-01
-1.632690429687495432e-09,-1.435724894205729629e-01
-1.669320193204008208e-09,-1.434348568771825205e-01
-1.570159738714040374e-09,-1.436638832092285711e-01
-1.495346878514141017e-09,-1.433586351799242820e-01
-4.878289771802492857e-09,-1.454643047217167307e-01
-1.995845274491739320e-09,-1.458613077799479629e-01
-1.786831653479369428e-09,-1.457695527510209921e-01
-1.474033702503546772e-09,-1.459675124197295781e-01
-1.881404356522989433e-09,-1.460596286889278839e-01
-1.652522520585489247e-09,-1.457998969338157313e-01
-1.602165626757068221e-09,-1.457388473279548902e-01
-1.495346878514141017e-09,-1.459068240541400718e-01
-1.580852450746474183e-09,-1.460289232658617820e-01
-1.451131069298942037e-09,-1.459675124197295781e-01
-1.475550911643283889e-09,-1.459834069916696730e-01
-1.109325524532429287e-09,-1.455860426931670781e-01
-4.631093054106736799e-09,-1.476003184463038909e-01
-1.840259089614401373e-09,-1.482870362021706800e-01
-1.722747629339040360e-09,-1.483177416252367820e-01
-1.647934769139140797e-09,-1.483025695338394123e-01
-1.605236169063679141e-09,-1.484860795916933540e-01
-1.358039451367922876e-09,-1.483025695338394123e-01
-1.606753378203416464e-09,-1.483939633224950205e-01
-1.522801139137957308e-09,-1.480583711103959921e-01
-1.379424875432790287e-09,-1.481956424135150718e-01
-1.385493711991739167e-09,-1.481194207162568610e-01
-9.536670916008183812e-10,-1.479518052303430142e-01
-1.141331412575457341e-09,-1.482108145049124415e-01
-4.615848714655091434e-09,-1.500881801952015648e-01
-1.782207778005884705e-09,-1.506220933162805142e-01
-1.683047323515916457e-09,-1.508355863166578326e-01
-1.477031996755884525e-09,-1.504844607728900718e-01
-1.365661621093745558e-09,-1.505758545615456800e-01
-1.507556799686311736e-09,-1.506220933162805142e-01
-1.245079618511773626e-09,-1.502557956811153839e-01
-1.548774314649172756e-09,-1.505151661959561737e-01
-1.171856215505884345e-09,-1.503934282245058540e-01
-1.106254982225818368e-09,-1.506220933162805142e-01
-1.025409409494106611e-09,-1.503934282245058540e-01
-1.290884884920982888e-09,-1.505458716190223034e-01
-1.139850327462856498e-09,-1.506372654076778839e-01
-4.415974472508281548e-09,-1.526056636463512528e-01
-1.547257105509435639e-09,-1.532157984646884408e-01
-1.394669214884435652e-09,-1.528957395842581446e-01
-1.277157754609074639e-09,-1.529871333729137528e-01
-1.126087073123811769e-09,-1.527888124639338041e-01
-1.246669075705783909e-09,-1.531395767674302022e-01
-1.399256966330783895e-09,-1.528343287381259408e-01
-1.071178551876179187e-09,-1.527732791322650718e-01
-1.078800721602002077e-09,-1.528802062525894123e-01
-8.880658583207519902e-10,-1.529719612815163832e-01
-1.040653748945751977e-09,-1.526515411608147244e-01
-9.033463217995339388e-10,-1.529567891901190135e-01
-4.283218672781274963e-09,-1.553828788526130933e-01
-1.615928881096112950e-09,-1.560847686998772244e-01
-1.293919303200457328e-09,-1.561302849740693610e-01
-1.185619469844929281e-09,-1.555963718529903839e-01
-1.194758848710489080e-09,-1.563134337916519123e-01
-1.025409409494106611e-09,-1.557643485791755933e-01
-1.342758987889141030e-09,-1.562220400029963041e-01
-9.170373280843053976e-10,-1.565272880323005933e-01
-9.292833732836129065e-10,-1.563289671233206446e-01
-1.120018236564862890e-09,-1.561154741229433540e-01
-5.004911711721664574e-10,-1.557184710647120940e-01
-7.766954826586130232e-10,-1.557032989733147244e-01
-4.148873415860258301e-09,-1.581293886358088041e-01
-1.460270448164502043e-09,-1.586177854826956446e-01
-1.367214954260619361e-09,-1.586022521510269123e-01
-9.505965492942072548e-10,-1.585719079682321730e-01
-1.089493433634435679e-09,-1.584805141795765648e-01
-1.072695761015916511e-09,-1.585108583623713041e-01
-8.849953160141409672e-10,-1.583428816361861224e-01
-5.859606193773629365e-10,-1.581904382416696730e-01
-7.690733129327903405e-10,-1.582666599389278839e-01
-9.033463217995339388e-10,-1.585260304537686737e-01
-7.339246345288780970e-10,-1.584649808479078326e-01
-6.042393771084828451e-10,-1.581445607272061737e-01
-3.558353944258251756e-09,-1.596704396334561737e-01
-1.152024124607890944e-09,-1.600826147830848034e-01
-9.658770127729891000e-10,-1.598994659655022244e-01
-8.788903554280554010e-10,-1.602350581776012528e-01
-9.903329791444676378e-10,-1.602961077834620940e-01
-8.117719130082519969e-10,-1.600826147830848034e-01
-1.000953443122628074e-09,-1.602809356920647244e-01
-6.149320891409165508e-10,-1.602654023603959921e-01
-3.463860714074293026e-10,-1.601436643889456446e-01
-2.548477866432838922e-10,-1.598839326338334921e-01
-1.815521355831217296e-10,-1.599605155713630933e-01
-3.448327382405554477e-10,-1.598232442682440135e-01
-3.886468482739992737e-09,-1.617912812666459921e-01
-1.136779785156245578e-09,-1.621272347190163832e-01
-7.675199797659165374e-10,-1.623407277193936737e-01
-5.981705405495338621e-10,-1.621727509932084921e-01
-6.607012315229891267e-10,-1.624779990225127813e-01
-7.095409162116728291e-10,-1.623407277193936737e-01
-8.788903554280554010e-10,-1.625542207197709921e-01
-4.439931927305234374e-10,-1.620510130217581446e-01
-5.188060529304228458e-10,-1.622796781135328326e-01
-5.553996924197991427e-10,-1.623103835365989345e-01
-5.706440318714444047e-10,-1.621727509932084921e-01
-8.697943253950195695e-11,-1.618219866897120940e-01
-2.548477866432838922e-10,-1.621579401420824851e-01
-3.665244940555452333e-09,-1.645078081073183540e-01
-7.537928494540083919e-10,-1.647823507135565135e-01
-4.668958259351282238e-10,-1.647213011076956446e-01
-7.033998315984507830e-10,-1.651027708342581446e-01
-4.959034197258182145e-10,-1.651638204401190135e-01
-4.775885379675618261e-10,-1.647213011076956446e-01
-5.202871380430234824e-10,-1.649044499252782237e-01
-3.906018806226281271e-10,-1.647671786221591439e-01
-1.297141566421001965e-10,-1.648585724108147244e-01
-1.006704388242735063e-10,-1.649044499252782237e-01
-2.258040688254572149e-10,-1.647213011076956446e-01
-2.609166232022327717e-10,-1.648434003194173547e-01
-3.753712683012986152e-09,-1.668421427408854629e-01
-7.033998315984507830e-10,-1.676357876170765648e-01
-4.638252836285170974e-10,-1.675292217370235870e-01
-3.769108743378566166e-10,-1.675136884053548547e-01
-1.708955475778246330e-10,-1.674678108908913832e-01
-4.028118017947991044e-10,-1.673764171022357750e-01
-5.065961317582519202e-10,-1.674222946166992743e-01
-2.258040688254572149e-10,-1.674829829822887528e-01
-2.899242169929228658e-10,-1.672694899819114345e-01
-2.151113567930235092e-10,-1.670863411643288832e-01
-3.540082411332519853e-10,-1.678799860405199851e-01
-1.311952417547008073e-10,-1.675595659198183540e-01
-3.677418737700486366e-09,-1.694210370381673547e-01
-6.942604527328909839e-10,-1.697414571588690135e-01
-3.540082411332519853e-10,-1.692378882205848034e-01
-1.266436143354891735e-10,-1.693599874323065135e-01
-2.596595070578390901e-11,-1.695738416729551667e-01
-6.104238105542287296e-11,-1.693751595237038832e-01
-5.645462960907463005e-11,-1.692837657350482750e-01
-4.883245988325195383e-11,-1.693599874323065135e-01
7.224805431760967084e-15,-1.692989378264456446e-01
-7.321617820045720238e-11,-1.693599874323065135e-01
1.831199183608590685e-10,-1.692378882205848034e-01
2.594138636733590877e-10,-1.692227161291874338e-01
-3.662174398248841414e-09,-1.715725840944232750e-01
-3.921552137895019302e-10,-1.717405608206084844e-01
-5.183075413558977806e-11,-1.713132135795824851e-01
-1.205025297222671016e-10,-1.714963623971650641e-01
-6.711121761437173959e-11,-1.715267065799598034e-01
-7.321617820045720238e-11,-1.719695871526545072e-01
-1.525806658195682446e-10,-1.718930042151249338e-01
2.446319117691021526e-11,-1.715881174260920072e-01
8.847496726296607773e-11,-1.716029282772180142e-01
6.716179125237185866e-11,-1.717557329120058540e-01
6.102070663914979970e-11,-1.717253887292110870e-01
1.587000760165172173e-10,-1.715115344885624338e-01
-3.408836595939863103e-09,-1.740142070885860870e-01
-4.745179956609508031e-10,-1.744718985124068256e-01
-7.628672050706823833e-11,-1.742277000889634053e-01
-9.918935371167286962e-11,-1.745026039354729275e-01
-1.098820657441065882e-10,-1.740748954541755933e-01
8.847496726296607773e-11,-1.739376241510565135e-01
4.122473976829278759e-11,-1.741666504831025641e-01
-9.132154060128134658e-12,-1.741359450600364345e-01
1.587000760165172173e-10,-1.740293791799834844e-01
9.006442445697650287e-11,-1.738306970307321730e-01
1.770510818019102148e-10,-1.739679683338512528e-01
1.602172851562544372e-10,-1.741818225744999338e-01
1.770510818019102148e-10,-1.741207729686390648e-01
-3.210479562932789920e-09,-1.765316905397357750e-01
-1.144336931633182350e-10,-1.769131602662982750e-01
5.495187008020093307e-11,-1.769131602662982750e-01
4.577636718750444079e-11,-1.767914222948479275e-01
2.746148542924804595e-11,-1.768521106604374338e-01
9.154550956957712660e-11,-1.769438656893643769e-01
1.541484485973055835e-10,-1.769742098721591439e-01
1.877437938343439205e-10,-1.769893819635565135e-01
2.166791395707608223e-10,-1.770504315694173547e-01
9.309884273645092973e-11,-1.772184082956025641e-01
2.106103030118119686e-10,-1.769590377807617743e-01
2.884214574640491818e-10,-1.770811369924834844e-01
-3.044200666023018785e-09,-1.791868065342759053e-01
-1.571684172659164875e-10,-1.793851274432558540e-01
1.129309336344445380e-10,-1.795223987463749338e-01
1.037554307417480522e-10,-1.792019786256732750e-01
1.846732515277328975e-10,-1.792326840487393769e-01
2.319596030495427967e-10,-1.790191910483620863e-01
1.541484485973055835e-10,-1.793851274432558540e-01
3.250512209805619585e-10,-1.792630282315341439e-01
2.288890607429317737e-10,-1.790802406542229275e-01
1.816027092211218745e-10,-1.792630282315341439e-01
1.389041091456602182e-10,-1.794461770491166952e-01
3.189462603944764957e-10,-1.795989816839045072e-01
-2.983151060162163950e-09,-1.815063303167170072e-01
-5.645462960907463005e-11,-1.815063303167170072e-01
1.251408548066154894e-10,-1.815518465909091439e-01
2.182324727376346513e-10,-1.814452807108561661e-01
2.121275121515491885e-10,-1.815825520139752458e-01
1.968470486727672398e-10,-1.815215024081143769e-01
3.219806786739509355e-10,-1.815977241053726154e-01
2.090569698449381654e-10,-1.816894791342995863e-01
4.760857784386880903e-10,-1.814452807108561661e-01
4.471143086751345795e-10,-1.816436016198360870e-01
4.166256297718439522e-10,-1.815518465909091439e-01
4.562536875406945338e-10,-1.813383535905318256e-01
-2.653519312540685852e-09,-1.835661223440459844e-01
-1.368378147933978301e-11,-1.839324199792110870e-01
1.770510818019102148e-10,-1.840696912823301667e-01
2.319596030495427967e-10,-1.837796153444232750e-01
2.838337060177009389e-10,-1.840393470995354275e-01
2.487572756680619652e-10,-1.840545191909327971e-01
3.311200575395107864e-10,-1.842680121913101154e-01
1.510779062906945347e-10,-1.841766184026545072e-01
3.418127695719445438e-10,-1.838865424647476154e-01
3.738547816421090777e-10,-1.841462742198597680e-01
5.325476328531945788e-10,-1.838865424647476154e-01
3.387422272653335208e-10,-1.836730494643702971e-01
-2.667282566879730374e-09,-1.862060662471887174e-01
9.006442445697650287e-11,-1.865568305506851154e-01
3.906524542606282462e-10,-1.860687949440696376e-01
4.593242298473056085e-10,-1.870755715803666952e-01
3.174290512547392759e-10,-1.861753608241226154e-01
4.638758572665172165e-10,-1.864195592475660357e-01
4.257288846102672198e-10,-1.863126321272416952e-01
4.135550874652328774e-10,-1.864195592475660357e-01
5.585208083644102331e-10,-1.862364104299834844e-01
5.737651478160555985e-10,-1.866792910026781882e-01
5.264426722671090126e-10,-1.866792910026781882e-01
8.773875958991816652e-10,-1.861753608241226154e-01
5.752823569557927150e-10,-1.865264863678903762e-01
-2.636757763949302957e-09,-1.888001326358680065e-01
1.510779062906945347e-10,-1.887390830300071376e-01
3.036657969156945471e-10,-1.886321559096827971e-01
3.540226907441154694e-10,-1.886776721838749338e-01
3.174290512547392759e-10,-1.887845993041992743e-01
5.249254631273717927e-10,-1.888611822417288477e-01
6.012194084398717860e-10,-1.887694272128018769e-01
6.729617263331602231e-10,-1.886169838182854275e-01
7.232824961344445621e-10,-1.886014504866166952e-01
7.232824961344445621e-10,-1.885100566979610870e-01
7.125897841020108564e-10,-1.887694272128018769e-01
5.966677810206602298e-10,-1.885866396354906882e-01
-2.694736827503546458e-09,-1.909058021776604275e-01
2.441334001945770874e-10,-1.911041230866403762e-01
4.348682634758271741e-10,-1.911651726925012174e-01
4.333871783632265374e-10,-1.909361463604551667e-01
7.095192417953998334e-10,-1.908144083890048470e-01
4.913301178903334557e-10,-1.911041230866403762e-01
6.531296354351666148e-10,-1.907837029659387174e-01
7.950248140277329991e-10,-1.906464316628196376e-01
6.302270022305619835e-10,-1.908906300862630578e-01
7.828148928555619701e-10,-1.907988750573360870e-01
7.812615596886881670e-10,-1.909361463604551667e-01
5.432403448856282845e-10,-1.909209742690577971e-01
-2.465854991566046685e-09,-1.933167197487571376e-01
2.533450271144102081e-10,-1.936371398694587964e-01
5.478280963319765274e-10,-1.933777693546180065e-01
5.829045266816155010e-10,-1.937288948983857673e-01
5.981488661332608664e-10,-1.935609181722005578e-01
7.476662144516498300e-10,-1.936371398694587964e-01
8.651776747270108430e-10,-1.934084747776841084e-01
6.164637478915171514e-10,-1.936371398694587964e-01
4.700169418797393142e-10,-1.937437057495117743e-01
7.812615596886881670e-10,-1.936830173839222680e-01
7.156603264086217760e-10,-1.934691631432735870e-01
9.140173594156945454e-10,-1.938354607784387174e-01
-2.398700425119106698e-09,-1.964754046815814781e-01
3.234978878136881554e-10,-1.966888976819587964e-01
6.057710358590835491e-10,-1.967044310136275287e-01
4.211772571910556118e-10,-1.966581922588926667e-01
4.653930664062544363e-10,-1.965209209557735870e-01
9.643742532441154676e-10,-1.962312062581380578e-01
7.995764414469445554e-10,-1.968720464995413477e-01
8.178913232052009438e-10,-1.966278480760979275e-01
8.651776747270108430e-10,-1.963836496526545072e-01
7.354924173066154877e-10,-1.965975038933031882e-01
9.033246473832608397e-10,-1.963377721381910357e-01
1.077297962073128238e-09,-1.965667984702370863e-01
-2.479545997850818248e-09,-1.989777160413337964e-01
3.631981936368119552e-10,-1.990387656471946376e-01
5.844578598484893042e-10,-1.987335176178903762e-01
9.674447955507263872e-10,-1.986724680120295072e-01
7.858131871078998267e-10,-1.989014943440755578e-01
9.201584440289166948e-10,-1.988404447382147167e-01
9.354027834805620602e-10,-1.988252726468173470e-01
1.055912538008260826e-09,-1.989014943440755578e-01
6.637500994133271540e-10,-1.988404447382147167e-01
9.811719258626346361e-10,-1.987490509495591084e-01
1.014767271099672973e-09,-1.988559780698834489e-01
1.149040279966416675e-09,-1.986572959206321376e-01
1.101681680390333402e-09,-1.988559780698834489e-01
-2.151503707423350226e-09,-2.010071638858680065e-01
6.226048325047393008e-10,-2.010837468233975800e-01
8.911508502382264973e-10,-2.007781375538219559e-01
5.325476328531945788e-10,-2.014038057038278762e-01
1.051360910589049063e-09,-2.009612863714045072e-01
1.132206483320760820e-09,-2.010378693089341084e-01
1.023906649965232979e-09,-2.010530414003314781e-01
1.153591907385628231e-09,-2.010530414003314781e-01
1.001004016760628244e-09,-2.012210181265166875e-01
1.037669904304277501e-09,-2.011447964292584489e-01
1.074227419766517111e-09,-2.009768197030732673e-01
8.239601597641498233e-10,-2.014955607327548470e-01
1.196326631488226367e-09,-2.016480041272712964e-01
1.150521365079017105e-09,-2.015414382472183186e-01
1.211570970939871939e-09,-2.013427560979670072e-01
1.109339974143292772e-09,-2.012210181265166875e-01
1.161214077111450914e-09,-2.011903127034505578e-01
1.319943052349672946e-09,-2.013427560979670072e-01
1.333634058634444509e-09,-2.013124119151722680e-01
1.185633919455792765e-09,-2.012972398237748983e-01
1.458767688635628204e-09,-2.010071638858680065e-01
1.208500428633260813e-09,-2.014652165499600800e-01
4.391569079774803388e-09,-1.991305206761216084e-01
1.820405324300134563e-09,-1.987335176178903762e-01
1.705964406331384676e-09,-1.987793951323538477e-01
1.548824888287172926e-09,-1.988097393151485870e-01
1.664783015395660343e-09,-1.987490509495591084e-01
1.467907067501188210e-09,-1.988863222526781882e-01
1.635739297577833562e-09,-1.987490509495591084e-01
1.763943469885628178e-09,-1.988252726468173470e-01
1.663265806255923020e-09,-1.985962463147712964e-01
1.640363173051318285e-09,-1.987945672237512174e-01
1.699859445745299110e-09,-1.988404447382147167e-01
1.698342236605561787e-09,-1.987490509495591084e-01
1.655643636530100130e-09,-1.988097393151485870e-01
4.937836618134473439e-09,-1.967954635620117743e-01
2.055428244850856589e-09,-1.966737255905614268e-01
2.145413196448127937e-09,-1.960939349550189781e-01
1.808231527155100117e-09,-1.965975038933031882e-01
1.995895848129739284e-09,-1.963836496526545072e-01
1.864693381569606915e-09,-1.964754046815814781e-01
1.974510424064872079e-09,-1.964295271671180065e-01
1.963889960086711437e-09,-1.965057488643762174e-01
2.070672584302501954e-09,-1.961091070464163477e-01
2.162246993093783792e-09,-1.961853287436745863e-01
2.012657396721121766e-09,-1.964295271671180065e-01
2.014210729887995982e-09,-1.964139938354492743e-01
5.284229914347335259e-09,-1.938202886870413477e-01
2.520814086451679645e-09,-1.935609181722005578e-01
2.380436116998850377e-09,-1.937744111725778762e-01
2.435344638246482959e-09,-1.934846964749423470e-01
2.330079223170429558e-09,-1.933622360229492743e-01
2.240022023518884422e-09,-1.936830173839222680e-01
2.238540938406283993e-09,-1.935457460808031882e-01
2.256783572110267318e-09,-1.933777693546180065e-01
2.314834883718783779e-09,-1.937437057495117743e-01
2.398750998757106662e-09,-1.934084747776841084e-01
2.273617368755923173e-09,-1.933622360229492743e-01
2.194252881136811640e-09,-1.937437057495117743e-01
5.540566010908651530e-09,-1.913483215100837964e-01
2.795465064771252201e-09,-1.908754579948656882e-01
2.519260753284805428e-09,-1.908292192401308540e-01
2.586415319731745415e-09,-1.910734176635742743e-01
2.620010664968783752e-09,-1.910734176635742743e-01
2.623081207275395086e-09,-1.911196564183091084e-01
2.421653631961711397e-09,-1.911500006011038477e-01
2.575722607699311813e-09,-1.910734176635742743e-01
2.540646177349673046e-09,-1.909209742690577971e-01
2.833612037427501887e-09,-1.908754579948656882e-01
2.554409431688717568e-09,-1.909668517835212964e-01
2.609317952936350150e-09,-1.912569277214281882e-01
5.828980243567268608e-09,-1.890591419104374338e-01
2.984646594885628071e-09,-1.888001326358680065e-01
2.932808615944606822e-09,-1.885866396354906882e-01
2.888520558675134469e-09,-1.886473280010801667e-01
2.883968931255923120e-09,-1.887542551214045072e-01
2.519260753284805428e-09,-1.887390830300071376e-01
2.594037489457568098e-09,-1.889525760303844559e-01
2.783291267626217755e-09,-1.887694272128018769e-01
3.051801161332568472e-09,-1.887542551214045072e-01
2.761905843561350137e-09,-1.892271186366226154e-01
2.728310498324311800e-09,-1.891205527565696376e-01
2.734451582937534053e-09,-1.890287977276426667e-01
2.682541355942239431e-09,-1.890443310593114268e-01
5.854917295051347576e-09,-1.870911049120354275e-01
3.269990285237634642e-09,-1.863126321272416952e-01
3.083843173402732592e-09,-1.867248072768702971e-01
2.902283813014179405e-09,-1.866637576710094559e-01
3.041108449300134456e-09,-1.861753608241226154e-01
2.987717137192239404e-09,-1.862822879444469559e-01
2.864136840357929718e-09,-1.864502646706321376e-01
2.977024425159805802e-09,-1.863126321272416952e-01
2.961780085708160436e-09,-1.863740429733739268e-01
2.885486140395660236e-09,-1.864957809448242743e-01
2.825989867701679618e-09,-1.864654367620295072e-01
2.943501327977040424e-09,-1.865723638823538477e-01
6.169232455166907762e-09,-1.844052834944291952e-01
3.512635375514179351e-09,-1.841155687967936661e-01
3.279201912157467815e-09,-1.841462742198597680e-01
3.146446112430461230e-09,-1.840393470995354275e-01
3.120472936919245575e-09,-1.839934695850719559e-01
3.311207800200495662e-09,-1.841766184026545072e-01
3.337180975711711316e-09,-1.837951486760920072e-01
3.245606566920429478e-09,-1.838713703733502458e-01
3.263921448678686176e-09,-1.841155687967936661e-01
3.230362227468783699e-09,-1.842373067682440135e-01
3.035039612741185576e-09,-1.842373067682440135e-01
3.076221003676910323e-09,-1.842069625854492743e-01
5.990707513057829221e-09,-1.821164651350541952e-01
3.486698324030100383e-09,-1.823151472843055065e-01
3.294446251609112767e-09,-1.818722667116107750e-01
3.639286214655100370e-09,-1.817808729229551667e-01
3.399711666685166581e-09,-1.817349954084916952e-01
3.450104684540723673e-09,-1.817198233170943256e-01
3.346284230550134429e-09,-1.816280682881673547e-01
3.190661921645659796e-09,-1.818419225288160357e-01
3.288341291023027200e-09,-1.817198233170943256e-01
3.337180975711711316e-09,-1.819181442260742743e-01
3.413474921024211516e-09,-1.815825520139752458e-01
3.350908106023619565e-09,-1.819947271636038477e-01
6.240974773060196199e-09,-1.799194018046061661e-01
3.788803562973488610e-09,-1.795072266549775641e-01
3.669811017585527374e-09,-1.795072266549775641e-01
3.497391036062533986e-09,-1.791409290198124338e-01
3.598068699692238937e-09,-1.791868065342759053e-01
3.515705917820790271e-09,-1.793547832604610870e-01
3.466866233132106568e-09,-1.796596700494940135e-01
3.416509339303686163e-09,-1.794920545635801667e-01
3.578236608794245535e-09,-1.798735242901426667e-01
3.447034142234112753e-09,-1.794617103807854275e-01
3.532467466412173166e-09,-1.794154716260505933e-01
3.311207800200495662e-09,-1.798886963815400641e-01
6.538492260557236803e-09,-1.776453942963571730e-01
3.923112695867369412e-09,-1.773253354159268769e-01
3.750656590317239337e-09,-1.772794579014634053e-01
3.797979065866186336e-09,-1.771877028725364345e-01
3.582824360240593985e-09,-1.771573586897416952e-01
3.474488402857929665e-09,-1.772639245697946730e-01
3.729343414306644678e-09,-1.773708516901190135e-01
3.593517072273027587e-09,-1.770811369924834844e-01
3.633217378096151490e-09,-1.769590377807617743e-01
3.749139381177501807e-09,-1.770352594780199851e-01
3.479076154304277287e-09,-1.770352594780199851e-01
3.761349302349672939e-09,-1.769131602662982750e-01
3.454656311959935850e-09,-1.770049152952252458e-01
6.492723118175164020e-09,-1.747616132100423547e-01
4.142819028912173113e-09,-1.739986737569173547e-01
3.883412390044245095e-09,-1.742584055120295072e-01
3.921559362700495195e-09,-1.742277000889634053e-01
3.926147114146843645e-09,-1.743039217862216439e-01
3.811706196178094172e-09,-1.743494380604137528e-01
3.967328505082568805e-09,-1.739224520596591439e-01
3.807118444731745722e-09,-1.743801434834798547e-01
3.865097508285988810e-09,-1.743494380604137528e-01
3.930770989620328781e-09,-1.743956768151485870e-01
3.889553474657467761e-09,-1.743956768151485870e-01
3.724755662860297056e-09,-1.745026039354729275e-01
6.868087884151579041e-09,-1.721220305471709844e-01
4.441925973603223793e-09,-1.715574120030259053e-01
4.133679650046612900e-09,-1.716184616088867743e-01
4.084839965357929198e-09,-1.716643391233502458e-01
3.971916256528916427e-09,-1.717709050034032237e-01
3.834572705355562220e-09,-1.716643391233502458e-01
3.910866650668062420e-09,-1.716643391233502458e-01
3.958225250244144452e-09,-1.717557329120058540e-01
3.906315023248850657e-09,-1.715881174260920072e-01
4.019238732077862600e-09,-1.715725840944232750e-01
4.106225389422797229e-09,-1.713894352768407237e-01
3.924629905007106115e-09,-1.715574120030259053e-01
6.733814875284835753e-09,-1.696652354616107750e-01
4.440372640436350403e-09,-1.696193579471473034e-01
4.150441198637995795e-09,-1.695276029182203326e-01
4.153511740944606715e-09,-1.698635563705907237e-01
4.048246325868553314e-09,-1.694365703698360870e-01
4.077217795632106515e-09,-1.695127920670943256e-01
3.912419983834935809e-09,-1.697873346733324851e-01
4.031448653250033732e-09,-1.695738416729551667e-01
3.944461995905100757e-09,-1.695127920670943256e-01
3.997853308012995395e-09,-1.694513812209620940e-01
3.927700447313717861e-09,-1.693903316151012528e-01
4.046692992701679925e-09,-1.692837657350482750e-01
6.808591611457598423e-09,-1.677730589201956446e-01
4.394603498054277621e-09,-1.673915891936331446e-01
4.359490943677501753e-09,-1.671477520104610870e-01
4.084839965357929198e-09,-1.670863411643288832e-01
4.077217795632106515e-09,-1.673915891936331446e-01
4.287784749811350830e-09,-1.672239737077193256e-01
4.191658713600855988e-09,-1.673001954049775641e-01
4.100120428836711250e-09,-1.671780961932558540e-01
4.322933428215262557e-09,-1.673764171022357750e-01
4.283196998365002381e-09,-1.674222946166992743e-01
4.173343831842600530e-09,-1.673457116791696730e-01
4.245050025708752280e-09,-1.669187256784150641e-01
7.063446622906313850e-09,-1.651638204401190135e-01
4.498387828017730178e-09,-1.646602515018348034e-01
4.625038667158651610e-09,-1.644922747756495940e-01
4.327485055634473493e-09,-1.647057677760269123e-01
4.370183655709936183e-09,-1.646450794104374338e-01
4.321343971021251653e-09,-1.648434003194173547e-01
4.339694976806644625e-09,-1.647364731990930142e-01
4.234357313676318678e-09,-1.650568933197946730e-01
4.222183516531284232e-09,-1.651027708342581446e-01
4.362561485984112673e-09,-1.648892778338808540e-01
4.107742598562533932e-09,-1.649654995311390648e-01
4.116918101455230004e-09,-1.646909569249009053e-01
4.283196998365002381e-09,-1.646602515018348034e-01
7.101593595562563950e-09,-1.626918532631614345e-01
4.695191527857929144e-09,-1.625697540514397244e-01
4.513668291496512230e-09,-1.626004594745058540e-01
4.417470007231745669e-09,-1.623103835365989345e-01
4.329002264774211023e-09,-1.621424068104137528e-01
4.213044137665724020e-09,-1.622796781135328326e-01
4.458687522194606688e-09,-1.621120626276190135e-01
4.325931722467600930e-09,-1.620203075986920427e-01
4.464828606807828527e-09,-1.621424068104137528e-01
4.327485055634473493e-09,-1.621424068104137528e-01
4.286267540671613300e-09,-1.624017773252545427e-01
4.245050025708752280e-09,-1.625394098686449851e-01
7.304502255988848069e-09,-1.606931108416933540e-01
4.693710442745329128e-09,-1.600063930858265648e-01
4.502975579464078628e-09,-1.601281310572769123e-01
4.362561485984112673e-09,-1.603723294807203326e-01
4.573128440163356161e-09,-1.601891806631377813e-01
4.554813558405100703e-09,-1.602350581776012528e-01
4.264882116606745268e-09,-1.600826147830848034e-01
4.585338361335527294e-09,-1.600367372686213041e-01
4.481590155399211423e-09,-1.601588364803430142e-01
4.490765658291907495e-09,-1.600674426916874338e-01
4.272504286332568778e-09,-1.599605155713630933e-01
4.582303943056053061e-09,-1.598077109365752813e-01
7.083242589777170979e-09,-1.584953250307025718e-01
4.870682051687534279e-09,-1.582818320303252813e-01
4.612828745986480478e-09,-1.580531669385505933e-01
4.605206576260657795e-09,-1.580072894240870940e-01
4.577680067582568751e-09,-1.581293886358088041e-01
4.605206576260657795e-09,-1.581445607272061737e-01
4.509044416023027093e-09,-1.581445607272061737e-01
4.666256182121511803e-09,-1.582973653619940135e-01
4.660115097508290791e-09,-1.582056103330670427e-01
4.426681634151578427e-09,-1.580531669385505933e-01
4.460240855361480078e-09,-1.582207824244644123e-01
4.559437433878585013e-09,-1.578241406065045427e-01
7.399111083059604554e-09,-1.558405702764338041e-01
4.831017869891546649e-09,-1.554435672182025718e-01
4.937836618134473439e-09,-1.556270772760565135e-01
4.679947188406283779e-09,-1.557340043963808540e-01
4.770004388057828501e-09,-1.553370013381495940e-01
4.751653382272436356e-09,-1.554132230354078326e-01
4.606723785400394498e-09,-1.557488152475068610e-01
4.716576951922797176e-09,-1.556115439443877813e-01
4.444996515909835540e-09,-1.554898059729374338e-01
4.376324740323158022e-09,-1.558102260936390648e-01
4.776109348643914481e-09,-1.556725935502486224e-01
4.641800215750033679e-09,-1.553980509440104629e-01
7.400628292199342084e-09,-1.530481829787745940e-01
5.070592417861480024e-09,-1.526818853436094636e-01
4.936319408994736736e-09,-1.523918094057025718e-01
4.788319269816085613e-09,-1.527429349494703326e-01
4.666256182121511803e-09,-1.528343287381259408e-01
4.773038806337303561e-09,-1.524987365260269123e-01
4.629590294577862546e-09,-1.523462931315104629e-01
4.771485473170429344e-09,-1.524073427373713041e-01
4.672325018680461096e-09,-1.526360078291459921e-01
4.779107642896252027e-09,-1.527732791322650718e-01
4.600582700787172659e-09,-1.528039845553311737e-01
4.773038806337303561e-09,-1.525753194635565135e-01
4.795941439541907468e-09,-1.526208357377486224e-01
7.547147346265393191e-09,-1.508204142252604629e-01
5.075180169307828474e-09,-1.504696499217640648e-01
4.795941439541907468e-09,-1.506520762588038909e-01
4.721164703369144798e-09,-1.504844607728900718e-01
4.870682051687534279e-09,-1.501943848349831800e-01
4.840157248757106034e-09,-1.504389444986979629e-01
4.757794466885658196e-09,-1.502406235897180142e-01
4.602136033954046876e-09,-1.505758545615456800e-01
4.773038806337303561e-09,-1.503013119553075205e-01
4.759311676025394898e-09,-1.506679708307440135e-01
4.826466242472335713e-09,-1.504234111670292307e-01
4.757794466885658196e-09,-1.505758545615456800e-01
7.655447179620921652e-09,-1.486536950776071730e-01
5.157579075206414654e-09,-1.481652982307203326e-01
4.977500799930461069e-09,-1.480887152931907313e-01
5.030892112038356535e-09,-1.481194207162568610e-01
4.873752593994145199e-09,-1.481956424135150718e-01
5.018682190866186230e-09,-1.482108145049124415e-01
4.802010276100856762e-09,-1.480124935959325205e-01
4.934766075827862520e-09,-1.482263478365811737e-01
4.864613215128584986e-09,-1.480280269276012528e-01
4.725716330788356561e-09,-1.481345928076542307e-01
4.812702988133290364e-09,-1.479817881728663909e-01
4.653974012895068952e-09,-1.484246687455611224e-01
7.629510128136841857e-09,-1.462272441748417307e-01
5.206382635867961670e-09,-1.458457744482792307e-01
4.820325157859113047e-09,-1.459527015686035711e-01
4.937836618134473439e-09,-1.455560597506436737e-01
5.012613354307236936e-09,-1.457236752365575205e-01
4.879857554580230351e-09,-1.457998969338157313e-01
4.939353827274211796e-09,-1.457998969338157313e-01
4.850849960789540464e-09,-1.460903341119940135e-01
4.785248727509473866e-09,-1.457088643854315135e-01
4.708954782196973666e-09,-1.459375294772061737e-01
4.782178185202862946e-09,-1.456929698134913909e-01
4.852403293956414681e-09,-1.457388473279548902e-01
7.631063461303714420e-09,-1.436487111178311737e-01
5.290298750906283725e-09,-1.433893406029903839e-01
5.246082941691085159e-09,-1.431603142709443610e-01
5.105668848211119205e-09,-1.436638832092285711e-01
5.107186057350856735e-09,-1.431910196940104629e-01
5.041584824070790137e-09,-1.434962677233147244e-01
4.884445306026578801e-09,-1.435262506658381010e-01
5.024823275479408069e-09,-1.434200460260565135e-01
5.011060021140362720e-09,-1.432517080595999415e-01
4.965290878758290764e-09,-1.432824134826660711e-01
4.861542672821974066e-09,-1.431603142709443610e-01
4.922592278682828901e-09,-1.433279297568581800e-01
7.750092130718813997e-09,-1.412681377295292307e-01
5.325447429310196279e-09,-1.409628897002249415e-01
5.172859538685195879e-09,-1.410084059744170781e-01
4.954598166725856335e-09,-1.412222602150657313e-01
5.091941717899211369e-09,-1.409628897002249415e-01
5.044655366377401057e-09,-1.409477176088275718e-01
4.878304221413356134e-09,-1.411005222436153839e-01
4.927143906102040664e-09,-1.410391113974831800e-01
4.861542672821974066e-09,-1.409477176088275718e-01
4.843227791063717781e-09,-1.410391113974831800e-01
4.930214448408651584e-09,-1.410849889119466516e-01
4.971431963371512603e-09,-1.411312276666815135e-01
5.201794884421613220e-09,-1.407190525170528839e-01
7.750092130718813997e-09,-1.391472960963394123e-01
5.337621226455229898e-09,-1.386285550666578326e-01
5.212487596454046822e-09,-1.383839954029430497e-01
5.024823275479408069e-09,-1.385519721291282313e-01
5.102634429931644972e-09,-1.386285550666578326e-01
5.073662960168090944e-09,-1.384609395807440135e-01
5.116361560243553634e-09,-1.381249861283736224e-01
5.011060021140362720e-09,-1.382618961912213396e-01
5.066040790442269088e-09,-1.387047767639160711e-01
4.997369014855591571e-09,-1.383839954029430497e-01
5.020271648060196306e-09,-1.381856744939631010e-01
5.055348078409835486e-09,-1.382774295228900718e-01
7.664586558486480211e-09,-1.362783258611506010e-01
5.413915171767730098e-09,-1.357899290142637605e-01
5.091941717899211369e-09,-1.360800049521706800e-01
5.304062005245329074e-09,-1.357137073170055497e-01
5.127054272275986409e-09,-1.360189553463098111e-01
5.282676581180461043e-09,-1.359275615576542307e-01
5.035515987511840844e-09,-1.357599460717403839e-01
4.965290878758290764e-09,-1.358661507115219991e-01
5.102634429931644972e-09,-1.360800049521706800e-01
5.040067614931053434e-09,-1.361258824666341516e-01
5.001920642274803334e-09,-1.360189553463098111e-01
4.977500799930461069e-09,-1.360651941010446730e-01
7.801966233686971932e-09,-1.338674082900538909e-01
5.407810211181644945e-09,-1.332421013803193610e-01
5.223180308486480425e-09,-1.331958626255844991e-01
5.177411166104407642e-09,-1.335166439865575205e-01
5.140781402587895072e-09,-1.333486672603723111e-01
5.195726047862664754e-09,-1.335773323521469991e-01
5.165201244932236509e-09,-1.333949060151071730e-01
5.032445445205229924e-09,-1.335625215010209921e-01
5.128571481415723939e-09,-1.335011106548887605e-01
5.053794745242961269e-09,-1.335928656838157313e-01
5.151474114620328674e-09,-1.333334951689749415e-01
5.250634569110296922e-09,-1.333790114431670781e-01
7.888916767004769875e-09,-1.316244674451423902e-01
5.516182292591445952e-09,-1.313347527475068610e-01
5.145333030007106008e-09,-1.314716628103545781e-01
5.328445723562533825e-09,-1.312885139927719991e-01
5.171270081491185803e-09,-1.311823093529903839e-01
5.149956905480591144e-09,-1.311823093529903839e-01
5.273537202314901657e-09,-1.311360705982555497e-01
5.229249145045429718e-09,-1.314261465361624415e-01
5.104187763098518361e-09,-1.313806302619703326e-01
5.026340484619144772e-09,-1.311823093529903839e-01
5.221626975319606208e-09,-1.309832659634677376e-01
5.107186057350856735e-09,-1.312585310502486224e-01
8.067441709113848416e-09,-1.292897715713038909e-01
5.467342607902762250e-09,-1.289848847822709921e-01
5.333069599036018962e-09,-1.292442552971117820e-01
5.261327281142730525e-09,-1.292897715713038909e-01
5.281159372040723512e-09,-1.294732816291578326e-01
5.038514281764179217e-09,-1.293966986916282313e-01
5.148403572313717755e-09,-1.294573870572177376e-01
5.165201244932236509e-09,-1.292442552971117820e-01
5.143815820867369305e-09,-1.292287219654430497e-01
5.214004805593783525e-09,-1.291525002681848111e-01
5.152955199732929518e-09,-1.292287219654430497e-01
5.192655505556053834e-09,-1.295643141775420781e-01
4.861542672821974066e-09,-1.293663545088334921e-01
7.949930248838486369e-09,-1.271685686978427376e-01
5.485657489661018535e-09,-1.268485098174124415e-01
5.134712566028946606e-09,-1.267722881201542307e-01
5.319306344696973613e-09,-1.265739672111742820e-01
5.371216571692269062e-09,-1.266346555767637605e-01
5.201794884421613220e-09,-1.264515067591812092e-01
5.296403711492369705e-09,-1.266194834853663909e-01
5.275018287427501673e-09,-1.264822121822473111e-01
5.313165260083751773e-09,-1.266346555767637605e-01
5.230802478212303107e-09,-1.267264106056907313e-01
5.171270081491185803e-09,-1.267722881201542307e-01
5.090424508759473839e-09,-1.268485098174124415e-01
7.943861412279537903e-09,-1.246817906697591516e-01
5.720608162157467601e-09,-1.238881457935680497e-01
5.528356089736480398e-09,-1.241020000342167168e-01
5.459684314149803708e-09,-1.239188512166341516e-01
5.235390229658651557e-09,-1.241020000342167168e-01
5.133123108834935702e-09,-1.241626883998062092e-01
5.349831147627401030e-09,-1.239799008224950067e-01
5.253705111416907842e-09,-1.241020000342167168e-01
5.235390229658651557e-09,-1.241626883998062092e-01
5.203348217588486609e-09,-1.239336620677601586e-01
5.067521875554869105e-09,-1.243003209431966516e-01
5.258256738836119605e-09,-1.240864667025479845e-01
8.107142014936971078e-09,-1.219193863146233320e-01
5.558880892666907815e-09,-1.219807971607555497e-01
5.508523998838486583e-09,-1.214616948908025934e-01
5.413915171767730098e-09,-1.215686220111269339e-01
5.404739668875034025e-09,-1.215686220111269339e-01
5.247564026803686003e-09,-1.219956080118815567e-01
5.302544796105591544e-09,-1.216907212228486440e-01
5.241495190244736710e-09,-1.217976483431729845e-01
5.215558138760657742e-09,-1.217669429201068687e-01
5.394083080869737110e-09,-1.219045754634973250e-01
5.394083080869737110e-09,-1.218131816748417168e-01
5.302544796105591544e-09,-1.217976483431729845e-01
8.233792854077893338e-09,-1.194781245607318687e-01
5.697705528952862866e-09,-1.191273602572354845e-01
5.482586947354407615e-09,-1.193105090748180497e-01
5.465753150708752174e-09,-1.192798036517519339e-01
5.329999056729408042e-09,-1.194174361951423902e-01
5.519216710870921012e-09,-1.193560253490101586e-01
5.272019993175164127e-09,-1.192342873775598250e-01
5.355936108213487010e-09,-1.188676285021233320e-01
5.243012399384473412e-09,-1.189597447713216516e-01
5.188103878136841244e-09,-1.192953369834206800e-01
5.168235663211711570e-09,-1.192953369834206800e-01
5.311684174971150930e-09,-1.195391741665927238e-01
8.215477972319636226e-09,-1.168078364747943687e-01
5.589405695597335233e-09,-1.164111946568344991e-01
5.419984008326679391e-09,-1.165025884454900934e-01
5.371216571692269062e-09,-1.163501450509736440e-01
5.583264610984112566e-09,-1.165943434744170643e-01
5.452062144423980198e-09,-1.164874163540927238e-01
5.278088829734112593e-09,-1.167471481092048902e-01
5.413915171767730098e-09,-1.166550318400065567e-01
5.479516405047796695e-09,-1.162587512623180497e-01
5.436817804972335659e-09,-1.164111946568344991e-01
5.300991462938718155e-09,-1.165943434744170643e-01
5.325447429310196279e-09,-1.164111946568344991e-01
5.450508811257105981e-09,-1.162735621134440567e-01
8.065960624001247572e-09,-1.141985979947177238e-01
5.885442097981774993e-09,-1.136798569650361440e-01
5.459684314149803708e-09,-1.136953902967048902e-01
5.484104156494145145e-09,-1.139543995712743035e-01
5.487138574773619378e-09,-1.137409065708969991e-01
5.221626975319606208e-09,-1.139392274798769339e-01
5.387978120283651130e-09,-1.137716119939631149e-01
5.430676720359112993e-09,-1.139699329029430497e-01
5.406293002041907415e-09,-1.139240553884795643e-01
5.391048662590262050e-09,-1.141068429657907668e-01
5.464272065596151330e-09,-1.139085220568108320e-01
5.316235802390362693e-09,-1.140006383260091516e-01
8.162050536184605728e-09,-1.120625842701305497e-01
5.735852501609112966e-09,-1.117118199666341516e-01
5.506970665671613193e-09,-1.115590153318463396e-01
5.336067893288356508e-09,-1.119704680009322162e-01
5.416985714074341017e-09,-1.116352370291045643e-01
5.267396117701679818e-09,-1.115590153318463396e-01
5.282676581180461043e-09,-1.116504091205019339e-01
5.520733920010657715e-09,-1.115127765771114915e-01
5.419984008326679391e-09,-1.116197036974358320e-01
5.450508811257105981e-09,-1.115889982743697162e-01
5.372697656804869078e-09,-1.115590153318463396e-01
5.348313938487664327e-09,-1.116048928463098250e-01
8.169708829937563443e-09,-1.098044713338216516e-01
5.749615755948157488e-09,-1.095754450017756149e-01
5.688566150087303481e-09,-1.093464186697295643e-01
5.418502923214078547e-09,-1.093160744869348250e-01
5.346760605320790110e-09,-1.092546636408025934e-01
5.508523998838486583e-09,-1.091939752752131149e-01
5.563432520086119578e-09,-1.092394915494052238e-01
5.391048662590262050e-09,-1.094529845497825421e-01
5.325447429310196279e-09,-1.096668387904312092e-01
5.238460771965262477e-09,-1.094992233045173902e-01
5.505489580559012350e-09,-1.091325644290808972e-01
5.270466660008290737e-09,-1.093767628525243035e-01
8.133042942393914186e-09,-1.071034778248180497e-01
5.748098546808420785e-09,-1.069044344352953757e-01
5.494796868526578747e-09,-1.068282127380371510e-01
5.645867550011840790e-09,-1.066757693435207016e-01
5.438298890084935676e-09,-1.066298918290572162e-01
5.612272204774803281e-09,-1.066605972521233320e-01
5.395600290009473813e-09,-1.067826964638450421e-01
5.386460911143914427e-09,-1.066150809779312092e-01
5.496350201693452964e-09,-1.068744514927719991e-01
5.386460911143914427e-09,-1.066457864009973250e-01
5.389459205396251973e-09,-1.070879444931493035e-01
5.426125092939901230e-09,-1.067675243724476586e-01
8.313157341697003631e-09,-1.049363974368933972e-01
5.688566150087303481e-09,-1.046463214989864915e-01
5.604650035048980598e-09,-1.046156160759203757e-01
5.470377026182236483e-09,-1.044631726814039263e-01
5.479516405047796695e-09,-1.046921990134499769e-01
5.490209117080230298e-09,-1.044938781044700421e-01
5.548188180634473386e-09,-1.044331897388805497e-01
5.432230053525987210e-09,-1.043569680416223250e-01
5.438298890084935676e-09,-1.046008052247943687e-01
5.377285408251218355e-09,-1.045700998017282668e-01
5.432230053525987210e-09,-1.042341463493578757e-01
5.505489580559012350e-09,-1.044787060130726586e-01
5.529873298876217928e-09,-1.044480005900065567e-01
8.313157341697003631e-09,-1.023267977165453757e-01
5.922035737471151704e-09,-1.019760334130489915e-01
5.670251268329047196e-09,-1.022505760192871510e-01
5.436817804972335659e-09,-1.020374442591812092e-01
5.568020271532468028e-09,-1.023882085626775934e-01
5.467342607902762250e-09,-1.021288380478368035e-01
5.546670971494736683e-09,-1.024644302599358320e-01
5.546670971494736683e-09,-1.022050597450950421e-01
5.522251129150394418e-09,-1.022812814423532668e-01
5.560398101806644518e-09,-1.023119868654193687e-01
5.581783525871512550e-09,-1.020219109275124769e-01
5.500901829112664727e-09,-1.020219109275124769e-01
8.162050536184605728e-09,-1.004046382326068687e-01
5.819768616647435849e-09,-1.000231685060443687e-01
5.574125232118553181e-09,-1.001449064774947162e-01
5.629033753366186176e-09,-9.996175765991215101e-02
5.450508811257105981e-09,-9.984001968846180353e-02
5.473411444461711543e-09,-9.990106929432265859e-02
5.520733920010657715e-09,-9.948889414469405668e-02
5.447510517004768435e-09,-9.984001968846180353e-02
5.485657489661018535e-09,-9.977860884232958583e-02
5.476445862741185776e-09,-9.990106929432265859e-02
5.534497174349703064e-09,-9.987036387125655668e-02
5.619930498527761823e-09,-9.980931426539570162e-02
8.348233772046641984e-09,-9.813063072435787570e-02
5.598545074462894618e-09,-9.733734708843813643e-02
5.656560262044275220e-09,-9.736769127123287570e-02
5.426125092939901230e-09,-9.752049590602070162e-02
5.577195774425164100e-09,-9.712385408806083198e-02
5.329999056729408042e-09,-9.735288042010686871e-02
5.543636553215262450e-09,-9.744427420876247692e-02
5.558880892666907815e-09,-9.721524787671642631e-02
5.470377026182236483e-09,-9.721524787671642631e-02
5.635174837979408015e-09,-9.703209905913386113e-02
5.424607883800164527e-09,-9.752049590602070162e-02
5.450508811257105981e-09,-9.756601218021281052e-02
8.345163229740030237e-09,-9.481950239701708583e-02
5.896062561959936049e-09,-9.452978769938155668e-02
5.828980243567268608e-09,-9.428558927593813643e-02
5.540566010908651530e-09,-9.460637063691114401e-02
5.793903813217629428e-09,-9.456049312244765859e-02
5.532943841182828847e-09,-9.448427142518943389e-02
5.568020271532468028e-09,-9.452978769938155668e-02
5.772518389152762223e-09,-9.427041718454076680e-02
5.432230053525987210e-09,-9.442286057905721619e-02
5.694707234700525320e-09,-9.456049312244765859e-02
5.627552668253585333e-09,-9.457566521384504210e-02
5.569573604699341417e-09,-9.430112260760686871e-02
8.378758574977069401e-09,-9.260690573490031052e-02
5.929657907196973559e-09,-9.217991973414570162e-02
5.992260846224702611e-09,-9.221062515721180353e-02
5.796902107469967801e-09,-9.199677091656313643e-02
5.598545074462894618e-09,-9.202711509935787570e-02
5.575642441258290711e-09,-9.210369803688747692e-02
5.600098407629768835e-09,-9.217991973414570162e-02
5.656560262044275220e-09,-9.233236312866215101e-02
5.410844629461119178e-09,-9.266831658103254210e-02
5.717609867905129227e-09,-9.240858482592037570e-02
5.523804462317268635e-09,-9.259209488377430353e-02
5.540566010908651530e-09,-9.222543600833781052e-02
5.445957183837895045e-09,-9.243929024898649149e-02
8.275010369040753530e-09,-9.066885167902170861e-02
5.963253252434011896e-09,-9.021116025520098392e-02
5.772518389152762223e-09,-9.036396488998879595e-02
5.517663377704046795e-09,-9.021116025520098392e-02
5.659558556296612766e-09,-9.010495561541936871e-02
5.465753150708752174e-09,-9.048642534198186871e-02
5.763379010287202837e-09,-9.008942228375063643e-02
5.560398101806644518e-09,-9.022669358686971619e-02
5.419984008326679391e-09,-9.048642534198186871e-02
5.488655783913356081e-09,-9.013493855794274534e-02
5.468823693015363093e-09,-9.019634940407497692e-02
5.561951434973518735e-09,-9.041020364472364401e-02
8.427598259665753931e-09,-8.795304731889208583e-02
5.981568134192269008e-09,-8.784612019856774534e-02
5.856434504191085106e-09,-8.772402098684604910e-02
5.708398240985297296e-09,-8.783094810717037570e-02
5.540566010908651530e-09,-8.772402098684604910e-02
5.972356507272436249e-09,-8.758711092399833198e-02
5.680943980361479971e-09,-8.761709386652170861e-02
5.546670971494736683e-09,-8.769367680405129595e-02
5.598545074462894618e-09,-8.763298843846180353e-02
5.684014522668090890e-09,-8.767850471265392631e-02
5.505489580559012350e-09,-8.772402098684604910e-02
5.526875004623879554e-09,-8.770921013572004210e-02
8.441289265950525079e-09,-8.546590805053715101e-02
5.757237925673980171e-09,-8.548108014193452064e-02
5.749615755948157488e-09,-8.500821662671642631e-02
5.691636692393914400e-09,-8.511514374704076680e-02
5.931211240363847776e-09,-8.537451426188155668e-02
5.615342747081414200e-09,-8.508443832397465101e-02
5.673321810635658115e-09,-8.511514374704076680e-02
5.537495468602040611e-09,-8.526758714155721619e-02
5.737405834775987183e-09,-8.531346465602070162e-02
5.597027865323157915e-09,-8.482506780913386113e-02
5.680943980361479971e-09,-8.526758714155721619e-02
5.687085064974702637e-09,-8.520653753569636113e-02
8.305535171971180948e-09,-8.313157341697004210e-02
6.007505185676347976e-09,-8.247483860362664343e-02
5.726713122743553581e-09,-8.268869284427531052e-02
5.722161495324340991e-09,-8.302464629664570162e-02
5.664182431770097903e-09,-8.302464629664570162e-02
5.627552668253585333e-09,-8.285630833018914343e-02
5.580266316731775020e-09,-8.293253002744736813e-02
5.726713122743553581e-09,-8.279561996459965101e-02
5.781621643991185749e-09,-8.291771917632136113e-02
5.511594541145097502e-09,-8.281079205599702064e-02
5.726713122743553581e-09,-8.287184166185787570e-02
5.676392352942269035e-09,-8.279561996459965101e-02
8.287184166185787149e-09,-8.085756590872104910e-02
6.137226567123879501e-09,-8.062890081694636113e-02
5.702329404426348003e-09,-8.064371166807236813e-02
5.752686298254768408e-09,-8.044575199936379595e-02
5.677873438054869051e-09,-8.049126827355591873e-02
5.699258862119737083e-09,-8.055267911968813643e-02
5.693153901533651103e-09,-8.049126827355591873e-02
5.610791119662202437e-09,-8.035435821070820162e-02
5.479516405047796695e-09,-8.061372872554899149e-02
5.468823693015363093e-09,-8.049126827355591873e-02
5.613789413914540811e-09,-8.053750702829076680e-02
5.613789413914540811e-09,-8.058302330248287570e-02
5.529873298876217928e-09,-8.038506363377430353e-02
8.523724295876247119e-09,-7.824868866891576680e-02
6.143295403682828794e-09,-7.801966233686971619e-02
5.922035737471151704e-09,-7.772958639896281052e-02
5.838119622432828821e-09,-7.750092130718813643e-02
5.642797007705230698e-09,-7.780580809622104910e-02
5.656560262044275220e-09,-7.765336470170458583e-02
5.653489719737664300e-09,-7.753126548998287570e-02
5.597027865323157915e-09,-7.772958639896281052e-02
5.696224443840262023e-09,-7.737882209546642631e-02
5.748098546808420785e-09,-7.782098018761841873e-02
5.487138574773619378e-09,-7.803483442826708583e-02
5.645867550011840790e-09,-7.776029182202892631e-02
8.531346465602069801e-09,-7.550145640517730294e-02
5.963253252434011896e-09,-7.466229525479407825e-02
5.705327698678686376e-09,-7.483063322125063643e-02
5.738923043915723886e-09,-7.487614949544274534e-02
5.780140558878585733e-09,-7.484544407237664343e-02
5.645867550011840790e-09,-7.483063322125063643e-02
5.593957323016546996e-09,-7.502859288995920861e-02
5.650419177431053381e-09,-7.505929831302531052e-02
5.568020271532468028e-09,-7.515069210168091873e-02
5.595510656183421212e-09,-7.493756034157497692e-02
5.641315922592629855e-09,-7.498307661576708583e-02
5.616859956221150903e-09,-7.501378203883320162e-02
8.567976229118582371e-09,-7.257215904467037570e-02
6.100560679580230244e-09,-7.255662571300164343e-02
5.996812473643914374e-09,-7.258733113606774534e-02
5.789279937744145118e-09,-7.249593734741215101e-02
5.719090953017730071e-09,-7.248040401574341873e-02
5.746545213641546569e-09,-7.278565204504769404e-02
5.534497174349703064e-09,-7.275494662198157825e-02
5.679462895248879955e-09,-7.263284741025986813e-02
5.700776071259473786e-09,-7.264874198219997692e-02
5.627552668253585333e-09,-7.298397295402762885e-02
5.679462895248879955e-09,-7.273977453058420861e-02
5.697705528952862866e-09,-7.263284741025986813e-02
8.508443832397465067e-09,-7.077137629191085355e-02
5.897652019153946125e-09,-7.014606938217629595e-02
5.790833270911018508e-09,-7.054234995986480294e-02
6.022785649155129201e-09,-7.077137629191085355e-02
5.796902107469967801e-09,-7.026780735362664343e-02
5.648938092318452537e-09,-7.035992362282497692e-02
5.728230331883290284e-09,-7.020711898803715101e-02
5.784692186297796669e-09,-7.034402905088486813e-02
5.717609867905129227e-09,-7.006948644464670861e-02
5.687085064974702637e-09,-7.019158565636841873e-02
5.726713122743553581e-09,-7.043614532008320162e-02
5.722161495324340991e-09,-7.023710193056052764e-02
8.480989571773649396e-09,-6.820801532629769404e-02
5.975427049579047169e-09,-6.816213781183420861e-02
5.951043331261841591e-09,-6.764339678215262885e-02
5.964734337546612739e-09,-6.761269135908651307e-02
5.899133104266546969e-09,-6.781137350833781052e-02
5.960182710127400976e-09,-6.782654559973519404e-02
5.755756840561379328e-09,-6.775032390247695546e-02
5.737405834775987183e-09,-6.785725102280129595e-02
5.612272204774803281e-09,-6.805521069150986813e-02
5.876266595089078921e-09,-6.793347272005952064e-02
5.709951574152170685e-09,-6.770444638801348392e-02
5.857915589303685949e-09,-6.762822469075524534e-02
5.621411583640362666e-09,-6.755200299349702064e-02
8.606123201774832471e-09,-6.575158148100886113e-02
6.039547197746512096e-09,-6.532387299971151307e-02
5.937280076922797069e-09,-6.537011175444636113e-02
5.824392492120920985e-09,-6.547631639422796246e-02
5.711468783291908215e-09,-6.521730711965854910e-02
5.694707234700525320e-09,-6.538492260557236813e-02
5.760308467980591091e-09,-6.565946521181052764e-02
5.760308467980591091e-09,-6.567535978375063643e-02
5.651936386570790084e-09,-6.572087605794274534e-02
5.755756840561379328e-09,-6.527799548524802764e-02
5.545117638327863293e-09,-6.546150554310195546e-02
5.677873438054869051e-09,-6.529389005718813643e-02
8.433667096224702397e-09,-6.346276312163386113e-02
6.033406113133290257e-09,-6.308129339507136113e-02
5.876266595089078921e-09,-6.301988254893914343e-02
5.597027865323157915e-09,-6.309610424619736813e-02
5.775552807432236456e-09,-6.315751509232958583e-02
5.508523998838486583e-09,-6.330995848684604910e-02
5.758755134813717701e-09,-6.276051203409835355e-02
5.560398101806644518e-09,-6.303505464033651307e-02
5.764860095399803681e-09,-6.317268718372695546e-02
5.856434504191085106e-09,-6.312680966926348392e-02
5.668770183216446352e-09,-6.308129339507136113e-02
5.635174837979408015e-09,-6.326371973211120103e-02
8.569493438258319901e-09,-6.102077888719967952e-02
6.192135088371512496e-09,-6.051720994891546940e-02
5.832050785873879528e-09,-6.068554791537202758e-02
5.908344731186379728e-09,-6.031888903993553458e-02
5.716020410711119151e-09,-6.045652158332597698e-02
5.685531731807829248e-09,-6.050239909778946240e-02
5.757237925673980171e-09,-6.092938509854407825e-02
5.799972649776578721e-09,-6.079175255515362891e-02
5.711468783291908215e-09,-6.048650452584936055e-02
5.772518389152762223e-09,-6.106701764193452758e-02
5.624482125946973586e-09,-6.086797425241186055e-02
5.790833270911018508e-09,-6.045652158332597698e-02
8.542039177634504231e-09,-5.836602413293091179e-02
6.179925167199341364e-09,-5.789279937744144788e-02
5.932728449503585306e-09,-5.812146446921612891e-02
5.960182710127400976e-09,-5.824392492120920861e-02
5.696224443840262023e-09,-5.799972649776578837e-02
5.848812334465262423e-09,-5.796902107469967952e-02
5.778623349738847376e-09,-5.790833270911018710e-02
5.709951574152170685e-09,-5.786245519464670861e-02
5.651936386570790084e-09,-5.833531870986480294e-02
5.859505046497696025e-09,-5.806077610362664343e-02
5.824392492120920985e-09,-5.806077610362664343e-02
5.653489719737664300e-09,-5.803007068056053458e-02
5.638245380286018935e-09,-5.807594819502401307e-02
8.502338871811379914e-09,-5.607720577355591179e-02
6.109700058445790457e-09,-5.555810350360296940e-02
5.873196052782468001e-09,-5.558880892666907825e-02
5.902203646573157888e-09,-5.549741513801347698e-02
5.717609867905129227e-09,-5.554329265247696240e-02
5.755756840561379328e-09,-5.569573604699341179e-02
5.711468783291908215e-09,-5.575642441258290422e-02
5.870197758530129628e-09,-5.565021977280129595e-02
5.769447846846151303e-09,-5.537495468602040422e-02
5.639726465398619778e-09,-5.552739808053686055e-02
5.667180726022436276e-09,-5.577195774425164343e-02
5.705327698678686376e-09,-5.590886780709936055e-02
8.430596553918092304e-09,-5.378838741418091179e-02
6.056308746337894992e-09,-5.363594401966446240e-02
5.909825816298980571e-09,-5.352901689934012192e-02
5.934209534616186149e-09,-5.339138435594967952e-02
5.867127216223518708e-09,-5.343690063014179537e-02
5.606167244188718128e-09,-5.362004944772436055e-02
5.803007068056053781e-09,-5.322376887003585355e-02
5.813699780088486556e-09,-5.325447429310196240e-02
5.688566150087303481e-09,-5.329999056729407825e-02
5.731300874189901203e-09,-5.329999056729407825e-02
5.771001180013025520e-09,-5.337621226455230294e-02
5.807594819502401403e-09,-5.323857972116186055e-02
8.506890499230592504e-09,-5.156025742039540422e-02
6.111253391612664674e-09,-5.116361560243553458e-02
5.973945964466446326e-09,-5.124019853996512192e-02
5.862539464777171086e-09,-5.131642023722335355e-02
5.838119622432828821e-09,-5.137710860281283903e-02
5.703846613566085533e-09,-5.136193651141546940e-02
5.717609867905129227e-09,-5.120949311689901307e-02
5.807594819502401403e-09,-5.120949311689901307e-02
5.827426910400394391e-09,-5.116361560243553458e-02
5.912896358605591491e-09,-5.102634429931644788e-02
5.735852501609112966e-09,-5.143815820867369409e-02
5.778623349738847376e-09,-5.128571481415723776e-02
8.551178556500064444e-09,-4.910382357510657825e-02
6.068554791537202811e-09,-4.876787012273619409e-02
6.121946103645097449e-09,-4.887479724306053458e-02
6.074623628096151277e-09,-4.869164842547796940e-02
5.673321810635658115e-09,-4.890550266612664343e-02
5.775552807432236456e-09,-4.892067475752401307e-02
5.934209534616186149e-09,-4.905830730091446240e-02
5.882371555675164073e-09,-4.875305927161018710e-02
5.812146446921613166e-09,-4.853920503096151307e-02
5.833531870986480371e-09,-4.860025463682236813e-02
5.879301013368553154e-09,-4.856991045402762192e-02
5.763379010287202837e-09,-4.881374763719967952e-02
8.786165353023648542e-09,-4.660115097508290422e-02
6.227211518721151677e-09,-4.609758203679869409e-02
5.993741931337303454e-09,-4.620450915712303458e-02
5.880818222508290684e-09,-4.609758203679869409e-02
5.775552807432236456e-09,-4.623485333991777385e-02
5.870197758530129628e-09,-4.628109209465262192e-02
5.885442097981774993e-09,-4.606723785400394788e-02
5.690083359227040184e-09,-4.623485333991777385e-02
5.868608301336119551e-09,-4.606723785400394788e-02
5.848812334465262423e-09,-4.605206576260657825e-02
5.706917155872696452e-09,-4.631107503717600549e-02
5.651936386570790084e-09,-4.625038667158651307e-02
5.828980243567268608e-09,-4.614345955126217952e-02
8.676312186501247519e-09,-4.422093882705230294e-02
6.257736321651579094e-09,-4.386945204301318652e-02
5.873196052782468001e-09,-4.383946910048980294e-02
5.931211240363847776e-09,-4.399227373527762192e-02
6.030407818880952711e-09,-4.371700864849673018e-02
5.850293419577863267e-09,-4.406849543253585355e-02
5.880818222508290684e-09,-4.377841949462894788e-02
5.943421161536018908e-09,-4.373254198016546940e-02
5.761825677120328621e-09,-4.368702570597335355e-02
5.787762728604407588e-09,-4.382393576882106373e-02
5.746545213641546569e-09,-4.388534661495328837e-02
5.882371555675164073e-09,-4.405296210086711434e-02
8.833451704545458855e-09,-4.209973595359112891e-02
6.326371973211119925e-09,-4.151994531804869409e-02
5.873196052782468001e-09,-4.158063368363818652e-02
5.882371555675164073e-09,-4.171826622702862891e-02
5.981568134192269008e-09,-4.147442904385657825e-02
5.795384898330230271e-09,-4.161133910670429537e-02
5.700776071259473786e-09,-4.167274995283651307e-02
5.885442097981774993e-09,-4.156582283251217952e-02
5.510041207978224113e-09,-4.165721662116777385e-02
5.737405834775987183e-09,-4.164204452977040422e-02
5.653489719737664300e-09,-4.176414374149211434e-02
5.639726465398619778e-09,-4.196210341020068652e-02
8.648857925877430194e-09,-3.976540132002401307e-02
6.039547197746512096e-09,-3.889553474657467952e-02
5.969358213020097876e-09,-3.932252074732929537e-02
6.009022394816085506e-09,-3.917007735281283903e-02
5.723678704464078521e-09,-3.883412390044245488e-02
5.876266595089078921e-09,-3.910866650668062133e-02
5.951043331261841591e-09,-3.901727271802502006e-02
5.796902107469967801e-09,-3.895622311216416500e-02
5.906755273992369652e-09,-3.889553474657467952e-02
5.935798991810196225e-09,-3.929181532426318652e-02
5.880818222508290684e-09,-3.903244480942238970e-02
5.716020410711119151e-09,-3.920078277587894788e-02
8.586254986849702797e-09,-3.660671638719967952e-02
6.028854485714078494e-09,-3.611831954031283903e-02
6.018161773681644892e-09,-3.624005751176318652e-02
5.862539464777171086e-09,-3.619454123757106373e-02
5.853363961884474186e-09,-3.651460011800134603e-02
5.938833410089670458e-09,-3.608761411724673018e-02
5.893064267707597676e-09,-3.643837842074312133e-02
5.755756840561379328e-09,-3.622524666063717952e-02
6.001400225090261996e-09,-3.599622032859112891e-02
6.034959446300164474e-09,-3.587448235714078837e-02
5.909825816298980571e-09,-3.614902496337894788e-02
5.931211240363847776e-09,-3.599622032859112891e-02
8.723562413995921145e-09,-3.401264999852040422e-02
6.074623628096151277e-09,-3.384431203206384603e-02
6.002881310202862840e-09,-3.378362366647436055e-02
5.951043331261841591e-09,-3.392089496959344030e-02
5.876266595089078921e-09,-3.399711666685166500e-02
5.784692186297796669e-09,-3.384431203206384603e-02
5.856434504191085106e-09,-3.389055078679869409e-02
5.918965195164540784e-09,-3.375327948367961434e-02
5.888440392234112539e-09,-3.379879575787173018e-02
5.944902246648619752e-09,-3.399711666685166500e-02
5.786245519464670885e-09,-3.404335542158651307e-02
5.676392352942269035e-09,-3.396713372432828837e-02
5.746545213641546569e-09,-3.405816627271252006e-02
8.664102265329077214e-09,-3.198284091371483145e-02
6.160093076301347549e-09,-3.167759288441055615e-02
6.005951852509473759e-09,-3.167759288441055615e-02
6.013574022235297269e-09,-3.143375570123850549e-02
5.993741931337303454e-09,-3.158619909575495488e-02
5.922035737471151704e-09,-3.150997739849673018e-02
5.973945964466446326e-09,-3.132682858091416500e-02
5.893064267707597676e-09,-3.149480530709936055e-02
5.868608301336119551e-09,-3.137234485510628085e-02
5.947972788955230671e-09,-3.149480530709936055e-02
5.847295125325524893e-09,-3.158619909575495488e-02
5.847295125325524893e-09,-3.152514948989409982e-02
8.618333122947004431e-09,-2.915974819298950901e-02
6.314198176066085479e-09,-2.914493734186350202e-02
6.118875561338486529e-09,-2.885486140395660329e-02
6.077694170402762196e-09,-2.887039473562533903e-02
6.067001458370328594e-09,-2.885486140395660329e-02
5.897652019153946125e-09,-2.899213270707568305e-02
5.947972788955230671e-09,-2.883968931255923018e-02
5.883888764814901604e-09,-2.900730479847305615e-02
5.885442097981774993e-09,-2.899213270707568305e-02
5.857915589303685949e-09,-2.883968931255923018e-02
5.815216989228224086e-09,-2.894661643288356720e-02
5.825909701260657688e-09,-2.880898388949311786e-02
8.749535589507135972e-09,-2.658157637625033903e-02
6.129568273370920959e-09,-2.638325546727040422e-02
6.118875561338486529e-09,-2.630703377001217605e-02
6.057862079504768381e-09,-2.635255004420429537e-02
6.091421300714670859e-09,-2.630703377001217605e-02
5.946491703842629828e-09,-2.652016553011811786e-02
6.007505185676347976e-09,-2.626079501527732799e-02
5.764860095399803681e-09,-2.656604304458160329e-02
5.972356507272436249e-09,-2.670331434770068305e-02
5.989190303918090864e-09,-2.642877174146252006e-02
5.856434504191085106e-09,-2.658157637625033903e-02
5.819768616647435849e-09,-2.636772213560166500e-02
8.574045065677530837e-09,-2.464352232037173018e-02
6.221142682162202384e-09,-2.420064174767700901e-02
6.085316340128585706e-09,-2.436897971413356720e-02
6.056308746337894992e-09,-2.395680456450495488e-02
5.940350619229407989e-09,-2.429275801687533903e-02
6.030407818880952711e-09,-2.421653631961711434e-02
5.909825816298980571e-09,-2.413995338208752006e-02
5.876266595089078921e-09,-2.406373168482929537e-02
5.870197758530129628e-09,-2.427722468520660329e-02
5.783211101185196652e-09,-2.418583089655100202e-02
5.867127216223518708e-09,-2.429275801687533903e-02
5.914413567745329021e-09,-2.418583089655100202e-02
8.790753104469997819e-09,-2.232399853793061786e-02
6.280602830829046315e-09,-2.192771796024211434e-02
6.044098825165723859e-09,-2.166798620512995835e-02
5.978497591885658089e-09,-2.206462802308982799e-02
5.943421161536018908e-09,-2.208016135475856720e-02
5.925106279777761796e-09,-2.212567762895068305e-02
6.024266734267730044e-09,-2.186630711410989317e-02
5.780140558878585733e-09,-2.208016135475856720e-02
5.741993586222335633e-09,-2.192771796024211434e-02
5.848812334465262423e-09,-2.220226056648027732e-02
5.812146446921613166e-09,-2.221707141760628085e-02
5.771001180013025520e-09,-2.201875050862634603e-02
5.712985992431644918e-09,-2.212567762895068305e-02
8.728186289469405454e-09,-2.026420651060166500e-02
6.256219112511841564e-09,-1.939433993715232799e-02
6.099079594467629401e-09,-1.956231666333752006e-02
5.986119761611479944e-09,-1.956231666333752006e-02
6.041028282859112940e-09,-1.969958796645660329e-02
5.825909701260657688e-09,-1.985203136097305615e-02
5.893064267707597676e-09,-1.963889960086711434e-02
6.016644564541908189e-09,-1.963889960086711434e-02
5.851846752744736656e-09,-1.969958796645660329e-02
5.926587364890362639e-09,-1.985203136097305615e-02
5.937280076922797069e-09,-1.956231666333752006e-02
5.908344731186379728e-09,-1.959266084613226627e-02
8.644270174431082571e-09,-1.709034948637995835e-02
6.332513057824341764e-09,-1.661712473089049097e-02
6.291295542861479917e-09,-1.651019761056615395e-02
5.902203646573157888e-09,-1.681544563987042926e-02
5.926587364890362639e-09,-1.669334642814871913e-02
5.972356507272436249e-09,-1.673886270234083498e-02
6.068554791537202811e-09,-1.681544563987042926e-02
5.874749385949341391e-09,-1.681544563987042926e-02
6.129568273370920959e-09,-1.663265806255923018e-02
5.929657907196973559e-09,-1.643397591330792926e-02
5.824392492120920985e-09,-1.664783015395660329e-02
5.937280076922797069e-09,-1.705964406331384603e-02
8.641199632124470825e-09,-1.460284897775365395e-02
6.266911824544274339e-09,-1.455697146329017200e-02
6.068554791537202811e-09,-1.434383970318423018e-02
6.166161912860296842e-09,-1.432830637151549097e-02
6.118875561338486529e-09,-1.425208467425726454e-02
5.853363961884474186e-09,-1.448074976603194557e-02
5.896062561959936049e-09,-1.454216061216416674e-02
5.967804879853223659e-09,-1.448074976603194557e-02
6.038029988606775393e-09,-1.454216061216416674e-02
6.036476655439901177e-09,-1.437382264570760855e-02
5.885442097981774993e-09,-1.429760094844938212e-02
5.749615755948157488e-09,-1.454216061216416674e-02
8.853283795443451843e-09,-1.290935458558982972e-02
6.253148570205230644e-09,-1.234473604144476454e-02
6.092938509854407562e-09,-1.236026937311350375e-02
6.085316340128585706e-09,-1.219193140665694557e-02
6.071553085789540357e-09,-1.231403061837865395e-02
6.076176961263025493e-09,-1.214641513246482972e-02
5.986119761611479944e-09,-1.220746473832568305e-02
5.912896358605591491e-09,-1.228404767585527559e-02
6.057862079504768381e-09,-1.187187252622666674e-02
5.986119761611479944e-09,-1.223780892112042752e-02
5.775552807432236456e-09,-1.228404767585527559e-02
5.915966900912202410e-09,-1.222263682972305615e-02
8.731220707748878860e-09,-1.023906649965232972e-02
6.421016924309013097e-09,-9.613759589917775586e-03
6.245526400479407962e-09,-9.918646378950683046e-03
6.105148431026578694e-09,-9.506832469593438570e-03
6.105148431026578694e-09,-9.918646378950683046e-03
6.100560679580230244e-09,-9.643742532441153953e-03
5.879301013368553154e-09,-9.933818470348056151e-03
6.079175255515363040e-09,-9.643742532441153953e-03
5.970875422159835406e-09,-9.689981287176003752e-03
5.815216989228224086e-09,-9.918646378950683046e-03
5.877819928255953138e-09,-9.597865017977671998e-03
6.036476655439901177e-09,-9.750669652765490969e-03
5.809148152669275620e-09,-9.979334744540171998e-03
8.798375274195820502e-09,-7.614294687906945566e-03
6.263841282237664247e-09,-6.897232749245427522e-03
6.106701764193452911e-09,-6.805838960589828852e-03
5.972356507272436249e-09,-7.247997052741817804e-03
6.050239909778946526e-09,-7.476662144516497965e-03
5.914413567745329021e-09,-7.385629596132265405e-03
5.941867828369144691e-09,-7.218014110218439437e-03
6.004434643369737056e-09,-7.049676143761881252e-03
5.838119622432828821e-09,-7.324218750000044235e-03
5.918965195164540784e-09,-7.294235807476665868e-03
5.845741792158651503e-09,-7.263530384410555284e-03
5.780140558878585733e-09,-6.973454446503654820e-03
8.860905965169274526e-09,-3.784786571155939437e-03
6.448471184932828767e-09,-3.433299787116817370e-03
6.268429033684012696e-09,-3.051830060554317370e-03
6.254701903372104861e-09,-2.563794453938846463e-03
5.906755273992369652e-09,-3.280495152328997965e-03
6.045652158332598076e-09,-3.326733907063846463e-03
5.998329682783651076e-09,-2.472039425011881685e-03
5.897652019153946125e-09,-3.189462603944764971e-03
5.989190303918090864e-09,-3.738547816421090939e-03
6.053274328058420759e-09,-2.670360333991817370e-03
5.912896358605591491e-09,-3.219806786739509447e-03
5.832050785873879528e-09,-3.494349392977672431e-03
9.817650823882135465e-09,4.272749929716648559e-04
6.532387299971151650e-09,1.449584960937455548e-03
6.271463451963486929e-09,1.388174114805235029e-03
6.114323933919275593e-09,1.281246994480897796e-03
6.131085482510657662e-09,1.281246994480897796e-03
6.147847031102040557e-09,1.525806658195682413e-03
5.946491703842629828e-09,1.495101235129572045e-03
5.876266595089078921e-09,1.175042354699292781e-03
6.051720994891546542e-09,1.525806658195682413e-03
6.074623628096151277e-09,1.495101235129572045e-03
5.851846752744736656e-09,1.297141566421002035e-03
5.980014801025394792e-09,1.540978749593054434e-03
8.772402098684605675e-09,3.631476199988118315e-03
6.276051203409835379e-09,3.738403320312455765e-03
6.254701903372104861e-09,4.104339715206217418e-03
5.937280076922797069e-09,3.662181623054228900e-03
6.169232455166907762e-09,4.012945926550618748e-03
6.097490137273619325e-09,3.845330440636792781e-03
5.847295125325524893e-09,3.631476199988118315e-03
5.969358213020097876e-09,3.676992474180235029e-03
6.112770600752401377e-09,3.707697897246345180e-03
6.034959446300164474e-09,3.860502532034165019e-03
5.876266595089078921e-09,3.890846714828909061e-03
6.115841143059012296e-09,3.783919594504572045e-03
8.770921013572004831e-09,5.431897712476281732e-03
6.434744054620920932e-09,6.088632525819676067e-03
6.367589488173980117e-09,6.241075920336129797e-03
6.141778194543091264e-09,6.088632525819676067e-03
6.067001458370328594e-09,5.859606193773629797e-03
6.027337276574340964e-09,6.134148800011792781e-03
6.053274328058420759e-09,5.950999982429228466e-03
5.955594958681053354e-09,5.996516256621345180e-03
5.966287670713486956e-09,5.935827891031856228e-03
5.934209534616186149e-09,5.721973650383182196e-03
5.915966900912202410e-09,5.950999982429228466e-03
6.073106418956414574e-09,5.920294559363118748e-03
6.002881310202862840e-09,6.179665074203909494e-03
8.923508904197003577e-09,7.858348615241728466e-03
6.434744054620920932e-09,8.483655524976280865e-03
6.207379427823157862e-09,8.316040039062454897e-03
6.161610285441085079e-09,8.499188856645020079e-03
5.960182710127400976e-09,8.102185798413780865e-03
5.952560540401579121e-09,8.651993491432839051e-03
5.992260846224702611e-09,8.285334615996346047e-03
6.068554791537202811e-09,8.025964101155554434e-03
5.925106279777761796e-09,8.270523764870339051e-03
6.007505185676347976e-09,8.224646250406857095e-03
5.931211240363847776e-09,8.331212130459828002e-03
6.013574022235297269e-09,8.270523764870339051e-03
8.960102543686379460e-09,1.054344755230523546e-02
6.474408236416907735e-09,1.068108009569568306e-02
6.144848736849703011e-09,1.069625218709305443e-02
6.100560679580230244e-09,1.042170958085489145e-02
6.092938509854407562e-09,1.094081185080783905e-02
5.999883015950525293e-09,1.058968630704008353e-02
5.964734337546612739e-09,1.063556382150356548e-02
6.015127355402170659e-09,1.072695761015916502e-02
6.198240048957597649e-09,1.066626924456967607e-02
5.955594958681053354e-09,1.062003048983482800e-02
6.109700058445790457e-09,1.075730179295390949e-02
5.912896358605591491e-09,1.045241500392100203e-02
8.758711092399832872e-09,1.228318069920390949e-02
6.372177239620328567e-09,1.284816048362033905e-02
6.164680827747695999e-09,1.252737912264732800e-02
6.283673373135658062e-09,1.289367675781245490e-02
6.208896636962894565e-09,1.290884884920982800e-02
6.089867967547796642e-09,1.310753099846112893e-02
6.149400364268913947e-09,1.292438218087856548e-02
6.143295403682828794e-09,1.296989845507068306e-02
6.018161773681644892e-09,1.306129224372628087e-02
5.795384898330230271e-09,1.309199766679239145e-02
5.934209534616186149e-09,1.293919303200457248e-02
5.990707513057829221e-09,1.335136818163318306e-02
8.862459298336148742e-09,1.484654166481707248e-02
6.254701903372104861e-09,1.527425014611442054e-02
6.326371973211119925e-09,1.544186563202824651e-02
6.108182849306053754e-09,1.518249511718745490e-02
6.048650452584936449e-09,1.544186563202824651e-02
5.969358213020097876e-09,1.528942223751179191e-02
6.088386882435196626e-09,1.532012766057790250e-02
6.048650452584936449e-09,1.551844856955783905e-02
6.063930916063717674e-09,1.548774314649172847e-02
6.109700058445790457e-09,1.542705478090223951e-02
5.957112167820790057e-09,1.527425014611442054e-02
6.019715106848519108e-09,1.510627341992922847e-02
9.019634940407498419e-09,1.780726692893283905e-02
6.440812891179870225e-09,1.788348862619106722e-02
6.256219112511841564e-09,1.821908083829008179e-02
6.361520651615030824e-09,1.821908083829008179e-02
5.999883015950525293e-09,1.802112116958151308e-02
6.193616173484112513e-09,1.815803123242923020e-02
5.917447986024803254e-09,1.795971032344929191e-02
5.922035737471151704e-09,1.789829947731707074e-02
5.996812473643914374e-09,1.803593202070752008e-02
5.995259140477040157e-09,1.756306850548941881e-02
6.012092937122696426e-09,1.777656150586673020e-02
5.917447986024803254e-09,1.792900490038318306e-02
5.958665500987664274e-09,1.803593202070752008e-02
9.048642534198186652e-09,1.998915816798350203e-02
6.395043748797796615e-09,2.038616122621474125e-02
6.358450109308420732e-09,2.082831931836673020e-02
6.103631221886841164e-09,2.017230698556606722e-02
6.094455718994145092e-09,2.030993952895651308e-02
6.070035876649803654e-09,2.037062789454600203e-02
6.074623628096151277e-09,2.050789919766508179e-02
6.088386882435196626e-09,2.053860462073119411e-02
6.124944397897435822e-09,2.073692552971112893e-02
6.094455718994145092e-09,2.067551468357890776e-02
6.045652158332598076e-09,2.044684959180423020e-02
5.891510934540723459e-09,2.014160156249995490e-02
8.787682562163386072e-09,2.255288037386803113e-02
6.489652575868553100e-09,2.302574388908612893e-02
6.225694309581414147e-09,2.294952219182790423e-02
6.321820345791908162e-09,2.304091598048350203e-02
6.134156024817268581e-09,2.301057179768875582e-02
6.298917712587302600e-09,2.291881676876179191e-02
6.405736460830230218e-09,2.326958107225818306e-02
6.161610285441085079e-09,2.285812840317230296e-02
5.952560540401579121e-09,2.276637337424533905e-02
6.166161912860296842e-09,2.319335937499995490e-02
6.137226567123879501e-09,2.296433304295390776e-02
6.099079594467629401e-09,2.304091598048350203e-02
8.954033707127430994e-09,2.490238709883252008e-02
6.532387299971151650e-09,2.529939015706375582e-02
6.224140976414540757e-09,2.511624133948119411e-02
6.382869951652762997e-09,2.529939015706375582e-02
6.218072139855591464e-09,2.523834055120290423e-02
6.137226567123879501e-09,2.504001964222296595e-02
6.036476655439901177e-09,2.510070800781245490e-02
6.019715106848519108e-09,2.490238709883252008e-02
6.027337276574340964e-09,2.526904597426901308e-02
6.108182849306053754e-09,2.519246303673941881e-02
6.079175255515363040e-09,2.505519173362033905e-02
6.085316340128585706e-09,2.523834055120290423e-02
9.185949961344405001e-09,2.713051709261803113e-02
6.540009469696973506e-09,2.722191088127362893e-02
6.474408236416907735e-09,2.720673878987625582e-02
6.327961430405130001e-09,2.728332172740585010e-02
6.373730572787201957e-09,2.726742715546574478e-02
6.259289654818451657e-09,2.735954342466407826e-02
6.285226706302531451e-09,2.757267518477002008e-02
6.137226567123879501e-09,2.740505969885619411e-02
6.157022533994736629e-09,2.734401009299533905e-02
5.941867828369144691e-09,2.706946748675717607e-02
6.102077888719967774e-09,2.719120545820752008e-02
6.059343164617369225e-09,2.732883800159796595e-02
9.111173225171642331e-09,2.972458348129730296e-02
6.564465436068452457e-09,2.958695093790685710e-02
6.414948087750063804e-09,2.998395399613809284e-02
6.129568273370920959e-09,2.983151060162163998e-02
6.265358491377400950e-09,2.978527184688679191e-02
6.297436627474701757e-09,2.996842066446935710e-02
6.215001597548980544e-09,2.996842066446935710e-02
6.282156163995920532e-09,2.981597726995290423e-02
5.911343025438718101e-09,2.957214008678085010e-02
6.210449970129768781e-09,2.992290439027724125e-02
6.060932621811379301e-09,2.987702687581375582e-02
6.201238343209936023e-09,2.970905014962856722e-02
6.185994003758290657e-09,2.996842066446935710e-02
9.027257110133319448e-09,3.176884217695751661e-02
6.642240466493552673e-09,3.244038784142692228e-02
6.500345287900986703e-09,3.244038784142692228e-02
6.416429172862664647e-09,3.218101732658613240e-02
6.408807003136841964e-09,3.231864986997657480e-02
6.155469200827863240e-09,3.241004365863217607e-02
6.277604536576708769e-09,3.233346072110258179e-02
6.179925167199341364e-09,3.224242817271835010e-02
6.317268718372695572e-09,3.230311653830783558e-02
6.233316479307236829e-09,3.237933823556606722e-02
6.312680966926348776e-09,3.221172274965224125e-02
6.245526400479407962e-09,3.224242817271835010e-02
9.141698028102069748e-09,3.450054110902724125e-02
6.713982784386841938e-09,3.450054110902724125e-02
6.684975190596151223e-09,3.485130541252363240e-02
6.413358630556052900e-09,3.457676280628546595e-02
6.501862497040723406e-09,3.450054110902724125e-02
6.366108403061379274e-09,3.456159071488809631e-02
6.478959863836120325e-09,3.471439534967591528e-02
6.424051342588486503e-09,3.457676280628546595e-02
6.425568551728224033e-09,3.474437829219929191e-02
6.320303136652170632e-09,3.466815659494106722e-02
6.343205769856774539e-09,3.463817365241769058e-02
6.257736321651579094e-09,3.453124653209335010e-02
9.425524509314340030e-09,3.694180286291869064e-02
6.895578268802531398e-09,3.752159349846113240e-02
6.656003720832598022e-09,3.729256716641508179e-02
6.762822469075524813e-09,3.747607722426900961e-02
6.520177378798980518e-09,3.704872998324303113e-02
6.485100948449342164e-09,3.750642140706375582e-02
6.773515181107958415e-09,3.733880592114992986e-02
6.558324351455230618e-09,3.732327258948119064e-02
6.295883294307829194e-09,3.732327258948119064e-02
6.602612408724701730e-09,3.727775631528907480e-02
6.709431156967629347e-09,3.743019970980553113e-02
6.430192427201708342e-09,3.726258422389170516e-02
9.806994235876839377e-09,3.959728009773019058e-02
7.089383674390392818e-09,4.022258700746474125e-02
6.961179502082597996e-09,3.993287230982920516e-02
6.828423702355592238e-09,3.964279637192230643e-02
6.836045872081414093e-09,4.013119321880913998e-02
6.880333929350886033e-09,3.996285525235258179e-02
6.776513475360295961e-09,4.020741491606736467e-02
6.666696432865030798e-09,4.016189864187524883e-02
6.742990378177530998e-09,4.017670949300125582e-02
6.790276729699342138e-09,4.006978237267692228e-02
6.860429590398620499e-09,3.999356067541869064e-02
6.775032390247695945e-09,4.010048779574303113e-02
9.845141208533089477e-09,4.209923021721113240e-02
7.400628292199342084e-09,4.232825654925717607e-02
7.206822886611480664e-09,4.234378988092591528e-02
7.176298083681052420e-09,4.242001157818413998e-02
7.193131880326708689e-09,4.211476354887986467e-02
7.423530925403945165e-09,4.252693869850848046e-02
6.894024935635658008e-09,4.216064106334335010e-02
7.034402905088486449e-09,4.269455418442230643e-02
7.061857165712302947e-09,4.228237903479369064e-02
7.113767392707598396e-09,4.216064106334335010e-02
7.196202422633320435e-09,4.264903791023019058e-02
7.199200716885657982e-09,4.245071700125024883e-02
7.031368486809013043e-09,4.245071700125024883e-02
1.022505760192871461e-08,4.437287648518875582e-02
7.873636303525986169e-09,4.469365784616177034e-02
7.365551861849702077e-09,4.460190281723480643e-02
7.559357267437563497e-09,4.451050902857920516e-02
7.537971843372696292e-09,4.469365784616177034e-02
7.364034652709965374e-09,4.437287648518875582e-02
7.397557749892730337e-09,4.454121445164531401e-02
7.611195246378584745e-09,4.478505163481736467e-02
7.551698973684604127e-09,4.457119739416869064e-02
7.583740985754769075e-09,4.480022372621474125e-02
7.620370749271281645e-09,4.449497569691046595e-02
7.428082552823157755e-09,4.458673072583742986e-02
1.072096824645996591e-08,4.655476772423942228e-02
8.062890081694635826e-09,4.711974750865585010e-02
7.881294597278945538e-09,4.730289632623841528e-02
7.971315672903355228e-09,4.710457541725848046e-02
7.977456757516577067e-09,4.722667462898019058e-02
7.812622821692269675e-09,4.695213202274202413e-02
7.972832882043091104e-09,4.710457541725848046e-02
8.084275505759504685e-09,4.730289632623841528e-02
8.178812084775986969e-09,4.698247620553677034e-02
7.994218306107958308e-09,4.711974750865585010e-02
7.843147624622695438e-09,4.686001575354369064e-02
8.038506363377430247e-09,4.684520490241769058e-02
1.123371268763687017e-08,4.913402326179269058e-02
8.709871407711148342e-09,4.956100926254730643e-02
8.471814068880952497e-09,4.943891005082559631e-02
8.532827550714670645e-09,4.911885117039531401e-02
8.386380744702892084e-09,4.957654259421603871e-02
8.545109719941114323e-09,4.937786044496474125e-02
8.426044926498879714e-09,4.956100926254730643e-02
8.397073456735326513e-09,4.919507286765353871e-02
8.439772056810787549e-09,4.931717207937524883e-02
8.551178556500064444e-09,4.945408214222296595e-02
8.644270174431082571e-09,4.933198293050125582e-02
8.491646159778945485e-09,4.931717207937524883e-02
1.156482552037094911e-08,5.133144783251208931e-02
9.111173225171642331e-09,5.151459665009465450e-02
9.147802988688154901e-09,5.149906331842591528e-02
9.265278324936380261e-09,5.178913925633281401e-02
9.208852594549011390e-09,5.162080128987625582e-02
8.995215098063156155e-09,5.169738422740585010e-02
9.118795394897465013e-09,5.175843383326670516e-02
9.132558649236511189e-09,5.172772841020059631e-02
9.073026252515392230e-09,5.178913925633281401e-02
9.153871825247105021e-09,5.175843383326670516e-02
9.277524370135687253e-09,5.194158265084927034e-02
9.111173225171642331e-09,5.189606637665715450e-02
1.248190619728782407e-08,5.394032507231736467e-02
1.005877870501894306e-08,5.404725219264170516e-02
9.886322599468812982e-09,5.401654676957559631e-02
9.929093447598549046e-09,5.418488473603215450e-02
9.671167893843221872e-09,5.401654676957559631e-02
9.900049729780720818e-09,5.409312970710519058e-02
1.010299451423414328e-08,5.398620258678085010e-02
9.906190814393942657e-09,5.400173591844958931e-02
9.942784453883320195e-09,5.412347388989992986e-02
1.007709358677720017e-08,5.410866303877392286e-02
1.004653265981963607e-08,5.392551422119136462e-02
1.031966642899947192e-08,5.423040101022427034e-02
1.013052102291223232e-08,5.410866303877392286e-02
1.336080377752131059e-08,5.630536512895059631e-02
1.102466294259736421e-08,5.659580230712886462e-02
1.099569147283381101e-08,5.654992479266537919e-02
1.089494156114983351e-08,5.670272942745319816e-02
1.075911521911621435e-08,5.639748139814892286e-02
1.115590153318463409e-08,5.625984885475848046e-02
1.087818001255845062e-08,5.664131858132098046e-02
1.116352370291045677e-08,5.671754027857920516e-02
1.090715148232200382e-08,5.674824570164531401e-02
1.140006383260091509e-08,5.665649067271835010e-02
1.118794354525479904e-08,5.661061315825486467e-02
1.120167067556670687e-08,5.673271236997657480e-02
1.448538086631081730e-08,5.874698812311341528e-02
1.237205303076542139e-08,5.950992757623841528e-02
1.234459877014160572e-08,5.938782836451670516e-02
1.235373814900716594e-08,5.923538497000024883e-02
1.229575908545292119e-08,5.902189196962294437e-02
1.216907212228486390e-08,5.911328575827853871e-02
1.215841553427956781e-08,5.902189196962294437e-02
1.231862559463039090e-08,5.893013694069598046e-02
1.255057797287450159e-08,5.918950745553677034e-02
1.263601129705256035e-08,5.923538497000024883e-02
1.264363346677838469e-08,5.903706406102031401e-02
1.261310866384795727e-08,5.905223615241768365e-02
1.585719079682321840e-08,6.134105451179268365e-02
1.374075629494407241e-08,6.181427926728215450e-02
1.363700808900775654e-08,6.196672266179860389e-02
1.373158079205137551e-08,6.161595835830221274e-02
1.378656156135328353e-08,6.172252423835518365e-02
1.392845673994584951e-08,6.192120638760648804e-02
1.369805769486861303e-08,6.147832581491177034e-02
1.400778510353782311e-08,6.181427926728215450e-02
1.397877750974713322e-08,6.187496763287163998e-02
1.429316491791696761e-08,6.199742808486471274e-02
1.442436738447709915e-08,6.192120638760648804e-02
1.409784230318936783e-08,6.150903123797787919e-02
1.763030254479611019e-08,6.349260156804860389e-02
1.561154741229433491e-08,6.399617050633281401e-02
1.548334323998653678e-08,6.387407129461110389e-02
1.557488152475068565e-08,6.355328993363809631e-02
1.576106476061272191e-08,6.376714417428676340e-02
1.586481296654903778e-08,6.401134259773018365e-02
1.609979976307262684e-08,6.393475966020059631e-02
1.614560502948183631e-08,6.381302168875024883e-02
1.626156315659032248e-08,6.402687592939892980e-02
1.646909569249008926e-08,6.398099841493544437e-02
1.645078081073183380e-08,6.375233332316075641e-02
1.638821399573124474e-08,6.362987287116768365e-02
1.675292217370235954e-08,6.384372711181636462e-02
2.032501047307795118e-08,6.561344320123840834e-02
1.822082201639811549e-08,6.597974083640353871e-02
1.806975133491285262e-08,6.582729744188708931e-02
1.816587737112334912e-08,6.596492998527753171e-02
1.835661223440459796e-08,6.597974083640353871e-02
1.866792910026781895e-08,6.604115168253575641e-02
1.845122106147535362e-08,6.588834704774794437e-02
1.867555126999364163e-08,6.575107574462886462e-02
1.888304768186627337e-08,6.597974083640353871e-02
1.903870611479788387e-08,6.601044625946965450e-02
1.915314703276663582e-08,6.601044625946965450e-02
1.943238576253255517e-08,6.608666795672787919e-02
2.290383252230557938e-08,6.793296698367952413e-02
2.075687321749600928e-08,6.825374834465253171e-02
2.072786562370531774e-08,6.794850031534825641e-02
2.096440575339577936e-08,6.831443671024202413e-02
2.122377626823656738e-08,6.840619173916899498e-02
2.109257380167643584e-08,6.823785377271243680e-02
2.115665782581676574e-08,6.831443671024202413e-02
2.117038495612867357e-08,6.819233749852031401e-02
2.128482587409742553e-08,6.813164913293082159e-02
2.141758167382442963e-08,6.839065840750024883e-02
2.150301499800249004e-08,6.836067546497687220e-02
2.169833761273008651e-08,6.831443671024202413e-02
2.511176918492173425e-08,7.045045043482919822e-02
2.324105031562574347e-08,7.104577440204037919e-02
2.365456205425840777e-08,7.087815891612654629e-02
2.415198990792939825e-08,7.096955270478215450e-02
2.423594214699485286e-08,7.071018218994136462e-02
2.456701885570179677e-08,7.104577440204037919e-02
2.443885080742114029e-08,7.107647982510649498e-02
2.460823637066465861e-08,7.124409531102031401e-02
2.454566955566406956e-08,7.095438061338478486e-02
2.440377437707149862e-08,7.095438061338478486e-02
2.448617328297008728e-08,7.112199609929860389e-02
2.443733359828140276e-08,7.118340694543082159e-02
2.788128997340347295e-08,7.292241761178676340e-02
2.567179997762044552e-08,7.333459276141537919e-02
2.574809392293294572e-08,7.356361909346142980e-02
2.573588400176077872e-08,7.363984079071965450e-02
2.551003658410275318e-08,7.336529818448149498e-02
2.558633052941525338e-08,7.351774157899794437e-02
2.536203644492409709e-08,7.313627185243544437e-02
2.575723330179850593e-08,7.365501288211702413e-02
2.513315460898659649e-08,7.319696021802493680e-02
2.569773702910452697e-08,7.359432451652753171e-02
2.566262447472775358e-08,7.301453388098509689e-02
2.559702324144768615e-08,7.338047027587886462e-02
2.897993001070889821e-08,7.592865915009465450e-02
2.696576262965347386e-08,7.641705599698149498e-02
2.702067115090110520e-08,7.649327769423971968e-02
2.717325904152610560e-08,7.627942345359103871e-02
2.716260245352080786e-08,7.637153972278937220e-02
2.720533717762340723e-08,7.631012887665715450e-02
2.745405110445889751e-08,7.647846684311371268e-02
2.751354737715287979e-08,7.600488084735287919e-02
2.779430331605853998e-08,7.640188390558411147e-02
2.782941587043531336e-08,7.637153972278937220e-02
2.782027649156975646e-08,7.615768548214070510e-02
2.805067553664699128e-08,7.615768548214070510e-02
2.822309551816998136e-08,7.629495678525978486e-02
3.161366058118415774e-08,7.849202011570781401e-02
2.976884263934511669e-08,7.869070226495911147e-02
2.977646480907093937e-08,7.899595029426338677e-02
2.990004510590525154e-08,7.884350689974693738e-02
3.025102615356445850e-08,7.914875492905121268e-02
3.011216539325136593e-08,7.914875492905121268e-02
3.010454322352554325e-08,7.893490068840253171e-02
3.014117298704205417e-08,7.870587435635649498e-02
3.028613870794123189e-08,7.873657977942259689e-02
3.021287918090821005e-08,7.873657977942259689e-02
3.043106830481327457e-08,7.905663865985287919e-02
3.053944038622307640e-08,7.882797356807820510e-02
3.409173271872781009e-08,8.111679192745320510e-02
3.214620098923191830e-08,8.119301362471142980e-02
3.203938224098899565e-08,8.137616244229399498e-02
3.221180222251198904e-08,8.128476865363838677e-02
3.233693585251317377e-08,8.134545701922787919e-02
3.221487276481860575e-08,8.111679192745320510e-02
3.218279462872130080e-08,8.107091441298971968e-02
3.233845306165291130e-08,8.142167871648610389e-02
3.247886715513287642e-08,8.139133453369136462e-02
3.243457909786340118e-08,8.134545701922787919e-02
3.260548187024666365e-08,8.125406323057228486e-02
3.255664218555797581e-08,8.146755623094958931e-02
3.614711761474609960e-08,8.329904440677522726e-02
3.437097144849373275e-08,8.358875910441075641e-02
3.447320244529030778e-08,8.361946452747687220e-02
3.453118150884455584e-08,8.380261334505943738e-02
3.453421592712403090e-08,8.349736531575516207e-02
3.454646197232333623e-08,8.358875910441075641e-02
3.452048879681212306e-08,8.328351107510649498e-02
3.456170631177498160e-08,8.366498080166899498e-02
3.480738582033099682e-08,8.368051413333772726e-02
3.478751760540586880e-08,8.377190792199332159e-02
3.483791062326142258e-08,8.369568622473509689e-02
3.485618938099254962e-08,8.360429243607950256e-02
3.828948916810931877e-08,8.577065034346142980e-02
3.675291754982688861e-08,8.619835882475877786e-02
3.686273459232215129e-08,8.633526888760649498e-02
3.702908573728619456e-08,8.619835882475877786e-02
3.675595196810635705e-08,8.583169994932228486e-02
3.685363133748372611e-08,8.606072628136832159e-02
3.698483380404386096e-08,8.616765340169266207e-02
3.706112774935635785e-08,8.610624255556044437e-02
3.718929579763701764e-08,8.599931543523610389e-02
3.715725378556685435e-08,8.593862706964661147e-02
3.731746384591767743e-08,8.596933249271272726e-02
3.706874991908218053e-08,8.584687204071965450e-02
4.064697930307099898e-08,8.819710124622687220e-02
3.922029697533810157e-08,8.842576633800154629e-02
3.934084285389293867e-08,8.821191209735287919e-02
3.929503758748372590e-08,8.838025006380943738e-02
3.946442315072724422e-08,8.842576633800154629e-02
3.967195568662701100e-08,8.860891515558411147e-02
3.975280125935872710e-08,8.847164385246503171e-02
3.980774590463349347e-08,8.825815085208772726e-02
3.976652838967063493e-08,8.860891515558411147e-02
3.966433351690119493e-08,8.845647176106766207e-02
4.002900557084517470e-08,8.863962057865022726e-02
4.006866975264116067e-08,8.842576633800154629e-02
4.013275377678149388e-08,8.879242521343805317e-02
4.328984925241181542e-08,9.051626378839661147e-02
4.227053757869836542e-08,9.100466063528345195e-02
4.207980271541711658e-08,9.098912730361471968e-02
4.229040579362349344e-08,9.074529012044266207e-02
4.231327230280096149e-08,9.077599554350877786e-02
4.244299368424849384e-08,9.080670096657487977e-02
4.232548222397313180e-08,9.086738933216437220e-02
4.273595954432632434e-08,9.080670096657487977e-02
4.255436405991062909e-08,9.101983272668082159e-02
4.243230097221606107e-08,9.051626378839661147e-02
4.289313518639767236e-08,9.088292266383310447e-02
4.290534510756984267e-08,9.086738933216437220e-02
4.633250381007339163e-08,9.283578757083772726e-02
4.491647807034579196e-08,9.300340305675154629e-02
4.479744940093069900e-08,9.326313481186371268e-02
4.520182176069779977e-08,9.340040611498279244e-02
4.507058317011053650e-08,9.288166508530121268e-02
4.527352795456395565e-08,9.330865108605582159e-02
4.532847259983872203e-08,9.312550226847325641e-02
4.556956435694839624e-08,9.329347899465845195e-02
4.580148061116536859e-08,9.312550226847325641e-02
4.574505488077799972e-08,9.326313481186371268e-02
4.581217332319780137e-08,9.314103560014200256e-02
4.631115451003566111e-08,9.347698905251237977e-02
4.925309528004039981e-08,9.532292683919266207e-02
4.833142685167717723e-08,9.590271747473509689e-02
4.827648220640240424e-08,9.587201205166899498e-02
4.824140577605277250e-08,9.561300277709956774e-02
4.837264436664003576e-08,9.553678107984134305e-02
4.849470745433461040e-08,9.581132368607950256e-02
4.844131614222671659e-08,9.564298571962294437e-02
4.825972065781102134e-08,9.570439656575516207e-02
4.864884867812648336e-08,9.576580741188737977e-02
4.851605675437234092e-08,9.556676402236471968e-02
4.885331067171964005e-08,9.571956865715253171e-02
4.896009329593542767e-08,9.571956865715253171e-02
5.224691015301329480e-08,9.781006610754759689e-02
5.121842297640714294e-08,9.808496995405713292e-02
5.130848017605868932e-08,9.820706916577884305e-02
5.150835441820549176e-08,9.820706916577884305e-02
5.158464836351799527e-08,9.823777458884494496e-02
5.176927826621315896e-08,9.855783346927522726e-02
5.185171329613888265e-08,9.842020092588478486e-02
5.193411220203746470e-08,9.840539007475877786e-02
5.192038507172556348e-08,9.814565831964661147e-02
5.199971343531752881e-08,9.811531413685187220e-02
5.205310474742542924e-08,9.805462577126237977e-02
5.223162968953450778e-08,9.819153583411009689e-02
5.573053070993134766e-08,1.004958875251538430e-01
5.454338680614124528e-08,1.008773572517163430e-01
5.461509300000739455e-08,1.009080626747824450e-01
5.466393268469608239e-08,1.006179867368755532e-01
5.497980117797851596e-08,1.006483309196702924e-01
5.485618475711707538e-08,1.005721092224120677e-01
5.503470969922614731e-08,1.006790363427363943e-01
5.500266768715599063e-08,1.004503712509617203e-01
5.542383771954161595e-08,1.007552580399946329e-01
5.531546563813181411e-08,1.008011355544581045e-01
5.550316608313358128e-08,1.007704301313920026e-01
5.541617942578864500e-08,1.004651821020877273e-01
5.575802109458229836e-08,1.006327975880015463e-01
5.900817206411651293e-08,1.024184082493637127e-01
5.786986784501509839e-08,1.028916330048531697e-01
5.826203028361003547e-08,1.030285430677008868e-01
5.838712778958407855e-08,1.029678547021113943e-01
5.864501721931227069e-08,1.030440763993696329e-01
5.830931663513183751e-08,1.029216159473765463e-01
5.873958992235588139e-08,1.031506422794225969e-01
5.854278622251568904e-08,1.029068050962505532e-01
5.858093319517193749e-08,1.029978376446347849e-01
5.868468140110825005e-08,1.030137322165748798e-01
5.895326354286888159e-08,1.027998779759262127e-01
5.909971034888065519e-08,1.029068050962505532e-01
6.261389183275626884e-08,1.049059087579900101e-01
6.159613349220970464e-08,1.050735242439038430e-01
6.168918898611358443e-08,1.050735242439038430e-01
6.187533609794848565e-08,1.050428188208377273e-01
6.155184543494022278e-08,1.051042296669699450e-01
6.191655361291133758e-08,1.050886963353012127e-01
6.208897359443434420e-08,1.051804513642281697e-01
6.207524646412242313e-08,1.050583521525064595e-01
6.210577126705285551e-08,1.052111567872942854e-01
6.226294690912420353e-08,1.050886963353012127e-01
6.218206521236535240e-08,1.050428188208377273e-01
6.225680582451098335e-08,1.049059087579900101e-01
6.582134420221502899e-08,1.067670186360676621e-01
6.492868336764248802e-08,1.076368852095170026e-01
6.505074645533706266e-08,1.077438123298413430e-01
6.522164922772031851e-08,1.075606635122587779e-01
6.522471977002693522e-08,1.078200340270995677e-01
6.535288781830758840e-08,1.074692697236031697e-01
6.564892422069202237e-08,1.075761968439275101e-01
6.573739196314956115e-08,1.076675906325831045e-01
6.553596438783587291e-08,1.074385643005370677e-01
6.580761707190310792e-08,1.073009317571466115e-01
6.575418963576808569e-08,1.074385643005370677e-01
6.587473551432292280e-08,1.075606635122587779e-01
6.980394594597094159e-08,1.099564089919581045e-01
6.872968962698272522e-08,1.102764678723883868e-01
6.881515907518791736e-08,1.100478027806137127e-01
6.883499116608591696e-08,1.099257035688920026e-01
6.893566882971561281e-08,1.102464849298650101e-01
6.899520122643672681e-08,1.099257035688920026e-01
6.916917454112659938e-08,1.101850740837327924e-01
6.902572602936715919e-08,1.100478027806137127e-01
6.954605651624274283e-08,1.101240244778719374e-01
6.939957358620384082e-08,1.100940415353485607e-01
6.982070749456232449e-08,1.103227066271232348e-01
6.983443462487423232e-08,1.106124213247587779e-01
7.291830669749866707e-08,1.122759327743992203e-01
7.234303156534831044e-08,1.126422304095643506e-01
7.228046475034772138e-08,1.126722133520877273e-01
7.246206023476341001e-08,1.123521544716574450e-01
7.249258503769382916e-08,1.123669653227834520e-01
7.286794980367024831e-08,1.123669653227834520e-01
7.283435445843321246e-08,1.124738924431077924e-01
7.311818093964548936e-08,1.124738924431077924e-01
7.302815986402107140e-08,1.122452273513331045e-01
7.305409691550514954e-08,1.125045978661738943e-01
7.316395008202755387e-08,1.122907436255252273e-01
7.337455316023393735e-08,1.126722133520877273e-01
7.346764477816495879e-08,1.125197699575712779e-01
7.681547511707652918e-08,1.145188736193107348e-01
7.604028961875222184e-08,1.148848100142045026e-01
7.619746526082356986e-08,1.149462208603367203e-01
7.618677254879113709e-08,1.147786053744229012e-01
7.625085657293146367e-08,1.148392937400123798e-01
7.634243098172274758e-08,1.147786053744229012e-01
7.663691405094031561e-08,1.147934162255488943e-01
7.661708196004231600e-08,1.150372534087209520e-01
7.698482455629290586e-08,1.146864891052245677e-01
7.684444658684008238e-08,1.148548270716811259e-01
7.677577481125340155e-08,1.149765650431314595e-01
7.704280361984715391e-08,1.149155154372706045e-01
8.051732092192679483e-08,1.170060128876656697e-01
7.983063929008715468e-08,1.179979786728367203e-01
8.002747911395448868e-08,1.175550981001420026e-01
8.006259166833126207e-08,1.177382469177245677e-01
8.000305927161014807e-08,1.173112609169699450e-01
8.035404031926935503e-08,1.176468531290689595e-01
8.055084401910956062e-08,1.178910515525123798e-01
8.044861302231297235e-08,1.175550981001420026e-01
8.055546789458304327e-08,1.176468531290689595e-01
8.056764169172807193e-08,1.175706314318107348e-01
8.054322184938373132e-08,1.176620252204663430e-01
8.078127918821393047e-08,1.178603461294462779e-01
8.443125089009602660e-08,1.199970823345761911e-01
8.373694708853058363e-08,1.204085350036620677e-01
8.378578677321926485e-08,1.204847567009202924e-01
8.372932491880475433e-08,1.201798699118873798e-01
8.369421236442798094e-08,1.200425986087683000e-01
8.401159806685015205e-08,1.202560916091456045e-01
8.415045882716323800e-08,1.203937241525360607e-01
8.438696283282655797e-08,1.204699458497942854e-01
8.418098363009367038e-08,1.206375613357081045e-01
8.436257911450934577e-08,1.203478466380725753e-01
8.434578144189083446e-08,1.201646978204900101e-01
8.448312499306419612e-08,1.204392404267281697e-01
8.820173234650583142e-08,1.223010727853485607e-01
8.747083490545100595e-08,1.225604433001893506e-01
8.786910230463201495e-08,1.228963967525597278e-01
8.737622607838023375e-08,1.224079999056729012e-01
8.758679303255948882e-08,1.222396619392163430e-01
8.798047268029415681e-08,1.225756153915867203e-01
8.804152228615502157e-08,1.224686882712623798e-01
8.797285051056834075e-08,1.225149270259972278e-01
8.805373220732717864e-08,1.224535161798650101e-01
8.815137545267741267e-08,1.223772944826067854e-01
8.830244613416266892e-08,1.225911487232554525e-01
8.837111790974934975e-08,1.224686882712623798e-01
9.197376713608250219e-08,1.244222756588097278e-01
9.116653962568803817e-08,1.246661128419817854e-01
9.112691156791919385e-08,1.245133082071939595e-01
9.136952053416859236e-08,1.247116291161738943e-01
9.148396145213733770e-08,1.248492616595643506e-01
9.174336809100527398e-08,1.247423345392400101e-01
9.170977274576823813e-08,1.246661128419817854e-01
9.187915830901175646e-08,1.247423345392400101e-01
9.201646573615797646e-08,1.248037453853722278e-01
9.181810870315090493e-08,1.245133082071939595e-01
9.215229207819158735e-08,1.249099500251538430e-01
9.214008215701941704e-08,1.250017050540808139e-01
9.220571951432662281e-08,1.251545096888686259e-01
9.578394889831543464e-08,1.269856366244228874e-01
9.531397530526825651e-08,1.272905234134558139e-01
9.519646384499290770e-08,1.274126226251775240e-01
9.526665282971931282e-08,1.272601792306610469e-01
9.571068937128241281e-08,1.275809605916340683e-01
9.570613774386320022e-08,1.272601792306610469e-01
9.566492022890033506e-08,1.272601792306610469e-01
9.576563401655717256e-08,1.271532521103367341e-01
9.593501957980069089e-08,1.272905234134558139e-01
9.597620097073642763e-08,1.271835962931314734e-01
9.591973911632191711e-08,1.271987683845288430e-01
9.606777537952769830e-08,1.271380800189393367e-01
9.988557931148644681e-08,1.293813821041222278e-01
9.904634591304895454e-08,1.297469572587446329e-01
9.958954290910201284e-08,1.297628518306847278e-01
9.958647236679539613e-08,1.297469572587446329e-01
9.976044568148526870e-08,1.298997618935324450e-01
9.954377376671993510e-08,1.296252192872942854e-01
9.975130630261970187e-08,1.295031200755725753e-01
9.980162707242099221e-08,1.296559247103603874e-01
9.981535420273290004e-08,1.296559247103603874e-01
1.001968600533225394e-07,1.297628518306847278e-01
9.979093436038855943e-08,1.294883092244465683e-01
1.002121405168013132e-07,1.297628518306847278e-01
1.038437612128980188e-07,1.315018624970406835e-01
1.034012418804746828e-07,1.320209647669936259e-01
1.034088640502004857e-07,1.321123585556492341e-01
1.036118449586810531e-07,1.318681601322058139e-01
1.038452784220377696e-07,1.320357756181196329e-01
1.038330685008655993e-07,1.318681601322058139e-01
1.037918871099298625e-07,1.316850113146232348e-01
1.036774461919611040e-07,1.317308888290867341e-01
1.040283911155931825e-07,1.317771275838215683e-01
1.041168949820778629e-07,1.318988655552719158e-01
1.040787480094216012e-07,1.317464221607554664e-01
1.043366374391498000e-07,1.320664810411857348e-01
1.079423210837624275e-07,1.338062141880844158e-01
1.076035860813025325e-07,1.343552994005607348e-01
1.076112082510283486e-07,1.342028560060442854e-01
1.076646356871633840e-07,1.343097831263686259e-01
1.078080480748956826e-07,1.341569784915808139e-01
1.076295231327866239e-07,1.341876839146469158e-01
1.080018534804835415e-07,1.344011769150242341e-01
1.081239165681781294e-07,1.344474156697590683e-01
1.079224889928644279e-07,1.341569784915808139e-01
1.081437486590761157e-07,1.345236373670173069e-01
1.083451762343897907e-07,1.344167102466929664e-01
1.084535121917724576e-07,1.345691536412094158e-01
1.117922031518184876e-07,1.363088867881080968e-01
1.116365447188868639e-07,1.369648991209087563e-01
1.117860981912323958e-07,1.369800712123061259e-01
1.116578940189246142e-07,1.369956045439748582e-01
1.117784760215065665e-07,1.369956045439748582e-01
1.117128386641993607e-07,1.367510448802600753e-01
1.118882930640018292e-07,1.369341936978426266e-01
1.120439514969334529e-07,1.366293069088097278e-01
1.118181040792754108e-07,1.366748231830018367e-01
1.119554837544759009e-07,1.369038495150478874e-01
1.122438618631073904e-07,1.365379131201541196e-01
1.122316158179080784e-07,1.367055286060679664e-01
1.121202454422459498e-07,1.363088867881080968e-01
1.156420129718202644e-07,1.389943469654429664e-01
1.154223066387754689e-07,1.394065221150715683e-01
1.156832304867831295e-07,1.393758166920054664e-01
1.158129518682306354e-07,1.394827438123298069e-01
1.156771255261970245e-07,1.395434321779192854e-01
1.159502592953768819e-07,1.396351872068462563e-01
1.160174138618237987e-07,1.391926678744228874e-01
1.159105951135808827e-07,1.393606446006080968e-01
1.163134502642082459e-07,1.395434321779192854e-01
1.160937078071363088e-07,1.395589655095880177e-01
1.164095763004187424e-07,1.396958755724357348e-01
1.162432612794818408e-07,1.395741376009853874e-01
1.200915538903438668e-07,1.412831653248179664e-01
1.197711337696422471e-07,1.417256846572413076e-01
1.199954278541333835e-07,1.416646350513804664e-01
1.198672598058527039e-07,1.418170784458969158e-01
1.201007293932365753e-07,1.417101513255725753e-01
1.200991760600696961e-07,1.417408567486386772e-01
1.202166875203450449e-07,1.418933001431551266e-01
1.203296112291740659e-07,1.418629559603603874e-01
1.203204718503085256e-07,1.415425358396587563e-01
1.202914642565178307e-07,1.416032242052482348e-01
1.204135273442123921e-07,1.417560288400360469e-01
1.204989606683904559e-07,1.419846939318107348e-01
1.242526805762088513e-07,1.434191790494051266e-01
1.239673368858568501e-07,1.437399604103781481e-01
1.242893103397254019e-07,1.439534534107554664e-01
1.244144439697265536e-07,1.441517743197353874e-01
1.244602131121086446e-07,1.440145030166163076e-01
1.241581078731652472e-07,1.438165433479077493e-01
1.248706904324618503e-07,1.440910859541459088e-01
1.245716196117979281e-07,1.439689867424241987e-01
1.249485015869140583e-07,1.439841588338215683e-01
1.248890053142200992e-07,1.438465262904311259e-01
1.247409690510143180e-07,1.440145030166163076e-01
1.247974309054288020e-07,1.440452084396824373e-01
1.286991870764530051e-07,1.456473090431906481e-01
1.283985629226222037e-07,1.462270996787330968e-01
1.285191088011770540e-07,1.463033213759913076e-01
1.289204467426646930e-07,1.463340267990574373e-01
1.285603263161399060e-07,1.461353446498061259e-01
1.287403684673887419e-07,1.463340267990574373e-01
1.290058800668427567e-07,1.462270996787330968e-01
1.289433132518421544e-07,1.459825400150183139e-01
1.289448665850090336e-07,1.461963942556669671e-01
1.287800326491847146e-07,1.458300966205018367e-01
1.289814602244984161e-07,1.460746562842166196e-01
1.294254967660615028e-07,1.463184934673886772e-01
1.328938729835278971e-07,1.483479413119228874e-01
1.329869646014589318e-07,1.490342978275183139e-01
1.327763615232525483e-07,1.488818544330018367e-01
1.330815734285296775e-07,1.491571195197827493e-01
1.331685239618474788e-07,1.491412249478426266e-01
1.330525658347389827e-07,1.487904606443462563e-01
1.331609017921216495e-07,1.486528281009558139e-01
1.333013158856016278e-07,1.486835335240219158e-01
1.334065813006776779e-07,1.489887815533261772e-01
1.335439248518510131e-07,1.490043148849949373e-01
1.335332321398185936e-07,1.487294110384853874e-01
1.336843028213038498e-07,1.487294110384853874e-01
1.336736101092714303e-07,1.488363381588097278e-01
1.376943588256836046e-07,1.509878852150656481e-01
1.372503222841205178e-07,1.512624278213038076e-01
1.375646735682632139e-07,1.514000603646942500e-01
1.373937707958799448e-07,1.512169115471116987e-01
1.375097650470155825e-07,1.511251565181847278e-01
1.377599961829907971e-07,1.513390107588334088e-01
1.374304005593964689e-07,1.508809580947413076e-01
1.377340230074795773e-07,1.511406898498534601e-01
1.377661011435768889e-07,1.511406898498534601e-01
1.379538015885786693e-07,1.513083053357673069e-01
1.381094238974831381e-07,1.511406898498534601e-01
1.379842902674819600e-07,1.511406898498534601e-01
1.420431859565503695e-07,1.538564942099830968e-01
1.418143041206128788e-07,1.539327159072413076e-01
1.418768709356134546e-07,1.540548151189630177e-01
1.424490755254571946e-07,1.541617422392873582e-01
1.420523614594430780e-07,1.539179050561153006e-01
1.422140887289336121e-07,1.543448910568699373e-01
1.425284038890491930e-07,1.543293577252011772e-01
1.424460411071777460e-07,1.543907685713334088e-01
1.424170335133870246e-07,1.540703484506317500e-01
1.423987186316287758e-07,1.539941267533735392e-01
1.424262090162797331e-07,1.539023717244465683e-01
1.426230488401470804e-07,1.541617422392873582e-01
1.464179501389012126e-07,1.562829451127485392e-01
1.463019920117927164e-07,1.565881931420528006e-01
1.460227532820268070e-07,1.563743389014041196e-01
1.460868373061671468e-07,1.564198551755962563e-01
1.463630416176535812e-07,1.566943977818344158e-01
1.461783755909313023e-07,1.562829451127485392e-01
1.462790893785881398e-07,1.562367063580136772e-01
1.465812307415586788e-07,1.565119714447945898e-01
1.465659502780798786e-07,1.562215342666163076e-01
1.467338186321836726e-07,1.563891497525301266e-01
1.468223224986683266e-07,1.564960768728544671e-01
1.471549525405421298e-07,1.563284613869406481e-01
1.510078690268776517e-07,1.583427371400774886e-01
1.509300578724254437e-07,1.587086735349712563e-01
1.507682944789077415e-07,1.586024688951896411e-01
1.508644205151182247e-07,1.586172797463156481e-01
1.512123310204708282e-07,1.588463060783616987e-01
1.513100103898481907e-07,1.590139215642755177e-01
1.511909817204331043e-07,1.584648363517991987e-01
1.512962832595362696e-07,1.588614781697590683e-01
1.513435696110580981e-07,1.587700843811034601e-01
1.512062621839118781e-07,1.587700843811034601e-01
1.515388922257856813e-07,1.587086735349712563e-01
1.518242359161376825e-07,1.589839386217521411e-01
1.556252421754779330e-07,1.606622609225185905e-01
1.553460034457120235e-07,1.610281973174123582e-01
1.554482344425085986e-07,1.611502965291340683e-01
1.556923967419248895e-07,1.611806407119288076e-01
1.556496620178222736e-07,1.610589027404784601e-01
1.560509638352827709e-07,1.611806407119288076e-01
1.558694044748942239e-07,1.612420515580610392e-01
1.562661185409083405e-07,1.614096670439748582e-01
1.562172788562196857e-07,1.615014220729018291e-01
1.562752940438010490e-07,1.613641507697827493e-01
1.563332731073552970e-07,1.612265182263923069e-01
1.561898245955958436e-07,1.610281973174123582e-01
1.564446796070445805e-07,1.613944949525774886e-01
1.603067354722456428e-07,1.630424730705491987e-01
1.602349931543523585e-07,1.635763861916281481e-01
1.605066097143924651e-07,1.636984854033498582e-01
1.605035752961129900e-07,1.633018435853899886e-01
1.608178904562285444e-07,1.633170156767873582e-01
1.606119112534956568e-07,1.634391148885090683e-01
1.606530926444313671e-07,1.635460420088334088e-01
1.609140164924390277e-07,1.635153365857673069e-01
1.610849192648222968e-07,1.635460420088334088e-01
1.613076961401736957e-07,1.635763861916281481e-01
1.610879898071289135e-07,1.634853536432439303e-01
1.612466826583399990e-07,1.634853536432439303e-01
1.651758569659608762e-07,1.655296123389041196e-01
1.651468854961973494e-07,1.657741720026189303e-01
1.653269276474461324e-07,1.658348603682084088e-01
1.652994733868223432e-07,1.658348603682084088e-01
1.654795155380711527e-07,1.657741720026189303e-01
1.654352636048287992e-07,1.655906619447649886e-01
1.660197142398718643e-07,1.660790587916518291e-01
1.658320137948700839e-07,1.660335425174597201e-01
1.658945806098706862e-07,1.658652045510031481e-01
1.659769433917421332e-07,1.657889828537449095e-01
1.658243555011171395e-07,1.655906619447649886e-01
1.660349585793235229e-07,1.656058340361623582e-01
1.701442111622203512e-07,1.676815206354314303e-01
1.697810563174161156e-07,1.680629903619939303e-01
1.700587778380422875e-07,1.680778012131199095e-01
1.702723792105010044e-07,1.680470957900538076e-01
1.700267358259721176e-07,1.679708740927955968e-01
1.702891407590923740e-07,1.680470957900538076e-01
1.703868201284697629e-07,1.683375329682320898e-01
1.706126675461277785e-07,1.684285655166163076e-01
1.706950303279992520e-07,1.683223608768347201e-01
1.706340168461655289e-07,1.683985825740929310e-01
1.706828565308542101e-07,1.682461391795764816e-01
1.707774653579249559e-07,1.684748042713511695e-01
1.749050328225800594e-07,1.702448816010445898e-01
1.749630118861343075e-07,1.704735466928192500e-01
1.750576207132050532e-07,1.704428412697531481e-01
1.751400196191036419e-07,1.703821529041636695e-01
1.752117258129698110e-07,1.706263513276070898e-01
1.755016572547681399e-07,1.706718676017991987e-01
1.752117258129698110e-07,1.701379544807202493e-01
1.755642240697687158e-07,1.706411621787330968e-01
1.758602243481260478e-07,1.705194242072827493e-01
1.756252375516024389e-07,1.705042521158853797e-01
1.756679722757050548e-07,1.706566955104018291e-01
1.755504969394568476e-07,1.705804738131435905e-01
1.799053929068825362e-07,1.727316596291281481e-01
1.798489310524680522e-07,1.730676130814985392e-01
1.801083738153631169e-07,1.728999975955847201e-01
1.802624789151278217e-07,1.730069247159090329e-01
1.805890039964155861e-07,1.732052456248889816e-01
1.805172978025494170e-07,1.728844642639159601e-01
1.802594083728212315e-07,1.727623650521942500e-01
1.804791508298931553e-07,1.732200564760149886e-01
1.806897177840724236e-07,1.731438347787567500e-01
1.805874867872758221e-07,1.728692921725185905e-01
1.808621377655954038e-07,1.729455138697768291e-01
1.807934659900087362e-07,1.730369076584324095e-01
1.807965365323153264e-07,1.731897122932202493e-01
1.853833848779851753e-07,1.755088748353899886e-01
1.849378311272823510e-07,1.754785306525952493e-01
1.850614114241166500e-07,1.754633585611978797e-01
1.852430069085323386e-07,1.756616794701778006e-01
1.853712110808401334e-07,1.757686065905021411e-01
1.852826710903283378e-07,1.758141228646942500e-01
1.852216576084946147e-07,1.755247694073300835e-01
1.855008963382605506e-07,1.754633585611978797e-01
1.855954690413041547e-07,1.756616794701778006e-01
1.858030015772039215e-07,1.755395802584560905e-01
1.860364711645877664e-07,1.756309740471116987e-01
1.861982345581054686e-07,1.758755337108264816e-01
1.901442065383448836e-07,1.777673490119702493e-01
1.902754090049050118e-07,1.782250404357909601e-01
1.903456341136585586e-07,1.783774838303074095e-01
1.902037389350659843e-07,1.779504978295528006e-01
1.905439911466656169e-07,1.782098683443935905e-01
1.904615922407670282e-07,1.781791629213274886e-01
1.904295502286968848e-07,1.780881303729432430e-01
1.908857966914321550e-07,1.782250404357909601e-01
1.907026839978767024e-07,1.780115474354136695e-01
1.905394033952192891e-07,1.781184745557380100e-01
1.907408309705329641e-07,1.779046203150893291e-01
1.907988100340872121e-07,1.778283986178310905e-01
1.951674692558519899e-07,1.797664526737097201e-01
1.953093644344445642e-07,1.804224650065103797e-01
1.952224139011267629e-07,1.802700216119939303e-01
1.951979940587823958e-07,1.802848324631199095e-01
1.957061146244858489e-07,1.805142200354373228e-01
1.954757155794085942e-07,1.804679812807024886e-01
1.955230019309303962e-07,1.804224650065103797e-01
1.958175211241751059e-07,1.804679812807024886e-01
1.954574006976503453e-07,1.802700216119939303e-01
1.955596316944469204e-07,1.803769487323182430e-01
1.958037939938631848e-07,1.804379983381791119e-01
1.958419409665194465e-07,1.803310712178547714e-01
2.004928913983431531e-07,1.823146415479255100e-01
2.000702041568178167e-07,1.826198895772297714e-01
2.004013350515654797e-07,1.824981516057794240e-01
2.003753799380678308e-07,1.822384198506672714e-01
2.003784504803744210e-07,1.822691252737333734e-01
2.006759860298850614e-07,1.825281345483028006e-01
2.005188103878136604e-07,1.824822570338393291e-01
2.007126157934015591e-07,1.823146415479255100e-01
2.005416949590047456e-07,1.824367407596472201e-01
2.010284842866839927e-07,1.824822570338393291e-01
2.011230569897275967e-07,1.824822570338393291e-01
2.013031352650035743e-07,1.826043562455610392e-01
2.053772933555372132e-07,1.844354831811153006e-01
2.055161541158502859e-07,1.849394133596708734e-01
2.055771856596975534e-07,1.846493374217639816e-01
2.057313088214758820e-07,1.847869699651544240e-01
2.057709910652854520e-07,1.848169529076778006e-01
2.056016055020418940e-07,1.848780025135386695e-01
2.059189731424504943e-07,1.848476583307439303e-01
2.058533719091704699e-07,1.849545854510682430e-01
2.060471411907311475e-07,1.849394133596708734e-01
2.061890724933508898e-07,1.847710753932143291e-01
2.060517470041910725e-07,1.848780025135386695e-01
2.063325029430967195e-07,1.849087079366047714e-01
2.063660802263202242e-07,1.851070288455847201e-01
2.104661753683379413e-07,1.867705402952251625e-01
2.106370600787076131e-07,1.876703898111978797e-01
2.110368627490419437e-07,1.875027743252840329e-01
2.111070517337683488e-07,1.876703898111978797e-01
2.112687970652724538e-07,1.873651417818935905e-01
2.110444849187677730e-07,1.872126983873771411e-01
2.111360412655454728e-07,1.874110192963570898e-01
2.111039811914617321e-07,1.874872409936153006e-01
2.111940383911132917e-07,1.874720689022179310e-01
2.116518020629882730e-07,1.875482905994761695e-01
2.113115137273615253e-07,1.873044534163041119e-01
2.115144765738285087e-07,1.877318006573300835e-01
2.159624641591852584e-07,1.896239771987452138e-01
2.155596451325849971e-07,1.898530035307912645e-01
2.161623564633455986e-07,1.898829864733146411e-01
2.159075375759240298e-07,1.898530035307912645e-01
2.161135167786569438e-07,1.897460764104669240e-01
2.161028601906516659e-07,1.898222981077251625e-01
2.161135167786569438e-07,1.900354298678310905e-01
2.164370255036787511e-07,1.897915926846590329e-01
2.166857574925278254e-07,1.897460764104669240e-01
2.165133194489912480e-07,1.898530035307912645e-01
2.166887919108072740e-07,1.898985198049833734e-01
2.169100515770189883e-07,1.896539601412685905e-01
2.212558262275927338e-07,1.920190001979018291e-01
2.212344588655414126e-07,1.923397815588748228e-01
2.215930440209128913e-07,1.921418218901662645e-01
2.215030229452884733e-07,1.924004699244643291e-01
2.218158389582778346e-07,1.924770528619939303e-01
2.215961145632194815e-07,1.924004699244643291e-01
2.218448104280414142e-07,1.923549536502722201e-01
2.217624295841563964e-07,1.923549536502722201e-01
2.216846003676905647e-07,1.924770528619939303e-01
2.217364744706587474e-07,1.926450295881791119e-01
2.215716947208751409e-07,1.922787319530139816e-01
2.215808521617542521e-07,1.923856590733383221e-01
2.264255718751387157e-07,1.946892882838393291e-01
2.262409419724435520e-07,1.950252417362097201e-01
2.265201987642230587e-07,1.952846122510505100e-01
2.266315691398852006e-07,1.949797254620175835e-01
2.266941359548857764e-07,1.950252417362097201e-01
2.267750176516446275e-07,1.950559471592758221e-01
2.269382801922884700e-07,1.951935797026662645e-01
2.268742142301617275e-07,1.949490200389514816e-01
2.268253745454730463e-07,1.950707580104018291e-01
2.267093983563509794e-07,1.950252417362097201e-01
2.268848708181670319e-07,1.948576262502958734e-01
2.274189645593816518e-07,1.951628742796001625e-01
2.273930094458840293e-07,1.951935797026662645e-01
2.316991018526482048e-07,1.971009283354787645e-01
2.318654168735850931e-07,1.976348414565577138e-01
2.319356239203250956e-07,1.974823980620412645e-01
2.319295189597390038e-07,1.975734306104255100e-01
2.319890152324329629e-07,1.973902817928429310e-01
2.325780174948952671e-07,1.975430864276307430e-01
2.326085422978256730e-07,1.976655468796238158e-01
2.324620413057732001e-07,1.976955298221472201e-01
2.323384429469253039e-07,1.974058151245116632e-01
2.327916369293675283e-07,1.977110631538159524e-01
2.325154506798946383e-07,1.976500135479550835e-01
2.327992771611069284e-07,1.976348414565577138e-01
2.326360146204630330e-07,1.975586197592995030e-01
2.327657179398970210e-07,1.976955298221472201e-01
2.328313191731770983e-07,1.975893251823656049e-01
2.327412980975526804e-07,1.976193081248889816e-01
2.327977418899536201e-07,1.975127422448360037e-01
2.328908154458710575e-07,1.974972089131672714e-01
2.325948151675137784e-07,1.971157391866047714e-01
2.331014185240774409e-07,1.975586197592995030e-01
2.329930645046812033e-07,1.973295934272534524e-01
2.328007943702466660e-07,1.971009283354787645e-01
2.283299222136988840e-07,1.952997843424478797e-01
2.285938804799860461e-07,1.951169967651366632e-01
2.282276731548887117e-07,1.946892882838393291e-01
2.286061084631717740e-07,1.948420929186271411e-01
2.283939881758256265e-07,1.948121099761037645e-01
2.282292084260420465e-07,1.949945363131435905e-01
2.285450769193244536e-07,1.949490200389514816e-01
2.289097489732684532e-07,1.952698013999245030e-01
2.283436493440107786e-07,1.949797254620175835e-01
2.285694606376417055e-07,1.950100696448123228e-01
2.289433262564919315e-07,1.952235626451896411e-01
2.287892211567272002e-07,1.951321688565340329e-01
2.284153374758633769e-07,1.948420929186271411e-01
2.242435361399794907e-07,1.929047613432912645e-01
2.239902344616976594e-07,1.923242482272060905e-01
2.241138328205455557e-07,1.924163644964044240e-01
2.238193316893144168e-07,1.921566327412922714e-01
2.238803632331617107e-07,1.920190001979018291e-01
2.237796855695319884e-07,1.924163644964044240e-01
2.236759012395685607e-07,1.925532745592521411e-01
2.241123156114058181e-07,1.923704869819409524e-01
2.238101923104488235e-07,1.923704869819409524e-01
2.238330768816398822e-07,1.923549536502722201e-01
2.238254547119140529e-07,1.921566327412922714e-01
2.234927885460131345e-07,1.920497056209679310e-01
2.193499767419063459e-07,1.900206190167050835e-01
2.191180243636622650e-07,1.898067647760564303e-01
2.190768429727265282e-07,1.897764205932616632e-01
2.191470138954393890e-07,1.897301818385268291e-01
2.190707199501268921e-07,1.897764205932616632e-01
2.193209872101292483e-07,1.898371089588511695e-01
2.193163994586829206e-07,1.898678143819172714e-01
2.189105098897760690e-07,1.899747415022416119e-01
2.188555652445012696e-07,1.896539601412685905e-01
2.187594572703043571e-07,1.896846655643347201e-01
2.189105098897760690e-07,1.895777384440103797e-01
2.184908931905573229e-07,1.898067647760564303e-01
2.144274278120561035e-07,1.875634626908735392e-01
2.144945643164894892e-07,1.873806751135623228e-01
2.145800157026810973e-07,1.872434038104432430e-01
2.146257848450631883e-07,1.874110192963570898e-01
2.141741261337742722e-07,1.873958472049597201e-01
2.147020787903756852e-07,1.875634626908735392e-01
2.142824440291433682e-07,1.875634626908735392e-01
2.141252864490855910e-07,1.874872409936153006e-01
2.146318898056492800e-07,1.878080223545883221e-01
2.144869240847500891e-07,1.877466115084560905e-01
2.141970107049652780e-07,1.874265526280258221e-01
2.142824440291433682e-07,1.878080223545883221e-01
2.097978266802701208e-07,1.854577931490810905e-01
2.096086270881421737e-07,1.845272382100422714e-01
2.098191940423213891e-07,1.847562645420883221e-01
2.098649631847034800e-07,1.848017808162804310e-01
2.094514514460707992e-07,1.848476583307439303e-01
2.094087347839817806e-07,1.845731157245057430e-01
2.095155354702111390e-07,1.848324862393465329e-01
2.092957930131392152e-07,1.846341653303666119e-01
2.093965068007960527e-07,1.847407312104195898e-01
2.092652682102087828e-07,1.849394133596708734e-01
2.093278350252093851e-07,1.847103870276248228e-01
2.089875828136097261e-07,1.847710753932143291e-01
2.092118768981008890e-07,1.848324862393465329e-01
2.049942883578213939e-07,1.829096042748653006e-01
2.049057664293231427e-07,1.824215686682498228e-01
2.048004829522334953e-07,1.823453469709916119e-01
2.045029474027229079e-07,1.820704431244820898e-01
2.046021259192264635e-07,1.824215686682498228e-01
2.047531785386981489e-07,1.822842973651307430e-01
2.045838290994817325e-07,1.826043562455610392e-01
2.046677632765336560e-07,1.824674461827133221e-01
2.046311154510035610e-07,1.826350616686271411e-01
2.047379161372329195e-07,1.826350616686271411e-01
2.046128186312588830e-07,1.826350616686271411e-01
2.045929684783473258e-07,1.824060353365810905e-01
2.000641172582453223e-07,1.806970076127485392e-01
2.002273617368755939e-07,1.803917595834442500e-01
2.003235058350996480e-07,1.807432463674833734e-01
2.004287893121892689e-07,1.804072929151130100e-01
1.999130285147464687e-07,1.802700216119939303e-01
1.998230074391220772e-07,1.801479224002722201e-01
1.998092803088101562e-07,1.801630944916695898e-01
1.998489625526196997e-07,1.802848324631199095e-01
1.998306296088478801e-07,1.801172169772060905e-01
1.996520866047252373e-07,1.802241440975304310e-01
1.998382698405872802e-07,1.803769487323182430e-01
2.000107078841238312e-07,1.802548495205965329e-01
1.954543301553437286e-07,1.783475008877840329e-01
1.954848549582741345e-07,1.779660311612215329e-01
1.957366394274162548e-07,1.781950574932675835e-01
1.955153797612045934e-07,1.784388946764396411e-01
1.954619523250695579e-07,1.781643520702014816e-01
1.954650228673761482e-07,1.779353257381554310e-01
1.951598470861261606e-07,1.780267195268110392e-01
1.955168969703443045e-07,1.780422528584797714e-01
1.955077575914787641e-07,1.780115474354136695e-01
1.950209863258130614e-07,1.780267195268110392e-01
1.950194691166733504e-07,1.781029412240692500e-01
1.947859995292894790e-07,1.777370048291755100e-01
1.905455083558053809e-07,1.757834174416281481e-01
1.907743901917428715e-07,1.754178422870057430e-01
1.903822277531479411e-07,1.754481864698005100e-01
1.905791037010424035e-07,1.754940639842639816e-01
1.906004530010801538e-07,1.755247694073300835e-01
1.904295502286968848e-07,1.757071957443699095e-01
1.907179644613555027e-07,1.755395802584560905e-01
1.903456341136585586e-07,1.753109151666814303e-01
1.902876550501043105e-07,1.755854577729195898e-01
1.905668576558431048e-07,1.757834174416281481e-01
1.903715711651426632e-07,1.753719647725422714e-01
1.900175556992039679e-07,1.750204779885031481e-01
1.857206026713053328e-07,1.728544813213925835e-01
1.859998775250983839e-07,1.726406270807439303e-01
1.863141926852139647e-07,1.727316596291281481e-01
1.861631220037286820e-07,1.730069247159090329e-01
1.859754576827540433e-07,1.728844642639159601e-01
1.863034999731815187e-07,1.730369076584324095e-01
1.857358831347841330e-07,1.729913913842403006e-01
1.858579462224786945e-07,1.732200564760149886e-01
1.857709595651337516e-07,1.733121727452133221e-01
1.860197096159963967e-07,1.730983185045646411e-01
1.859327229586514538e-07,1.728999975955847201e-01
1.855329022263035524e-07,1.727168487780021411e-01
1.854093580534963951e-07,1.727316596291281481e-01
1.814099586371219447e-07,1.710078210541695898e-01
1.814481056097782064e-07,1.703359141494288076e-01
1.811490347891142841e-07,1.702448816010445898e-01
1.811673135468454178e-07,1.702141761779784601e-01
1.816251133427475673e-07,1.705649404814748582e-01
1.814252029765736033e-07,1.704735466928192500e-01
1.814358595645789077e-07,1.705956459045409601e-01
1.812649929162227803e-07,1.705194242072827493e-01
1.811413764953613397e-07,1.702596924521705968e-01
1.812787200465347013e-07,1.705804738131435905e-01
1.810666358832156955e-07,1.706411621787330968e-01
1.810269355773925811e-07,1.705349575389514816e-01
1.766369270555900794e-07,1.683985825740929310e-01
1.767849271947687190e-07,1.682154337565103797e-01
1.770687536759810091e-07,1.680629903619939303e-01
1.770916201851584705e-07,1.683223608768347201e-01
1.769131313670765403e-07,1.683678771510268291e-01
1.768963336944580025e-07,1.682609500307024886e-01
1.767971371159409290e-07,1.681540229103781481e-01
1.767284653403542349e-07,1.680015795158616987e-01
1.764309478528571654e-07,1.678491361213452493e-01
1.766262343435576334e-07,1.679560632416695898e-01
1.767528851826985491e-07,1.679560632416695898e-01
1.767498507644191005e-07,1.682154337565103797e-01
1.724422050244880458e-07,1.663080851236978797e-01
1.722285675280021873e-07,1.655758510936389816e-01
1.727474169297651750e-07,1.658959099740692500e-01
1.723140369762073926e-07,1.657582774306788076e-01
1.720775329705440727e-07,1.655144402475067500e-01
1.721812811764803588e-07,1.656672448822945898e-01
1.722301208611690665e-07,1.657889828537449095e-01
1.721217849037863996e-07,1.657127611564866987e-01
1.724925619183164910e-07,1.658959099740692500e-01
1.722285675280021873e-07,1.657127611564866987e-01
1.720271760767156539e-07,1.659110820654666196e-01
1.722194281491366204e-07,1.658196882768110392e-01
1.678965741937810753e-07,1.638205846150715683e-01
1.676905588670210461e-07,1.631645722822709088e-01
1.680659236329974652e-07,1.635153365857673069e-01
1.677042859973329671e-07,1.631186947678074095e-01
1.678355245879202105e-07,1.634391148885090683e-01
1.677607478517474512e-07,1.635460420088334088e-01
1.678019292426831879e-07,1.634391148885090683e-01
1.679942174391312961e-07,1.635460420088334088e-01
1.677561601003010969e-07,1.634853536432439303e-01
1.677729577729196347e-07,1.634391148885090683e-01
1.671045910228382434e-07,1.632100885564630177e-01
1.674388105219060675e-07,1.633477210998534601e-01
1.636164188385009780e-07,1.615014220729018291e-01
1.634744875358812621e-07,1.607688268025715683e-01
1.636408025568181769e-07,1.607536547111741987e-01
1.634210962237733947e-07,1.612875678322531481e-01
1.635446765206076937e-07,1.610896081635445898e-01
1.637262720050233823e-07,1.611502965291340683e-01
1.633417317361542811e-07,1.609974918943462563e-01
1.633386973178748061e-07,1.612727569811271411e-01
1.631830388849431956e-07,1.608912872545646411e-01
1.633951230482621485e-07,1.609826810432202493e-01
1.631708289637710120e-07,1.610896081635445898e-01
1.634775580781878788e-07,1.613489786783853797e-01
1.631403402848677213e-07,1.611658298608028006e-01
1.593789620832963284e-07,1.594260967139041196e-01
1.595925995797822134e-07,1.589532331986860392e-01
1.594339067285711279e-07,1.588463060783616987e-01
1.591210726535681694e-07,1.587700843811034601e-01
1.592202692320852429e-07,1.588463060783616987e-01
1.591928149714614537e-07,1.589684052900834088e-01
1.589395132931796224e-07,1.588614781697590683e-01
1.591226259867350221e-07,1.588156006552955968e-01
1.588708415175929283e-07,1.588311339869643291e-01
1.588784636873187576e-07,1.586324518377130177e-01
1.586678967331394893e-07,1.578088240189985392e-01
1.588296240026300499e-07,1.587848952322294671e-01
1.547768332741477322e-07,1.568775465994169671e-01
1.551278143218069259e-07,1.564198551755962563e-01
1.551674785036029252e-07,1.564812660217284601e-01
1.551140510674678897e-07,1.565119714447945898e-01
1.552300453186035274e-07,1.564050443244702493e-01
1.551430586612585845e-07,1.565574877189866987e-01
1.546852949893836032e-07,1.563436334783380177e-01
1.548867225646972782e-07,1.564960768728544671e-01
1.550789746371182712e-07,1.563743389014041196e-01
1.547081614985610646e-07,1.564505605986623582e-01
1.549676042614561293e-07,1.565267822959205968e-01
1.547600717255563361e-07,1.566181760845761772e-01
1.511695962963682388e-07,1.545583840572472278e-01
1.515175068017208158e-07,1.542072585134794671e-01
1.514549399867202400e-07,1.544362848455255177e-01
1.516151861710982047e-07,1.543293577252011772e-01
1.513008348869554822e-07,1.541924476623534601e-01
1.514305201443758994e-07,1.544976956916577493e-01
1.509468194210168134e-07,1.541769143306847278e-01
1.513115275989879282e-07,1.541162259650952493e-01
1.509437850027373383e-07,1.538716663013804664e-01
1.507011760364879266e-07,1.541003313931551266e-01
1.510521209601200051e-07,1.541924476623534601e-01
1.509941418965657571e-07,1.539634213303074373e-01
1.469275879137443767e-07,1.517815300912567500e-01
1.468726793924967453e-07,1.508961301861386772e-01
1.469184485348788363e-07,1.512013782154429664e-01
1.468162175380822613e-07,1.511862061240455968e-01
1.471504009131229172e-07,1.515369704275419671e-01
1.470161279042561723e-07,1.511099844267873582e-01
1.468009731986306027e-07,1.513845270330255177e-01
1.468619866804642993e-07,1.512320836385090683e-01
1.468208052895285890e-07,1.514459378791577493e-01
1.467963854471842484e-07,1.511555007009794671e-01
1.468345324198405101e-07,1.510485735806551266e-01
1.468818187713623121e-07,1.511555007009794671e-01
1.430548754605380100e-07,1.495226946744051266e-01
1.429434689608487265e-07,1.488818544330018367e-01
1.430350072456128555e-07,1.488973877646705968e-01
1.428214058731541386e-07,1.488973877646705968e-01
1.424338311860055624e-07,1.488666823416044671e-01
1.428778677275686492e-07,1.490043148849949373e-01
1.427451119278416418e-07,1.489280931877366987e-01
1.428015737822561523e-07,1.489432652791340683e-01
1.428076787428422440e-07,1.490043148849949373e-01
1.426963083671801022e-07,1.488518714904784601e-01
1.428519306760845710e-07,1.492940295826304664e-01
1.426046978343616899e-07,1.487904606443462563e-01
1.427512168884277335e-07,1.491719303709087563e-01
1.385229356361157925e-07,1.467306686170173069e-01
1.386511398084235873e-07,1.463033213759913076e-01
1.388052087841612034e-07,1.463340267990574373e-01
1.388860904809200546e-07,1.463947151646469158e-01
1.387090827479507202e-07,1.463184934673886772e-01
1.387426780931877428e-07,1.463033213759913076e-01
1.389730771382649710e-07,1.463033213759913076e-01
1.386434815146706428e-07,1.463184934673886772e-01
1.387518174720532831e-07,1.464561260107791196e-01
1.388753977688876085e-07,1.464405926791103874e-01
1.385092085058038714e-07,1.461508779814748582e-01
1.390326095349860718e-07,1.464102484963156481e-01
1.347707329374371081e-07,1.445635882290926266e-01
1.350133419036865198e-07,1.439689867424241987e-01
1.347402081345067022e-07,1.439841588338215683e-01
1.350194829882997532e-07,1.441214301369406481e-01
1.349172158674760366e-07,1.438927650451659601e-01
1.348546490524754343e-07,1.441366022283380177e-01
1.347478664282596466e-07,1.440603805310798069e-01
1.348775516856800638e-07,1.441214301369406481e-01
1.349172158674760366e-07,1.441366022283380177e-01
1.348882443977124834e-07,1.441673076514041196e-01
1.349706433036110720e-07,1.440751913822058139e-01
1.346455993074359300e-07,1.439382813193580968e-01
1.310567133354418270e-07,1.422444256869228874e-01
1.312047134746204930e-07,1.418170784458969158e-01
1.309330969145803600e-07,1.418629559603603874e-01
1.309666922598174090e-07,1.418477838689630177e-01
1.311024824778238915e-07,1.416953404744465683e-01
1.311223145687219044e-07,1.421374985665985469e-01
1.311680837111039424e-07,1.422137202638567854e-01
1.313298109805945295e-07,1.421678427493933139e-01
1.311360416990337990e-07,1.421678427493933139e-01
1.309666922598174090e-07,1.419547109892873582e-01
1.312886295896587927e-07,1.422292535955255177e-01
1.312169233957926501e-07,1.421837373213334088e-01
1.268512985923073474e-07,1.402149778423886772e-01
1.272892662973115105e-07,1.396503592982436259e-01
1.274906577485980438e-07,1.399097298130844158e-01
1.273914611700809439e-07,1.398642135388923069e-01
1.272251461491440290e-07,1.396044817837801266e-01
1.273655602426240074e-07,1.394672104806610469e-01
1.271534399552778864e-07,1.394672104806610469e-01
1.269275925376198443e-07,1.393144058458732348e-01
1.269978176463734175e-07,1.396503592982436259e-01
1.271625793341434267e-07,1.394368662978663076e-01
1.273380698579730501e-07,1.396958755724357348e-01
1.272053140582460426e-07,1.398183360244288076e-01
1.235934893290201950e-07,1.374377626361268367e-01
1.237094835801558062e-07,1.368579720005844158e-01
1.234607696533203027e-07,1.367665782119288076e-01
1.233707124536687696e-07,1.366596510916044671e-01
1.234927755413633575e-07,1.366596510916044671e-01
1.233905806685938976e-07,1.367203394571939734e-01
1.233920978777336351e-07,1.370562929095643367e-01
1.235309225140195927e-07,1.369038495150478874e-01
1.233829584988680948e-07,1.363240588795054664e-01
1.233142867232814007e-07,1.364616914228959088e-01
1.233844757080078058e-07,1.366903565146705968e-01
1.233951322960131102e-07,1.369193828467166196e-01
1.232593420780066277e-07,1.368579720005844158e-01
1.195452863519842050e-07,1.346453753384676266e-01
1.197009086608886738e-07,1.340659459431965683e-01
1.197970708211262988e-07,1.339893630056669671e-01
1.195849866578073194e-07,1.342946110349712563e-01
1.196551395185065829e-07,1.343097831263686259e-01
1.198550498846805468e-07,1.344773986122824450e-01
1.198641892635461136e-07,1.341721505829781835e-01
1.196414123881946883e-07,1.341114622173886772e-01
1.196932864911628445e-07,1.343860048236268367e-01
1.196093703761245448e-07,1.342483722802363943e-01
1.198534965515136676e-07,1.343404885494347278e-01
1.196322730093291214e-07,1.340959288857199450e-01
1.160692879647919682e-07,1.322192856759735469e-01
1.159090417804140167e-07,1.317308888290867341e-01
1.158846580620968045e-07,1.317157167376893367e-01
1.161044005191687548e-07,1.315325679201067854e-01
1.160906733888568338e-07,1.318988655552719158e-01
1.160402803710012734e-07,1.316850113146232348e-01
1.160387631618615491e-07,1.317005446462919671e-01
1.161928682616262671e-07,1.320820143728544671e-01
1.159899596011999963e-07,1.319595539208613943e-01
1.159945112286192088e-07,1.318681601322058139e-01
1.159639864256887632e-07,1.319140376466692854e-01
1.159792668891675502e-07,1.317919384349475753e-01
1.122499668236934822e-07,1.297931960134794671e-01
1.125673525261156533e-07,1.297321464076186259e-01
1.127260453773267388e-07,1.295338254986386772e-01
1.126009117473255607e-07,1.295031200755725753e-01
1.124422188961144752e-07,1.296707355614863943e-01
1.124147646354906463e-07,1.295182921669699450e-01
1.124742609081846451e-07,1.292892658349238943e-01
1.124407016869747376e-07,1.295489975900360469e-01
1.125505548534971420e-07,1.298845898021350753e-01
1.121263504028320283e-07,1.297469572587446329e-01
1.122743866660378228e-07,1.292892658349238943e-01
1.125505548534971420e-07,1.295945138642281835e-01
1.089418006665778845e-07,1.277178706544817854e-01
1.091645775419292967e-07,1.273819172021113943e-01
1.090364094936486567e-07,1.271835962931314734e-01
1.090775908845843802e-07,1.274581388993696329e-01
1.090043674815784868e-07,1.271835962931314734e-01
1.092866406296238713e-07,1.272143017161975753e-01
1.088578845515395716e-07,1.271687854420054664e-01
1.087953177365389825e-07,1.273364009279192854e-01
1.090654170874393251e-07,1.271987683845288430e-01
1.087907299850926283e-07,1.271532521103367341e-01
1.090012969392718701e-07,1.273056955048531835e-01
1.087937644033720901e-07,1.272757125623298069e-01
1.054032354643850587e-07,1.253676414489745539e-01
1.057114817879416762e-07,1.247423345392400101e-01
1.056489149729410871e-07,1.249406554482199450e-01
1.056946841153231649e-07,1.248799670826304525e-01
1.058808673511852077e-07,1.250017050540808139e-01
1.055207469246604207e-07,1.247575066306373798e-01
1.057297605456727966e-07,1.248185562364982348e-01
1.059281175786798549e-07,1.248185562364982348e-01
1.056626421032530082e-07,1.248644337509617203e-01
1.056595715609463915e-07,1.249099500251538430e-01
1.055924531185265898e-07,1.247116291161738943e-01
1.057267261273933083e-07,1.248799670826304525e-01
1.055970408699729308e-07,1.248185562364982348e-01
1.020904815558231200e-07,1.228349859064275101e-01
1.022354472767223110e-07,1.225604433001893506e-01
1.022827697522712414e-07,1.226518370888449450e-01
1.025299664699670206e-07,1.226366649974475753e-01
1.022553154916474390e-07,1.225911487232554525e-01
1.022644548705129926e-07,1.226059595743814595e-01
1.019287542863325726e-07,1.224383440884676405e-01
1.021316990707859852e-07,1.223158836364745677e-01
1.021759510040283254e-07,1.224990324540571329e-01
1.021667755011356169e-07,1.227280587861031697e-01
1.022125446435176946e-07,1.224686882712623798e-01
1.018265232895359844e-07,1.223010727853485607e-01
9.834134939945106556e-08,1.205461675470525101e-01
9.873809958949233703e-08,1.200577707001656697e-01
9.860075603831897538e-08,1.200425986087683000e-01
9.895170096195106716e-08,1.202102140946821329e-01
9.891662453160142219e-08,1.202560916091456045e-01
9.890286127726237270e-08,1.201798699118873798e-01
9.883270841656309600e-08,1.201032869743577924e-01
9.874420455007842880e-08,1.197984001853248798e-01
9.897005196773644441e-08,1.201954032435561259e-01
9.884184779542864959e-08,1.199663769115100753e-01
9.870146982597582611e-08,1.200577707001656697e-01
9.882656733194987581e-08,1.201191815462979012e-01
9.513541423913204294e-08,1.180434949470288430e-01
9.561152891679244125e-08,1.174944097345525101e-01
9.588314547683254784e-08,1.177537802493933000e-01
9.557945078069514292e-08,1.174026547056255532e-01
9.530938755382191551e-08,1.173260717680959520e-01
9.544214335354892292e-08,1.175550981001420026e-01
9.538109374768805816e-08,1.173112609169699450e-01
9.547725590792569631e-08,1.174637043114863943e-01
9.548942970507072496e-08,1.173419663400360607e-01
9.543755560210256868e-08,1.176313197974002273e-01
9.570458441069632104e-08,1.174488934603604012e-01
9.555354985323819320e-08,1.174181880372942854e-01
9.191730528166800490e-08,1.150224425575949450e-01
9.282676378885905718e-08,1.150679588317870677e-01
9.256583994085139660e-08,1.147020224368933000e-01
9.247119498975349598e-08,1.147786053744229012e-01
9.216905362678297024e-08,1.145188736193107348e-01
9.239645437760787827e-08,1.144733573451186259e-01
9.243460135026412672e-08,1.145340457107081045e-01
9.241628646850586464e-08,1.149310487689393506e-01
9.231557268084902714e-08,1.146864891052245677e-01
9.255666443795868812e-08,1.150072704661975753e-01
9.249258041381836153e-08,1.148085883169462779e-01
9.266192985303473821e-08,1.150986642548531697e-01
8.890976327838320870e-08,1.127946738040808000e-01
8.931717005642978453e-08,1.124897870150479012e-01
8.964369513771752247e-08,1.125959916548295026e-01
8.942702322295218886e-08,1.124132040775183000e-01
8.969863978299228222e-08,1.126574025009617203e-01
8.942398880467270057e-08,1.127484350493459520e-01
8.958419886502353689e-08,1.123828598947235607e-01
8.939194679260254389e-08,1.124283761689156697e-01
8.924849828084310371e-08,1.123828598947235607e-01
8.929123300494570639e-08,1.125959916548295026e-01
8.942854043209191316e-08,1.127029187751538430e-01
8.928057641694040203e-08,1.124435482603130532e-01
8.935224648677941627e-08,1.125959916548295026e-01
8.588997522989910054e-08,1.104596166899709520e-01
8.642403284708659202e-08,1.102616570212623798e-01
8.633708231376880400e-08,1.101850740837327924e-01
8.636301936525286890e-08,1.102616570212623798e-01
8.652019500732421693e-08,1.103989283243814595e-01
8.649122353756066373e-08,1.100633361122824450e-01
8.628520821080063448e-08,1.099871144150242203e-01
8.632946014404297470e-08,1.101088523864745677e-01
8.643169114083954973e-08,1.100019252661502273e-01
8.639202695904356375e-08,1.100478027806137127e-01
8.606394854458895987e-08,1.098494818716337779e-01
8.605629025083600216e-08,1.097887935060442854e-01
8.301977677778763952e-08,1.078052231759735607e-01
8.315404978665439770e-08,1.073623426032788430e-01
8.306402871102997974e-08,1.072554154829545026e-01
8.332188201673103685e-08,1.076061797864508868e-01
8.298162980513139107e-08,1.073775146946762127e-01
8.319371396845038367e-08,1.073930480263449450e-01
8.330663767727939148e-08,1.075606635122587779e-01
8.332495255903764032e-08,1.077131069067752273e-01
8.315253257751464693e-08,1.074999751466692854e-01
8.305333599899754696e-08,1.073168263290867203e-01
8.315712032896100117e-08,1.074999751466692854e-01
8.329901550755356218e-08,1.073930480263449450e-01
7.985350579926462935e-08,1.053328947587446329e-01
8.008545817750872350e-08,1.051497459411620677e-01
8.044406139489375976e-08,1.048752033349238943e-01
8.017703258630000740e-08,1.049821304552482348e-01
8.044250806172689381e-08,1.052411397298176621e-01
8.014343724106297155e-08,1.053636001818107348e-01
8.027008808020390043e-08,1.054398218790689595e-01
8.033724264665084372e-08,1.052411397298176621e-01
8.031282280430648988e-08,1.050886963353012127e-01
8.028992017110188680e-08,1.051956234556255532e-01
8.026401924364495031e-08,1.052718451528837779e-01
8.005189895629882929e-08,1.048444979118577924e-01
7.704128641070741638e-08,1.034407182173295026e-01
7.747311303109834606e-08,1.029216159473765463e-01
7.733118172847864340e-08,1.031047647649591115e-01
7.740599458867854441e-08,1.029978376446347849e-01
7.757230960961544603e-08,1.030899539138331045e-01
7.736932870113489184e-08,1.028453942501183216e-01
7.735256715254350895e-08,1.029678547021113943e-01
7.775083455172451795e-08,1.029371492790452924e-01
7.763332309144915590e-08,1.029830267935087779e-01
7.739071412519975739e-08,1.029068050962505532e-01
7.726406328605884175e-08,1.028916330048531697e-01
7.742734388871626831e-08,1.028302221587209520e-01
7.398490472273393895e-08,1.009228735259084520e-01
7.446405381867379909e-08,1.006635030110676621e-01
7.465782310023451638e-08,1.004196658278956045e-01
7.474936138499867187e-08,1.005265929482199450e-01
7.453117226109360073e-08,1.006483309196702924e-01
7.472649487582119720e-08,1.008618239200475969e-01
7.470973332722982754e-08,1.007552580399946329e-01
7.455100435199160034e-08,1.006179867368755532e-01
7.426414345249984838e-08,1.006028146454781697e-01
7.481955036972509022e-08,1.009535789489745677e-01
7.456624869144324570e-08,1.006179867368755532e-01
7.466544526996034568e-08,1.009535789489745677e-01
7.445032668836189125e-08,1.006790363427363943e-01
7.129471229784415897e-08,9.869546601266566965e-02
7.177844914523038658e-08,9.831399628610316965e-02
7.168384031815962761e-08,9.819153583411009689e-02
7.163807117577754987e-08,9.788628780480582159e-02
7.157705769394383999e-08,9.778008316502422026e-02
7.172047008167613853e-08,9.814565831964661147e-02
7.174337271488075484e-08,9.800874825679889435e-02
7.174181938171386243e-08,9.814565831964661147e-02
7.183035937222568451e-08,9.811531413685187220e-02
7.179221239956943607e-08,9.834397922862654629e-02
7.180745673902106820e-08,9.823777458884494496e-02
7.187916293288722408e-08,9.806943662238838677e-02
6.848097570014723494e-08,9.594823374892721968e-02
6.882278124491374666e-08,9.521599971886832159e-02
6.884564775409120809e-08,9.549054232510649498e-02
6.899978897788308105e-08,9.559746944543082159e-02
6.911422989585182639e-08,9.558229735403345195e-02
6.928361545909534472e-08,9.578061826301338677e-02
6.899368401729700252e-08,9.565888029156305317e-02
6.917524337768554950e-08,9.555195317123871268e-02
6.882429845405348419e-08,9.547537023370911147e-02
6.892804665998979675e-08,9.530775474779529244e-02
6.899978897788308105e-08,9.570439656575516207e-02
6.900589393846915959e-08,9.564298571962294437e-02
6.556193756334709270e-08,9.356802160089661147e-02
6.629131779526219388e-08,9.311033017707588677e-02
6.649270924654874047e-08,9.306481390288377786e-02
6.613565936233058339e-08,9.272886045051338677e-02
6.624096090143377513e-08,9.300340305675154629e-02
6.654461947354403840e-08,9.317174102320810447e-02
6.644390568588720090e-08,9.303410847981766207e-02
6.628214229236949863e-08,9.314103560014200256e-02
6.640879313151042751e-08,9.282025423916899498e-02
6.635843623768199552e-08,9.338487278331404629e-02
6.624399531971325019e-08,9.337006193218805317e-02
6.615856199553518647e-08,9.306481390288377786e-02
6.305944558345910636e-08,9.120298154426338677e-02
6.362402800357704345e-08,9.080670096657487977e-02
6.345771298264012859e-08,9.044004209113838677e-02
6.375374938502456256e-08,9.071458469737654629e-02
6.355690956115722856e-08,9.063836300011832159e-02
6.368200706713127826e-08,9.059284672592621268e-02
6.373084675181995948e-08,9.069977384625055317e-02
6.362402800357704345e-08,9.080670096657487977e-02
6.375678380330403762e-08,9.083668390909825641e-02
6.368048985799154073e-08,9.088292266383310447e-02
6.355232180971088756e-08,9.060765757705221968e-02
6.372932954268022195e-08,9.079080639463478486e-02
6.043947826732288638e-08,8.860891515558411147e-02
6.096439650564483749e-08,8.825815085208772726e-02
6.127108949603457582e-08,8.862408724698149498e-02
6.103458549037124261e-08,8.810570745757127786e-02
6.112157214771617228e-08,8.838025006380943738e-02
6.124974019599683869e-08,8.838025006380943738e-02
6.098881634798917810e-08,8.830402836655121268e-02
6.120852268103397353e-08,8.862408724698149498e-02
6.108035463275332036e-08,8.847164385246503171e-02
6.092317899068197234e-08,8.841095548687555317e-02
6.106814471158115005e-08,8.857857097278937220e-02
6.099795572685473170e-08,8.834954464074332159e-02
6.095218658447265395e-08,8.827332294348509689e-02
5.774014646356756604e-08,8.659463940244728486e-02
5.849394653782700121e-08,8.595379916104399498e-02
5.835967352896026288e-08,8.580135576652753171e-02
5.843748468341249730e-08,8.612213712750055317e-02
5.867554202224269646e-08,8.616765340169266207e-02
5.853512792876273133e-08,8.601521000717621268e-02
5.840851321364895072e-08,8.596933249271272726e-02
5.843441414110588059e-08,8.606072628136832159e-02
5.858700203173088099e-08,8.580135576652753171e-02
5.848325382579456843e-08,8.604555418997095195e-02
5.874573100696910158e-08,8.610624255556044437e-02
5.839933771075624886e-08,8.609143170443443738e-02
5.535668315309467927e-08,8.397022883097325641e-02
5.586328650965834846e-08,8.349736531575516207e-02
5.605095083063299383e-08,8.357358701301338677e-02
5.593806324583111443e-08,8.361946452747687220e-02
5.629818367235588161e-08,8.375673583059595195e-02
5.616694508176861834e-08,8.389400713371503171e-02
5.610744880907463276e-08,8.366498080166899498e-02
5.588925968516956825e-08,8.328351107510649498e-02
5.590602123376095114e-08,8.363427537860287919e-02
5.591823115493312806e-08,8.343595446962294437e-02
5.585111271251331980e-08,8.352807073882127786e-02
5.594568541555694373e-08,8.334492192123871268e-02
5.294731891516482954e-08,8.165070504853215450e-02
5.375909805297851276e-08,8.159001668294266207e-02
5.348441095063180931e-08,8.149826165401570510e-02
5.374992255008582413e-08,8.157448335127392980e-02
5.381097215594668228e-08,8.148308956261832159e-02
5.364003325953627815e-08,8.154377792820781401e-02
5.362785946239124950e-08,8.149826165401570510e-02
5.354546055649266084e-08,8.142167871648610389e-02
5.352255792328805776e-08,8.139133453369136462e-02
5.364310380184289486e-08,8.169694380326700256e-02
5.360343962004690889e-08,8.143757328842621268e-02
5.336845282352332644e-08,8.126923532196965450e-02
5.040057500203450960e-08,7.949951923254759689e-02
5.121997630957400888e-08,7.896524487119728486e-02
5.128561366688121465e-08,7.908734408291899498e-02
5.124894777933757532e-08,7.893490068840253171e-02
5.126881599426269672e-08,7.898041696259465450e-02
5.121538855812767450e-08,7.873657977942259689e-02
5.111467477047082376e-08,7.891972859700516207e-02
5.134355660640832767e-08,7.783600778290715450e-02
5.123677398219252681e-08,7.875139063054860389e-02
5.123829119133227758e-08,7.888902317393904629e-02
5.111315756133109285e-08,7.899595029426338677e-02
5.125656994906339139e-08,7.908734408291899498e-02
4.822767864574086466e-08,7.701237996419266207e-02
4.875718463550915017e-08,7.663091023763016207e-02
4.883958354140773221e-08,7.663091023763016207e-02
4.887465997175737056e-08,7.573033824111471968e-02
4.879533160816539861e-08,7.638635057391537919e-02
4.885937950827859017e-08,7.629495678525978486e-02
4.882123253562234172e-08,7.618802966493544437e-02
4.893722678675796624e-08,7.638635057391537919e-02
4.881209315675678151e-08,7.682923114661009689e-02
4.872207208113237016e-08,7.638635057391537919e-02
4.882585641109582437e-08,7.647846684311371268e-02
4.879836602644487367e-08,7.621873508800154629e-02
4.890821919296727139e-08,7.617321881380943738e-02
4.587322292905865289e-08,7.357842994458743680e-02
4.678264531222257014e-08,7.373123457937524883e-02
4.661784750042539944e-08,7.334976485281274883e-02
4.670635136691007325e-08,7.389921130556044437e-02
4.653393138538707986e-08,7.374676791104399498e-02
4.649881883101029986e-08,7.333459276141537919e-02
4.673228841839415139e-08,7.356361909346142980e-02
4.661633029128566191e-08,7.353291367039531401e-02
4.657662998546254090e-08,7.356361909346142980e-02
4.662546967015122212e-08,7.353291367039531401e-02
4.677198872421727240e-08,7.357842994458743680e-02
4.662243525187174706e-08,7.344151988173971968e-02
4.350807450034402159e-08,7.112199609929860389e-02
4.436103502909342831e-08,7.121338988795419822e-02
4.443122401381984005e-08,7.109165191650386462e-02
4.429998542323257679e-08,7.109165191650386462e-02
4.416571241436583184e-08,7.106094649343774883e-02
4.429695100495310173e-08,7.096955270478215450e-02
4.429850433811996767e-08,7.092403643059003171e-02
4.441749688350793222e-08,7.154934334032458931e-02
4.453804276206276932e-08,7.116787361376208931e-02
4.438086711999142130e-08,7.096955270478215450e-02
4.445109222874496807e-08,7.104577440204037919e-02
4.438852541374438563e-08,7.116787361376208931e-02
4.133976589549672427e-08,6.892457152857919822e-02
4.217441154248786893e-08,6.868073434540715450e-02
4.203862132448139307e-08,6.843689716223509689e-02
4.212557185779918771e-08,6.842136383056636462e-02
4.208287325772372667e-08,6.874214519153937220e-02
4.242312546932336582e-08,6.878766146573149498e-02
4.221714626659047161e-08,6.852829095089070510e-02
4.226291540897254274e-08,6.883317773992360389e-02
4.228733525131688335e-08,6.895527695164531401e-02
4.238194407838764232e-08,6.849758552782458931e-02
4.221104130600437984e-08,6.871143976847325641e-02
4.229954517248905366e-08,6.887905525438708931e-02
3.913786194541237787e-08,6.640708807742952413e-02
4.010985114357688418e-08,6.633050513989993680e-02
3.995881658611876296e-08,6.631569428877392980e-02
4.003662774057099738e-08,6.626981677431044437e-02
3.996340433756510396e-08,6.630016095710518365e-02
4.017852291916356500e-08,6.637638265436340834e-02
4.016938354029800479e-08,6.630016095710518365e-02
4.008395021611994769e-08,6.593422456221142980e-02
4.010681672529740912e-08,6.625428344264169822e-02
4.013427098592122479e-08,6.617806174538347352e-02
4.000917347994718171e-08,6.596492998527753171e-02
3.996950929815119573e-08,6.619359507705221968e-02
3.710689689173843560e-08,6.439281232429268365e-02
3.770810907537287698e-08,6.379784959735287919e-02
3.775543155092182068e-08,6.393475966020059631e-02
3.804688020185991364e-08,6.421002474698149498e-02
3.783017216306744500e-08,6.376714417428676340e-02
3.801787260806921879e-08,6.405758135246503171e-02
3.785307479627205470e-08,6.417931932391537919e-02
3.782254999334162232e-08,6.417931932391537919e-02
3.779813015099728171e-08,6.399617050633281401e-02
3.794920083248254458e-08,6.384372711181636462e-02
3.774777325716885634e-08,6.402687592939892980e-02
3.771880178740530976e-08,6.362987287116768365e-02
3.789122176892830315e-08,6.424000768950487161e-02
3.485925992329915972e-08,6.218021566217591528e-02
3.579310214880741758e-08,6.181427926728215450e-02
3.588312322443182230e-08,6.208882187352031401e-02
3.574274525497899221e-08,6.170735214695781401e-02
3.578392664591471571e-08,6.170735214695781401e-02
3.581752199115175819e-08,6.163113044969958931e-02
3.566948572794596376e-08,6.161595835830221274e-02
3.567559068853205553e-08,6.169218005556044437e-02
3.570763270060221220e-08,6.123448863173971274e-02
3.584042462435636127e-08,6.176876299309003865e-02
3.564968976107511242e-08,6.147832581491177034e-02
3.584194183349609880e-08,6.163113044969958931e-02
3.259478915821422426e-08,5.955616633097326335e-02
3.368736035896070270e-08,5.911328575827853871e-02
3.370415803157922063e-08,5.903706406102031401e-02
3.350424766540527654e-08,5.912845784967591528e-02
3.357902440157804252e-08,5.894567027236471274e-02
3.369957028013287301e-08,5.926609039306636462e-02
3.374840996482155423e-08,5.908258033521242986e-02
3.371481461958451837e-08,5.915916327274202413e-02
3.364614284399784417e-08,5.903706406102031401e-02
3.369957028013287301e-08,5.912845784967591528e-02
3.356833168954560313e-08,5.883874315204037919e-02
3.348441557450728355e-08,5.864006100278907480e-02
3.073472687692353784e-08,5.674824570164531401e-02
3.139240091497248313e-08,5.624467676336110389e-02
3.150532462380149756e-08,5.639748139814892286e-02
3.174486304774429259e-08,5.651921936959927034e-02
3.161517779032389527e-08,5.584767370512986467e-02
3.157551360852790930e-08,5.619843800862625582e-02
3.166246414184571055e-08,5.644299767234103871e-02
3.151753454497366786e-08,5.645816976373841528e-02
3.159227515711929219e-08,5.621433258056636462e-02
3.167926181446422848e-08,5.648887518680452413e-02
3.163500988122189488e-08,5.639748139814892286e-02
3.171589157798073939e-08,5.642746434067230643e-02
2.887311126246597224e-08,5.449013276533642286e-02
2.975511550903320885e-08,5.398620258678085010e-02
2.975208109075373379e-08,5.413864598129730643e-02
2.962387691844593897e-08,5.407795761570781401e-02
2.985886371496952142e-08,5.415417931296603871e-02
2.972459070610278309e-08,5.433732813054860389e-02
2.975356217586633298e-08,5.430698394775386462e-02
2.979022806340998555e-08,5.406242428403907480e-02
2.976118434559215567e-08,5.424557310162163998e-02
2.965898947282271236e-08,5.401654676957559631e-02
2.982985612117883318e-08,5.433732813054860389e-02
2.957810777606386784e-08,5.384893128366177034e-02
2.998096292669123770e-08,5.418488473603215450e-02
2.678723768754439201e-08,5.230751904574303113e-02
2.768596735867587317e-08,5.184982762192230643e-02
2.780654936125784862e-08,5.195675474224663998e-02
2.801404577313048036e-08,5.217060898289531401e-02
2.789960485516173172e-08,5.192604931918053113e-02
2.813614498485219003e-08,5.204850977117360389e-02
2.790419260660807603e-08,5.220131440596142286e-02
2.807505925496419686e-08,5.210919813676309631e-02
2.791336810950077458e-08,5.183465553052492986e-02
2.806595600012577498e-08,5.210919813676309631e-02
2.786452842481209005e-08,5.192604931918053113e-02
2.793164686723189170e-08,5.197228807391537919e-02
2.501719648187811363e-08,5.006457820083150961e-02
2.564279238382975397e-08,4.942409919969958931e-02
2.604413032531738961e-08,4.963723095980553113e-02
2.609141667683919496e-08,4.963723095980553113e-02
2.600443001949426199e-08,4.950032089695781401e-02
2.580300244418057706e-08,4.960652553673942228e-02
2.585032491972952737e-08,4.931717207937524883e-02
2.601512273152669476e-08,4.942409919969958931e-02
2.613415140094179765e-08,4.985108520045420516e-02
2.578013593500311232e-08,4.962242010867952413e-02
2.573891842004025047e-08,4.950032089695781401e-02
2.585339546203613746e-08,4.948478756528907480e-02
2.289158647710627073e-08,4.747051181215224125e-02
2.389410047820120611e-08,4.715009169145059631e-02
2.415502432620887000e-08,4.715009169145059631e-02
2.380866715402314570e-08,4.695213202274202413e-02
2.399481426585804692e-08,4.734841260043053113e-02
2.403144402937456114e-08,4.701282038833150961e-02
2.403603178082090877e-08,4.687554908521242986e-02
2.399636759902491948e-08,4.667758941650386462e-02
2.407266154433741968e-08,4.705905914306636462e-02
2.413674556847774958e-08,4.713528084032458931e-02
2.414588494734330979e-08,4.701282038833150961e-02
2.403906619910038383e-08,4.672310569069598046e-02
2.121308355620413461e-08,4.510547175551900961e-02
2.189669464573716135e-08,4.431218811959927034e-02
2.227664716315992482e-08,4.470882993755913998e-02
2.220342376015403471e-08,4.477024078369136462e-02
2.212864702398127204e-08,4.446499275438708931e-02
2.207829013015284998e-08,4.458673072583742986e-02
2.235294110847242502e-08,4.483092914928085010e-02
2.218662608753551678e-08,4.483092914928085010e-02
2.224001739964341059e-08,4.481575705788348046e-02
2.230565475695061305e-08,4.475434621175125582e-02
2.221559755729906998e-08,4.466331366336702413e-02
2.231786467812278336e-08,4.467812451449303113e-02
1.929045445991285252e-08,4.263314333829008179e-02
2.009309421886097552e-08,4.199302557742952413e-02
2.016938816417347572e-08,4.228237903479369064e-02
2.059818036628492372e-08,4.243518366958150961e-02
2.034943031542229180e-08,4.245071700125024883e-02
2.036164023659446541e-08,4.226756818366769058e-02
2.026858474269058231e-08,4.260316039576670516e-02
2.045780239683209363e-08,4.219098524613809631e-02
2.029452179417466045e-08,4.234378988092591528e-02
2.053713076042406889e-08,4.237449530399202413e-02
2.049439603632147282e-08,4.255692164103185710e-02
2.059969757542466125e-08,4.246552785237625582e-02
2.037385015776663571e-08,4.226756818366769058e-02
1.750365170565518793e-08,4.019188158439863240e-02
1.843901114030318332e-08,3.997874982429269058e-02
1.847715811295943176e-08,4.011565988714040076e-02
1.847105315237334992e-08,3.984111728090224125e-02
1.863585096417051732e-08,4.029880870472296595e-02
1.875639684272535442e-08,4.000909400708742986e-02
1.865113142764930102e-08,3.973419016057790076e-02
1.861908941557913442e-08,3.981041185783613240e-02
1.870911049120354246e-08,3.979523976643875582e-02
1.877929947592995750e-08,3.979523976643875582e-02
1.883727853948420225e-08,3.994804440122657480e-02
1.864654367620295009e-08,3.973419016057790076e-02
1.588619839061390664e-08,3.755229892152724125e-02
1.663541071342699749e-08,3.715565710356736467e-02
1.692685936436509046e-08,3.733880592114992986e-02
1.712976802479137458e-08,3.738468343561341528e-02
1.683069720412745893e-08,3.709460749770650961e-02
1.688871239170884201e-08,3.738468343561341528e-02
1.704281749147357664e-08,3.759781519571935710e-02
1.680783069494999419e-08,3.692699201179269058e-02
1.695583083412864366e-08,3.718636252663348046e-02
1.671322186787923522e-08,3.715565710356736467e-02
1.691006169174657253e-08,3.717082919496474125e-02
1.695276029182203357e-08,3.746090513287163998e-02
1.429316491791696761e-08,3.500374880704008179e-02
1.518730683760209950e-08,3.453124653209335010e-02
1.532009876135624194e-08,3.474437829219929191e-02
1.524225148287686587e-08,3.495823253284796595e-02
1.535362185853900773e-08,3.500374880704008179e-02
1.547875548854019246e-08,3.463817365241769058e-02
1.552456075494940193e-08,3.492752710978185710e-02
1.533227255850127722e-08,3.454605738321935710e-02
1.542688138557203287e-08,3.469886201800717607e-02
1.556115439443877782e-08,3.466815659494106722e-02
1.540856650381377742e-08,3.474437829219929191e-02
1.541467146439986257e-08,3.440914732037163998e-02
1.275196942416104652e-08,3.270011959653907480e-02
1.358661507115219945e-08,3.228794444691046595e-02
1.365376963759913944e-08,3.241004365863217607e-02
1.379418373107910787e-08,3.213550105239400961e-02
1.379111318877249447e-08,3.213550105239400961e-02
1.380487644311153899e-08,3.231864986997657480e-02
1.364307692556670831e-08,3.184506387421574825e-02
1.380787473736387571e-08,3.227277235551309631e-02
1.387961705525716498e-08,3.207409020626179191e-02
1.376672947045528889e-08,3.201340184067230643e-02
1.385826775521943611e-08,3.215031190352001661e-02
1.389948527018229630e-08,3.259319247621474125e-02
1.093160744869348277e-08,2.984668269301901308e-02
1.177084084713098332e-08,2.931240833166869411e-02
1.207294608607437071e-08,2.983151060162163998e-02
1.198595942872943608e-08,2.967906720710518712e-02
1.238574403705019420e-08,2.981597726995290423e-02
1.226823257677483380e-08,2.961765636097296595e-02
1.222708730986624533e-08,2.983151060162163998e-02
1.232776497349594946e-08,2.981597726995290423e-02
1.213703011021470061e-08,2.934311375473480296e-02
1.227892528880726658e-08,2.993771524140324478e-02
1.218431646173650927e-08,2.961765636097296595e-02
1.213092514962861380e-08,2.951072924064862893e-02
1.232014280377012677e-08,2.978527184688679191e-02
9.439251639626247866e-09,2.760338060783612893e-02
1.028458999864983357e-08,2.728332172740585010e-02
1.045700998017282695e-08,2.726742715546574478e-02
1.066605972521233291e-08,2.723708297267100203e-02
1.069351398583614858e-08,2.728332172740585010e-02
1.052261121345289272e-08,2.706946748675717607e-02
1.062336112513687022e-08,2.755786433364401308e-02
1.066757693435207044e-08,2.720673878987625582e-02
1.058521415248062012e-08,2.699288454922758179e-02
1.064319321603486486e-08,2.738952636718745490e-02
1.069044344352953684e-08,2.709981166955191881e-02
1.060652732849121561e-08,2.746574806444568306e-02
7.806553985133319555e-09,2.545219479185157826e-02
8.906675107551348963e-09,2.513141343087856722e-02
9.114243767478254077e-09,2.528385682539502008e-02
8.891430768099701943e-09,2.505519173362033905e-02
8.929577740755952043e-09,2.500931421915685710e-02
9.091341134273649343e-09,2.516211885394467607e-02
9.193608255097364370e-09,2.517692970507068306e-02
9.117314309784864170e-09,2.511624133948119411e-02
9.217991973414569948e-09,2.516211885394467607e-02
9.246999567205261490e-09,2.504001964222296595e-02
9.274453827829077160e-09,2.507072506528907826e-02
9.057781913063746865e-09,2.510070800781245490e-02
6.402665918523620125e-09,2.317818728360258179e-02
7.313641634854407455e-09,2.270568500865585010e-02
7.449467976888024132e-09,2.325477022113217607e-02
7.391488913333781044e-09,2.290364467736441881e-02
7.515069210168091557e-09,2.287330049456967607e-02
7.740880503798980411e-09,2.296433304295390776e-02
7.595914782899802693e-09,2.301057179768875582e-02
7.801966233686971932e-09,2.304091598048350203e-02
7.667657100793091957e-09,2.298022761489401308e-02
7.988077221494736469e-09,2.305644931215224125e-02
7.815693363998879767e-09,2.290364467736441881e-02
7.791273521654537503e-09,2.314784310080783905e-02
5.128571481415723939e-09,2.088936892422758179e-02
5.851846752744736656e-09,2.037062789454600203e-02
6.021196191961119125e-09,2.041614416873811788e-02
5.983049219304869024e-09,2.032475038008252008e-02
6.231763146140362613e-09,2.026370077422166502e-02
6.282156163995920532e-09,2.059929298632068306e-02
6.376801115093813704e-09,2.024852868282429191e-02
6.202827800403946099e-09,2.035545580314862893e-02
6.034959446300164474e-09,2.017230698556606722e-02
6.254701903372104861e-09,2.017230698556606722e-02
6.250078027898619725e-09,2.020301240863217607e-02
6.204308885516546942e-09,2.040097207734074478e-02
3.666740475278916454e-09,1.826495835275356722e-02
4.469380234227040291e-09,1.795971032344929191e-02
4.496834494850855961e-09,1.782207778005884605e-02
4.664666724927501727e-09,1.792900490038318306e-02
4.629590294577862546e-09,1.774585608280061788e-02
4.541122552120328728e-09,1.760894601995290423e-02
4.834088412198157568e-09,1.791419404925717607e-02
4.814256321300164581e-09,1.763965144301901308e-02
4.699779279304277594e-09,1.750201889962856722e-02
4.861542672821974066e-09,1.762375687107890776e-02
4.692120985551319052e-09,1.782207778005884605e-02
4.855401588208752227e-09,1.733440341371474125e-02
5.072109627001217554e-09,1.780726692893283905e-02
2.124100020437534106e-09,1.560948111794207248e-02
3.234913854887995462e-09,1.522801139137957248e-02
3.111333558053685776e-09,1.513697884299533905e-02
3.448551351373850697e-09,1.539634935783612893e-02
3.210530136570790297e-09,1.503005172267100203e-02
3.239501606334343912e-09,1.516732302579008353e-02
3.378362366647436063e-09,1.528942223751179191e-02
3.608761411724672953e-09,1.545703772342561788e-02
3.543160178444606355e-09,1.539634935783612893e-02
3.477558945164540584e-09,1.559467026681606548e-02
3.440929181648027187e-09,1.512180675159796768e-02
3.572167772235297069e-09,1.516732302579008353e-02
5.554502660577992101e-10,1.307682557539502008e-02
1.597592324921583462e-09,1.324444106130884431e-02
1.834168578639179498e-09,1.303130930120290250e-02
1.730384248675726527e-09,1.289367675781245490e-02
1.876903302741777634e-09,1.304612015232890949e-02
1.950126705747666501e-09,1.284816048362033905e-02
1.841790748365001974e-09,1.292438218087856548e-02
2.142342654141517018e-09,1.298507054646805443e-02
2.075260335748850404e-09,1.325997439297758353e-02
2.104195681485267331e-09,1.316821936405061788e-02
2.294930544766517004e-09,1.319892478711672847e-02
2.352981856375033879e-09,1.292438218087856548e-02
-8.926536097671002331e-10,1.075730179295390949e-02
2.594427628951083252e-11,1.034548788359666502e-02
2.014348001191154828e-10,1.033031579219929191e-02
1.480073639840835116e-10,1.052863670117922847e-02
1.175186850807928068e-10,1.025409409494106548e-02
1.251408548066154894e-10,1.033031579219929191e-02
4.638758572665172165e-10,1.058968630704008353e-02
4.623947721539165798e-10,1.045241500392100203e-02
3.570932330507264924e-10,1.063556382150356548e-02
2.807992877382264991e-10,1.046722585504700730e-02
3.494349392977672265e-10,1.048275918671574651e-02
7.095192417953998334e-10,1.068108009569568306e-02
-2.287330049456967731e-09,7.873159466367735462e-03
-1.426711226954600186e-09,8.041497432824291913e-03
-1.052863670117922902e-09,8.148424553148628929e-03
-1.144401954882068261e-09,7.949742403897328002e-03
-1.062003048983482702e-09,7.889054038307839051e-03
-1.091010642774172796e-09,7.858348615241728466e-03
-8.590582645300617927e-10,7.903864889433846047e-03
-1.000953443122628074e-09,7.903864889433846047e-03
-9.475621310147328150e-10,7.965275735566065482e-03
-9.017568646055235524e-10,7.675199797659165019e-03
-1.077247388435128067e-09,7.782126917983502035e-03
-9.414932944557839354e-10,7.919398221102583527e-03
-3.622474092425717511e-09,5.630218621456217418e-03
-2.732883800159796558e-09,5.355676015218054434e-03
-2.658107063987033888e-09,5.600235678932839051e-03
-2.593986915819568134e-09,5.630218621456217418e-03
-2.494826461329600300e-09,5.553996924197990986e-03
-2.514694676254730388e-09,5.355676015218054434e-03
-2.474994370431606898e-09,5.431897712476281732e-03
-2.450610652114401320e-09,5.431897712476281732e-03
-2.369728955355553084e-09,5.447431044145019212e-03
-2.349860740430422996e-09,5.431897712476281732e-03
-2.386490503946935566e-09,5.401192289410171148e-03
-2.256805246526540314e-09,5.508119409734508164e-03
-2.201896725278907732e-09,5.431897712476281732e-03
-5.093444477428084795e-09,3.433155291008182196e-03
-4.180951551957559935e-09,3.204490199233502035e-03
-4.123008612430452707e-09,3.173784776167391450e-03
-4.060405673402724483e-09,3.326228170683845180e-03
-3.830006628325486352e-09,3.143079353101281299e-03
-3.910888325084335002e-09,3.311417319557839051e-03
-3.839146007191046565e-09,3.311417319557839051e-03
-3.958138552579007801e-09,3.204490199233502035e-03
-3.743019970980553377e-09,3.448327382405554434e-03
-3.849838719223480994e-09,3.311417319557839051e-03
-3.680489280007098112e-09,2.990635958584827569e-03
-3.750642140706375232e-09,3.158612684770019646e-03
-6.407239220359103643e-09,1.128803599964444283e-03
-5.577145200787164136e-09,5.645462960907462937e-04
-5.531376058405091353e-09,8.235555706601710392e-04
-5.395585840398610535e-09,7.173509308785659157e-04
-5.468845367431636502e-09,4.883245988325195372e-04
-5.297906471021243131e-09,8.087447195341649102e-04
-5.201816558837886629e-09,7.018175992098277857e-04
-5.258278413252392187e-09,1.022598960182839051e-03
-5.210919813676309328e-09,1.022598960182839051e-03
-5.172772841020059228e-09,8.087447195341649102e-04
-5.230751904574303143e-09,7.628672050706824127e-04
-5.137696410670420875e-09,8.087447195341649102e-04
-7.804986202355582061e-09,-2.304423939098055717e-03
-6.883317773992360302e-09,-2.335129362164165868e-03
-6.729248798254759885e-09,-2.243013092965834981e-03
-6.721626628528937202e-09,-2.517555699203997965e-03
-6.872625061959926699e-09,-2.228202241839828852e-03
-6.744493137706404423e-09,-2.822803728508271100e-03
-6.648330977468774549e-09,-2.563794453938846463e-03
-6.491155335397426526e-09,-2.059864275383271100e-03
-6.642262140909825255e-09,-1.403851942582608333e-03
-6.532372850360287546e-09,-1.999175909793782582e-03
-6.677338571259465263e-09,-1.938126303932927955e-03
-6.611737337979399492e-09,-2.670360333991817370e-03
-9.111158775560779053e-09,-6.042899507464828852e-03
-8.163553295713478326e-09,-6.637500994133271534e-03
-8.265820416537193354e-09,-6.668206417199381252e-03
-8.277994213682228627e-09,-6.805838960589828852e-03
-8.171211589466437696e-09,-6.622690143007265405e-03
-8.281064755988838719e-09,-6.973454446503654820e-03
-8.053700129191075649e-09,-6.805838960589828852e-03
-7.894971153952853409e-09,-6.057710358590834981e-03
-8.017034241647426392e-09,-6.942749023437544235e-03
-7.898041696259465156e-09,-6.653034325802009014e-03
-7.997238274776570091e-09,-6.713722691391497965e-03
-8.033868038293082661e-09,-6.851355234781945566e-03
-1.058364636970288428e-08,-9.201584440289166736e-03
-9.687951116850878177e-09,-9.399905349269101554e-03
-9.626901510990023342e-09,-9.628570441043782582e-03
-9.678739489931044591e-09,-9.399905349269101554e-03
-9.611657171538377976e-09,-9.490937897653334981e-03
-9.372082623568442947e-09,-9.277806137547393167e-03
-9.546055938258310551e-09,-9.476127046527329720e-03
-9.567369114268904383e-09,-9.735497561368119598e-03
-9.468208659778937789e-09,-9.597865017977671998e-03
-9.454481529467029954e-09,-9.567520835182927522e-03
-9.394949132745910995e-09,-9.750669652765490969e-03
-9.234739072395087912e-09,-9.552348743785556151e-03
-9.175206675673972261e-09,-9.766202984434230183e-03
-1.212021798798531775e-08,-1.161214077111450901e-02
-1.116347312927245681e-08,-1.190257794929277559e-02
-1.091782974474357331e-08,-1.205502134380923018e-02
-1.083846525712446302e-08,-1.194809422348489317e-02
-1.094221346306077889e-08,-1.219193140665694557e-02
-1.086288509946880529e-08,-1.203948801214049097e-02
-1.086743672688801622e-08,-1.196326631488226454e-02
-1.080638712102716139e-08,-1.185633919455792752e-02
-1.073623426032788468e-08,-1.205502134380923018e-02
-1.069808728767163458e-08,-1.181046168009444557e-02
-1.074844418150005499e-08,-1.210053761800134603e-02
-1.067670186360676572e-08,-1.173423998283621913e-02
-1.344011769150242423e-08,-1.377922115903916674e-02
-1.259936708392518450e-08,-1.412998546253555615e-02
-1.231095285126656660e-08,-1.402305834221121913e-02
-1.231095285126656660e-08,-1.396236997662173018e-02
-1.236130974509498866e-08,-1.382473743323128258e-02
-1.240556167833732391e-08,-1.409928003946944557e-02
-1.231095285126656660e-08,-1.402305834221121913e-02
-1.231709393587979009e-08,-1.387061494769476454e-02
-1.232471610560561277e-08,-1.397754206801910155e-02
-1.248037453853722326e-08,-1.434383970318423018e-02
-1.228349859064275093e-08,-1.409928003946944557e-02
-1.226518370888449381e-08,-1.417550173672767200e-02
-1.507285147002248427e-08,-1.599181782115594030e-02
-1.410693110841692808e-08,-1.634258212465232799e-02
-1.407340801123416229e-08,-1.676956812540694383e-02
-1.399556073275478953e-08,-1.655643636530100202e-02
-1.387653206333969161e-08,-1.661712473089049097e-02
-1.392082012060916189e-08,-1.654090303363226627e-02
-1.390705686627011737e-08,-1.676956812540694383e-02
-1.364457968509558091e-08,-1.661712473089049097e-02
-1.350268450650301329e-08,-1.611355579260628085e-02
-1.358511953642873533e-08,-1.617496663873850202e-02
-1.361257379705255100e-08,-1.632741003325495835e-02
-1.352865768201423142e-08,-1.648021466804277732e-02
-1.620656793767755118e-08,-1.879937721021252006e-02
-1.548632708462801353e-08,-1.905838648478194383e-02
-1.534295082092284671e-08,-1.939433993715232799e-02
-1.526972741791695991e-08,-1.910462523951679537e-02
-1.532156539685798116e-08,-1.922672445123850202e-02
-1.527427904533616920e-08,-1.953197248054277732e-02
-1.514914541533498447e-08,-1.898216478752371913e-02
-1.526665687561034651e-08,-1.936363451408621913e-02
-1.493395458568225667e-08,-1.911979733091416500e-02
-1.513083053357673232e-08,-1.930294614849673018e-02
-1.515828479420054799e-08,-1.963889960086711434e-02
-1.504994883681788119e-08,-1.951607790860267200e-02
-1.784999442823005227e-08,-2.168315829652732799e-02
-1.706718676017991894e-08,-2.218636599454017200e-02
-1.704735466928192595e-08,-2.206462802308982799e-02
-1.688100352431787937e-08,-2.200393965750033903e-02
-1.691766941186152863e-08,-2.226294893206976627e-02
-1.684444600885564183e-08,-2.189701253717600202e-02
-1.670710245768228679e-08,-2.191182338830200901e-02
-1.652091922182024723e-08,-2.201875050862634603e-02
-1.658348603682083959e-08,-2.185113502271252006e-02
-1.654382185502485362e-08,-2.168315829652732799e-02
-1.662466742775656641e-08,-2.212567762895068305e-02
-1.647359674627130023e-08,-2.200393965750033903e-02
-1.653468247615929341e-08,-2.183560169104378085e-02
-1.914850870768228658e-08,-2.377365574692239317e-02
-1.831996802127722046e-08,-2.415512547348489317e-02
-1.823605190623889758e-08,-2.404819835316055615e-02
-1.821007873072768441e-08,-2.427722468520660329e-02
-1.804072929151130111e-08,-2.417029756488226627e-02
-1.811854044596353884e-08,-2.424651926214049097e-02
-1.809415672764633326e-08,-2.406373168482929537e-02
-1.813537424260919180e-08,-2.429275801687533903e-02
-1.781643520702014813e-08,-2.418583089655100202e-02
-1.785913380709560917e-08,-2.447518435391517200e-02
-1.789879798889159515e-08,-2.400268207896844030e-02
-1.773707071940103784e-08,-2.401749293009444383e-02
-2.045164686260800686e-08,-2.583344777425134603e-02
-1.991451870311389867e-08,-2.626079501527732799e-02
-1.967342694600422777e-08,-2.627632834694606720e-02
-1.948576262502958571e-08,-2.632184462113818305e-02
-1.962158896706320652e-08,-2.645947716452863238e-02
-1.951014634334679459e-08,-2.629150043834344030e-02
-1.931334264350659563e-08,-2.642877174146252006e-02
-1.945675503123889747e-08,-2.644394383285989317e-02
-1.917296467405376553e-08,-2.626079501527732799e-02
-1.947962154041636552e-08,-2.638325546727040422e-02
-1.928888667713511668e-08,-2.636772213560166500e-02
-1.927364233768347131e-08,-2.621491750081384603e-02
-2.200653336264869909e-08,-2.829060410008290422e-02
-2.101012432213984887e-08,-2.851963043212895135e-02
-2.100557269472063959e-08,-2.865654049497666500e-02
-2.091858603737570661e-08,-2.867207382664540422e-02
-2.108031330686626723e-08,-2.874829552390363238e-02
-2.089720061331083775e-08,-2.879417303836711434e-02
-2.071408791975541159e-08,-2.853444128325495488e-02
-2.081021395596590478e-08,-2.859585212938717605e-02
-2.063017180471708871e-08,-2.836682579734113238e-02
-2.084073875889633385e-08,-2.862583507191055615e-02
-2.056764111374363138e-08,-2.859585212938717605e-02
-2.073092171640106455e-08,-2.873276219223489317e-02
-2.344546173558090184e-08,-3.079255421956384603e-02
-2.237124154061981720e-08,-3.109780224886811786e-02
-2.240787130413632811e-08,-3.088467048876217605e-02
-2.236665378917346958e-08,-3.114367976333160329e-02
-2.233919952854965391e-08,-3.138787818677502006e-02
-2.233457565307616794e-08,-3.091465343128555615e-02
-2.237579316803902979e-08,-3.123543479225856720e-02
-2.228880651069409681e-08,-3.109780224886811786e-02
-2.222779302886037701e-08,-3.123543479225856720e-02
-2.227356217124245145e-08,-3.126614021532467952e-02
-2.217743613503195495e-08,-3.121990146058982799e-02
-2.191347786874481600e-08,-3.105228597467600202e-02
-2.487218018734093429e-08,-3.335663766571973776e-02
-2.402680570429021190e-08,-3.344803145437533903e-02
-2.397341439218231478e-08,-3.376809033480562133e-02
-2.404512058604846736e-08,-3.379879575787173018e-02
-2.378575007120767934e-08,-3.338662060824312133e-02
-2.383458975589636387e-08,-3.347873687744144788e-02
-2.374915643171830346e-08,-3.361564694028916500e-02
-2.373232263507264388e-08,-3.338662060824312133e-02
-2.350958188374836677e-08,-3.369186863754738970e-02
-2.323186036312218495e-08,-3.329522681958752006e-02
-2.357973474444764348e-08,-3.360047484889179537e-02
-2.363316218058267894e-08,-3.367669654615002006e-02
-2.356604373816287398e-08,-3.361564694028916500e-02
-2.633708173578435021e-08,-3.559921727035988970e-02
-2.555582740090109937e-08,-3.585858778520068652e-02
-2.527351812882856331e-08,-3.584377693407467952e-02
-2.536350308042583631e-08,-3.579789941961119409e-02
-2.543069377089991464e-08,-3.575166066487634603e-02
-2.521705627441405610e-08,-3.614902496337894788e-02
-2.520484635324188910e-08,-3.582824360240594030e-02
-2.524602774417761261e-08,-3.602692575165723776e-02
-2.511330806847774023e-08,-3.591999863133290422e-02
-2.524906216245708767e-08,-3.601139241998850549e-02
-2.508885210210626128e-08,-3.569097229928686055e-02
-2.500038435964872911e-08,-3.576755523681644788e-02
-2.771185383652195631e-08,-3.831574411103223776e-02
-2.692604787421948295e-08,-3.872719678011812133e-02
-2.692146012277313864e-08,-3.889553474657467952e-02
-2.671548092004024112e-08,-3.880341847737634603e-02
-2.677345998359448255e-08,-3.886482932350856373e-02
-2.676125006242231556e-08,-3.872719678011812133e-02
-2.669564882914224813e-08,-3.881931304931644788e-02
-2.675976897730970975e-08,-3.886482932350856373e-02
-2.650798450816760938e-08,-3.878860762625033903e-02
-2.661173271410392525e-08,-3.862099214033651307e-02
-2.637367537527372941e-08,-3.859028671727040422e-02
-2.643320777199485002e-08,-3.843784332275394788e-02
-2.918896530613754254e-08,-4.077217795632106373e-02
-2.856943824074484900e-08,-4.165721662116777385e-02
-2.860299746195474983e-08,-4.144372362079046940e-02
-2.842602585301254385e-08,-4.135196859186350549e-02
-2.832527594132856470e-08,-4.147442904385657825e-02
-2.816354867183800739e-08,-4.159652825557828837e-02
-2.810401627511689009e-08,-4.159652825557828837e-02
-2.805676604762220984e-08,-4.127574689460527385e-02
-2.809639410539106410e-08,-4.136750192353223776e-02
-2.791328141183563793e-08,-4.135196859186350549e-02
-2.803079287211099998e-08,-4.139820734659835355e-02
-2.796519163883093256e-08,-4.153511740944606373e-02
-3.068283832434451167e-08,-4.325931722467600549e-02
-2.996714909871418329e-08,-4.353422107118553458e-02
-2.970626137473366105e-08,-4.356456525398027385e-02
-2.985270818074543795e-08,-4.362561485984112891e-02
-2.979476524121832824e-08,-4.356456525398027385e-02
-2.976116989598129239e-08,-4.367149237430461434e-02
-2.967725378094296950e-08,-4.354939316258290422e-02
-2.962689688711455075e-08,-4.350387688839078837e-02
-2.954605131438283796e-08,-4.329002264774211434e-02
-2.977493315032033856e-08,-4.376324740323157825e-02
-2.967725378094296950e-08,-4.361080400871512192e-02
-2.955674402641527074e-08,-4.385464119188717952e-02
-3.227128404559510472e-08,-4.547191388679277385e-02
-3.144119002602316604e-08,-4.571611231023619409e-02
-3.145950490778142150e-08,-4.591443321921612891e-02
-3.158463853778260623e-08,-4.612828745986480294e-02
-3.127335779594652028e-08,-4.597584406534835355e-02
-3.126573562622069760e-08,-4.606723785400394788e-02
-3.127483888105911616e-08,-4.612828745986480294e-02
-3.147478537126020852e-08,-4.599065491647436055e-02
-3.127790942336573287e-08,-4.597584406534835355e-02
-3.106885967832622856e-08,-4.586891694502401307e-02
-3.107500076293944875e-08,-4.612828745986480294e-02
-3.101243394793885308e-08,-4.580750609889179537e-02
-3.111163052645596628e-08,-4.602136033954046940e-02
-3.369648528821539964e-08,-4.783731518369736813e-02
-3.302811853813402157e-08,-4.840157248757106373e-02
-3.305098504731148962e-08,-4.815773530439901307e-02
-3.301590861696184465e-08,-4.867683757435196240e-02
-3.291523095333214880e-08,-4.855401588208752006e-02
-3.273363546891645355e-08,-4.861542672821973776e-02
-3.283893700801964529e-08,-4.849332751649803458e-02
-3.276416027184687931e-08,-4.853920503096151307e-02
-3.260550354466293541e-08,-4.821878491025986813e-02
-3.250475363297895626e-08,-4.838640039617369409e-02
-3.257953036915171562e-08,-4.858472130515362891e-02
-3.263750943270596367e-08,-4.864613215128585355e-02
-3.543907223325786566e-08,-5.058418620716446240e-02
-3.468830657727789893e-08,-5.088907299619736813e-02
-3.450671109286221030e-08,-5.102634429931644788e-02
-3.440296288692589774e-08,-5.059899705829046940e-02
-3.446704691106622432e-08,-5.099563887625033903e-02
-3.449450117169003999e-08,-5.104187763098518710e-02
-3.439382350806033091e-08,-5.082802339033651307e-02
-3.428852196895714578e-08,-5.096565593372696240e-02
-3.416338833895596105e-08,-5.084283424146252006e-02
-3.407795501477789733e-08,-5.067521875554869409e-02
-3.415117841778379075e-08,-5.079731796727040422e-02
-3.409934043884276950e-08,-5.101117220791907825e-02
-3.679560170029148637e-08,-5.272019993175164343e-02
-3.620656331380207363e-08,-5.307096423524803458e-02
-3.634394298900257032e-08,-5.329999056729407825e-02
-3.614710316513523632e-08,-5.284229914347335355e-02
-3.598075202017119305e-08,-5.302544796105591179e-02
-3.598992752306388830e-08,-5.285710999459936055e-02
-3.601738178368770397e-08,-5.296403711492369409e-02
-3.588769652626730665e-08,-5.307096423524803458e-02
-3.607991247466115799e-08,-5.336067893288356373e-02
-3.599144473220362583e-08,-5.319306344696973776e-02
-3.599906690192944189e-08,-5.328445723562533903e-02
-3.585868893247661841e-08,-5.346760605320790422e-02
-3.857174786654385321e-08,-5.490209117080230294e-02
-3.765925494107332587e-08,-5.481033614187533903e-02
-3.761348579869125474e-08,-5.514592835397436055e-02
-3.779504515907980834e-08,-5.545117638327862891e-02
-3.743803139888878629e-08,-5.519216710870920861e-02
-3.763786951700846032e-08,-5.528356089736480294e-02
-3.756157557169595681e-08,-5.506970665671612891e-02
-3.757833712028733971e-08,-5.548188180634473776e-02
-3.747917666579737477e-08,-5.529873298876217952e-02
-3.752342859903970836e-08,-5.500901829112664343e-02
-3.743644194169477870e-08,-5.528356089736480294e-02
-3.756157557169595681e-08,-5.548188180634473776e-02
-4.030515930869362399e-08,-5.764860095399803458e-02
-3.956660357388582756e-08,-5.803007068056053458e-02
-3.943084947990648012e-08,-5.777070016571973776e-02
-3.944912823763760717e-08,-5.775552807432236813e-02
-3.944454048619125293e-08,-5.786245519464670861e-02
-3.932247739849667829e-08,-5.751132965087894788e-02
-3.935755382884632326e-08,-5.801525982943452758e-02
-3.913788361982864963e-08,-5.772518389152762192e-02
-3.923549074115174862e-08,-5.766377304539540422e-02
-3.943236668904621765e-08,-5.787762728604407825e-02
-3.923856128345835871e-08,-5.754167383367369409e-02
-3.930416251673842283e-08,-5.773999474265362891e-02
-3.909814718997839359e-08,-5.772518389152762192e-02
-4.195162021752559351e-08,-6.001400225090262192e-02
-4.135196136705802468e-08,-6.080728588682236813e-02
-4.130619222467595356e-08,-6.070035876649803458e-02
-4.119630293412641419e-08,-6.059343164617369409e-02
-4.115053379174434306e-08,-6.096009052161018710e-02
-4.113369999509869010e-08,-6.085316340128585355e-02
-4.098573597994717236e-08,-6.065484249230591179e-02
-4.100101644342595276e-08,-6.086797425241186055e-02
-4.103609287377559111e-08,-6.053274328058420861e-02
-4.101626078287759812e-08,-6.077694170402762192e-02
-4.087129506197842702e-08,-6.082245797821973776e-02
-4.077054515029444787e-08,-6.073106418956414343e-02
-4.370031212315414468e-08,-6.288225000554870103e-02
-4.292667995799670991e-08,-6.312680966926348392e-02
-4.295413421862052558e-08,-6.326371973211120103e-02
-4.289922569737289424e-08,-6.300507169781313643e-02
-4.274811889186048972e-08,-6.295883294307828837e-02
-4.268403486772016313e-08,-6.292848876028354910e-02
-4.267948324030095054e-08,-6.291295542861480294e-02
-4.276488044045187261e-08,-6.285226706302531052e-02
-4.260929425557453880e-08,-6.300507169781313643e-02
-4.247346791354092130e-08,-6.292848876028354910e-02
-4.270086866436582271e-08,-6.292848876028354910e-02
-4.277102152506509942e-08,-6.308129339507136113e-02
-4.526126745975378704e-08,-6.485100948449341873e-02
-4.465246923042065800e-08,-6.524765130245328837e-02
-4.474552472432453779e-08,-6.565946521181052764e-02
-4.470430720936167925e-08,-6.538492260557236813e-02
-4.459752458514588501e-08,-6.524765130245328837e-02
-4.472114100600733883e-08,-6.546150554310195546e-02
-4.454868490045720379e-08,-6.521730711965854910e-02
-4.459600737600615410e-08,-6.541562802863848392e-02
-4.470130891510933922e-08,-6.546150554310195546e-02
-4.456548257307572172e-08,-6.558324351455230294e-02
-4.460977063034519697e-08,-6.524765130245328837e-02
-4.461125171545779285e-08,-6.530870090831414343e-02
-4.747841574928976557e-08,-6.742990378177531052e-02
-4.644230640295779765e-08,-6.742990378177531052e-02
-4.653695135405569165e-08,-6.749059214736480294e-02
-4.654457352378151433e-08,-6.761269135908651307e-02
-4.675055272651440192e-08,-6.784135645086120103e-02
-4.669871474757338067e-08,-6.768891305634473776e-02
-4.623632720022490344e-08,-6.758270841656313643e-02
-4.628971851233279725e-08,-6.736885417591445546e-02
-4.626992254546193929e-08,-6.735368208451708583e-02
-4.648659446022726628e-08,-6.776513475360296246e-02
-4.639960780288233661e-08,-6.775032390247695546e-02
-4.616465713038588258e-08,-6.744507587317269404e-02
-4.625157153967654218e-08,-6.775032390247695546e-02
-4.916764750625147943e-08,-6.991704305013024534e-02
-4.849469300472374712e-08,-7.016088023330230294e-02
-4.851300788648200258e-08,-7.005395311297796246e-02
-4.845502882292776115e-08,-6.990150971846151307e-02
-4.841532851710463352e-08,-7.010019186771281052e-02
-4.839242588390003044e-08,-6.999326474738848392e-02
-4.836804216558282486e-08,-7.014606938217629595e-02
-4.831920248089414364e-08,-7.035992362282497692e-02
-4.833141240206631395e-08,-7.019158565636841873e-02
-4.838173317186759767e-08,-7.025299650250063643e-02
-4.856336478031042795e-08,-7.005395311297796246e-02
-4.831158031116831434e-08,-7.022229107943452064e-02
-5.114363179062351368e-08,-7.200754050052531052e-02
-5.074077663999614382e-08,-7.266355283332598392e-02
-5.082776329734108011e-08,-7.289257916537202064e-02
-5.069807803992068941e-08,-7.263284741025986813e-02
-5.065230889753861166e-08,-7.229725519816085355e-02
-5.060039867054332035e-08,-7.249593734741215101e-02
-5.038676117405746180e-08,-7.267872492472335355e-02
-5.054549014929568901e-08,-7.263284741025986813e-02
-5.070725354281337803e-08,-7.286187374230591873e-02
-5.080944841558282465e-08,-7.284670165090854910e-02
-5.055462952816124260e-08,-7.263284741025986813e-02
-5.056687557336056117e-08,-7.296880086263024534e-02
-5.356524207375266213e-08,-7.472370610092629595e-02
-5.273363084504097930e-08,-7.498307661576708583e-02
-5.287859656594016364e-08,-7.501378203883320162e-02
-5.276870727539062428e-08,-7.489132158684012885e-02
-5.265581969058874488e-08,-7.469300067786019404e-02
-5.297475872617778193e-08,-7.525761922200524534e-02
-5.282516912980512818e-08,-7.489132158684012885e-02
-5.275649735421844735e-08,-7.464712316339670861e-02
-5.269089612093837662e-08,-7.493756034157497692e-02
-5.284044959328390858e-08,-7.509000373609142631e-02
-5.287859656594016364e-08,-7.483063322125063643e-02
-5.281447641777269540e-08,-7.473851695205230294e-02
-5.588613856922496646e-08,-7.739399418686379595e-02
-5.520252747969192979e-08,-7.766853679310195546e-02
-5.530627568562824897e-08,-7.814176154859142631e-02
-5.547721458203864648e-08,-7.794344063961149149e-02
-5.543299877282344791e-08,-7.814176154859142631e-02
-5.535056374289771760e-08,-7.808035070245920861e-02
-5.530172405820903638e-08,-7.794344063961149149e-02
-5.515527725219726278e-08,-7.776029182202892631e-02
-5.536887862465597968e-08,-7.777546391342629595e-02
-5.523612282492896565e-08,-7.760784842751247692e-02
-5.552753535183993020e-08,-7.800412900520098392e-02
-5.537957133668841245e-08,-7.806553985133320162e-02
-5.854732340032403836e-08,-8.029294736457598392e-02
-5.765925031719785163e-08,-8.050680160522465101e-02
-5.780880378954337035e-08,-8.081204963452892631e-02
-5.783167029872085163e-08,-8.049126827355591873e-02
-5.774927139282226297e-08,-8.018602024425164343e-02
-5.785605401703805059e-08,-8.078134421146281052e-02
-5.804530779520670356e-08,-8.088827133178715101e-02
-5.804530779520670356e-08,-8.079651630286019404e-02
-5.802547570430870395e-08,-8.067441709113848392e-02
-5.823452544934821487e-08,-8.084275505759504210e-02
-5.793697183782403676e-08,-8.065960624001247692e-02
-5.789271990458170316e-08,-8.046128533103254210e-02
-5.822383273731578210e-08,-8.053750702829076680e-02
-6.093382112907640680e-08,-8.256695487282497692e-02
-6.054017760536886722e-08,-8.285630833018914343e-02
-6.058901729005756168e-08,-8.288701375325524534e-02
-6.075684952013418759e-08,-8.285630833018914343e-02
-6.080720641396261958e-08,-8.262764323841445546e-02
-6.064392581130519302e-08,-8.253624944975886113e-02
-6.098872965032403814e-08,-8.281079205599702064e-02
-6.103150049845376924e-08,-8.296323545051348392e-02
-6.131987860708525873e-08,-8.278008663293091873e-02
-6.136109612204811066e-08,-8.303945714777170861e-02
-6.130004651618725913e-08,-8.291771917632136113e-02
-6.139317425814540898e-08,-8.290254708492399149e-02
-6.486454876986416312e-08,-8.479436238606774534e-02
-6.428775642857405573e-08,-8.506890499230591873e-02
-6.458986166751745305e-08,-8.497751120365031052e-02
-6.448918400388774397e-08,-8.523724295876247692e-02
-6.477759823654636187e-08,-8.513031583843813643e-02
-6.504462704514011423e-08,-8.499268329504769404e-02
-6.525519399931935606e-08,-8.509961041537202064e-02
-6.544744607174034905e-08,-8.508443832397465101e-02
-6.568243286826393150e-08,-8.528275923295458583e-02
-6.629278443076393310e-08,-8.528275923295458583e-02
-6.659488966970733042e-08,-8.476365696300164343e-02
-6.725408091689601325e-08,-8.503892204978254210e-02
-7.160904913237599836e-08,-8.741913419781313643e-02
-7.487448056538899332e-08,-8.764779928958781052e-02
-7.983824701020211409e-08,-8.776989850130952064e-02
-8.116728609258478409e-08,-8.752606131813747692e-02
-7.696956576723040383e-08,-8.772402098684604910e-02
-7.432366139961010572e-08,-8.775472640991215101e-02
-7.457844416300455935e-08,-8.793787522749471619e-02
-7.537346175222685306e-08,-8.778543183297826680e-02
-7.608452710238369216e-08,-8.795304731889208583e-02
-7.757377624511718525e-08,-8.802926901615031052e-02
-7.832912965254349298e-08,-8.761709386652170861e-02
-7.977260965289490832e-08,-8.812138528534864401e-02
-8.444341023763019860e-08,-8.976900216304899149e-02
-8.591893225005178385e-08,-9.005871686068452064e-02
-8.759898850412078923e-08,-9.024186567826708583e-02
-8.935223203716855961e-08,-9.007425019235326680e-02
-9.115738579721161468e-08,-9.034879279859142631e-02
-9.241775310400760386e-08,-9.007425019235326680e-02
-9.353777856537789798e-08,-8.986039595170458583e-02
-9.463945302096278837e-08,-9.022669358686971619e-02
-9.565728360956364910e-08,-8.998249516342629595e-02
-9.872128746726295582e-08,-9.015047188961149149e-02
-1.077515717708703154e-07,-9.004354476928715101e-02
-1.153230956106474858e-07,-8.996732307202892631e-02
-1.252643556305856352e-07,-9.196606549349702064e-02
-1.280308058767607572e-07,-9.228684685447004210e-02
-1.292362646623091283e-07,-9.207299261382136113e-02
-1.300770152698863581e-07,-9.216474764274833198e-02
-1.300130034938003015e-07,-9.234753522005952064e-02
-1.301456509214459105e-07,-9.211850888801348392e-02
-1.298527573094223368e-07,-9.240858482592037570e-02
-1.294301061919241156e-07,-9.228684685447004210e-02
-1.294590054136334120e-07,-9.236306855172826680e-02
-1.288899074901233775e-07,-9.213404221968221619e-02
-1.283924073883981401e-07,-9.211850888801348392e-02
-1.280247370402018071e-07,-9.210369803688747692e-02
-1.276127063866817750e-07,-9.213404221968221619e-02
-1.325108354741876768e-07,-9.434663888179899149e-02
-1.318241899663751783e-07,-9.433182803067298450e-02
-1.315998597578568738e-07,-9.460637063691114401e-02
-1.315128731005119309e-07,-9.460637063691114401e-02
-1.312290827433268089e-07,-9.480433030561971619e-02
-1.306279066837195157e-07,-9.466705900250063643e-02
-1.298115759184866265e-07,-9.427041718454076680e-02
-1.298497228911428617e-07,-9.428558927593813643e-02
-1.294483127016009660e-07,-9.436181097319636113e-02
-1.291203065352006322e-07,-9.439251639626247692e-02
-1.288181651722300932e-07,-9.466705900250063643e-02
-1.284916039669152401e-07,-9.459047606497104910e-02
-1.333729715058297722e-07,-9.690999984741215101e-02
-1.329136906248150268e-07,-9.741356878569636113e-02
-1.327214385523940338e-07,-9.768847263220589716e-02
-1.321339173750443785e-07,-9.767293930053715101e-02
-1.315052870548132697e-07,-9.744427420876247692e-02
-1.314701745004365095e-07,-9.752049590602070162e-02
-1.312092867764559641e-07,-9.764223387747104910e-02
-1.306797807866876720e-07,-9.744427420876247692e-02
-1.304066108934806862e-07,-9.759671760327892631e-02
-1.300968834848114861e-07,-9.771881681500063643e-02
-1.295734463316021441e-07,-9.753602923768943389e-02
-1.287509744817560215e-07,-9.704763239080260728e-02
-1.336155804720791839e-07,-9.961099335641576680e-02
-1.336293798504453618e-07,-9.997729099158089716e-02
-1.332219730723987727e-07,-9.994694680878614401e-02
-1.327336484735662174e-07,-1.003587607181433972e-01
-1.324544097438002815e-07,-1.002518335978190567e-01
-1.321293657476251659e-07,-1.000993902033025934e-01
-1.315891670458244278e-07,-9.993105223684604910e-02
-1.316151763453627892e-07,-1.000993902033025934e-01
-1.306385993957519617e-07,-9.979414217399833198e-02
-1.311070557796593891e-07,-1.001145622946999769e-01
-1.307637330257531134e-07,-9.979414217399833198e-02
-1.303135553995768197e-07,-1.001756119005608320e-01
-1.348348386359937329e-07,-1.020067388361150934e-01
-1.350286079175544369e-07,-1.024496194088098250e-01
-1.342015844402891017e-07,-1.023426922884854845e-01
-1.341954433556758948e-07,-1.021743543220289263e-01
-1.336949810837254392e-07,-1.024033806540749769e-01
-1.332494273330226149e-07,-1.022812814423532668e-01
-1.329289349642666854e-07,-1.021443713795055497e-01
-1.325123526833274143e-07,-1.022812814423532668e-01
-1.323720469619288609e-07,-1.021591822306315567e-01
-1.316380067305131354e-07,-1.019760334130489915e-01
-1.311848669341116235e-07,-1.021443713795055497e-01
-1.309559850981741328e-07,-1.021136659564394339e-01
-1.354711272499778126e-07,-1.040054812575832016e-01
-1.352147911534164798e-07,-1.044480005900065567e-01
-1.346608653213038471e-07,-1.041579246520996510e-01
-1.347905505787242378e-07,-1.046315106478604845e-01
-1.341634374676328665e-07,-1.042955571954900934e-01
-1.339467655528675329e-07,-1.044024843158144339e-01
-1.334248456087979285e-07,-1.046770269220525934e-01
-1.332707405090331971e-07,-1.044938781044700421e-01
-1.329731507734818972e-07,-1.046315106478604845e-01
-1.324711712923916776e-07,-1.045393943786621510e-01
-1.317051974209872072e-07,-1.043569680416223250e-01
-1.315098386822324823e-07,-1.045245835275361440e-01
-1.313008250612201196e-07,-1.044176564072118035e-01
-1.358174844221635369e-07,-1.064774484345407668e-01
-1.350667548902106986e-07,-1.068896235841693687e-01
-1.351109706994259104e-07,-1.068744514927719991e-01
-1.342168287797407603e-07,-1.068282127380371510e-01
-1.341007984045780074e-07,-1.069658452814275934e-01
-1.337315385991876800e-07,-1.066913026751894339e-01
-1.332295591180974604e-07,-1.067675243724476586e-01
-1.331333969578598355e-07,-1.068282127380371510e-01
-1.327992497068462947e-07,-1.068134018869111440e-01
-1.321675127202814276e-07,-1.069810173728249769e-01
-1.318547508933327524e-07,-1.069044344352953757e-01
-1.312260483250473338e-07,-1.066605972521233320e-01
-1.357534003980231971e-07,-1.089346047603723250e-01
-1.350957263599742518e-07,-1.093001799149947162e-01
-1.347630963181004486e-07,-1.093160744869348250e-01
-1.341268077041163688e-07,-1.093922961841930497e-01
-1.339528343894264830e-07,-1.093001799149947162e-01
-1.340626514319217457e-07,-1.096054279442989915e-01
-1.333226146120013534e-07,-1.093308853380608320e-01
-1.327184041341145852e-07,-1.093615907611269339e-01
-1.324757951678651735e-07,-1.096209612759677238e-01
-1.320103732022371947e-07,-1.093464186697295643e-01
-1.316640160300514969e-07,-1.093464186697295643e-01
-1.313724951310591206e-07,-1.094378124583851586e-01
-1.353719306714606862e-07,-1.113758665142637744e-01
-1.346943884184866129e-07,-1.116655812118993035e-01
-1.344517794522372011e-07,-1.117573362408262744e-01
-1.337407141020803620e-07,-1.116197036974358320e-01
-1.329121734156752893e-07,-1.113758665142637744e-01
-1.331136009909889908e-07,-1.118942463036739915e-01
-1.325764367074677542e-07,-1.118028525150183972e-01
-1.320668711806788469e-07,-1.116655812118993035e-01
-1.315205313942649283e-07,-1.116197036974358320e-01
-1.310215863314541837e-07,-1.115889982743697162e-01
-1.306583953626228065e-07,-1.117573362408262744e-01
-1.301442059603604298e-07,-1.117266308177601586e-01
-1.342747717192678667e-07,-1.138778166337447162e-01
-1.333622787937973526e-07,-1.140006383260091516e-01
-1.329197594613740034e-07,-1.139543995712743035e-01
-1.322651920896587900e-07,-1.138323003595525934e-01
-1.317646575696540511e-07,-1.138171282681552238e-01
-1.316547682791045051e-07,-1.140006383260091516e-01
-1.308643745653556941e-07,-1.138323003595525934e-01
-1.305394028172348353e-07,-1.140006383260091516e-01
-1.300693569761333871e-07,-1.141530817205256149e-01
-1.298588261459812869e-07,-1.141068429657907668e-01
-1.291263753717595823e-07,-1.140006383260091516e-01
-1.288044380419181986e-07,-1.141223762974594991e-01
-1.326832915797377986e-07,-1.160604303533381149e-01
-1.320637645143451150e-07,-1.165639992916223250e-01
-1.314869360490278792e-07,-1.165788101427483320e-01
-1.306080384687943877e-07,-1.165639992916223250e-01
-1.301944906061345652e-07,-1.168233698064631149e-01
-1.300312100034771519e-07,-1.168688860806552238e-01
-1.292332302440296267e-07,-1.168840581720525934e-01
-1.286823388301964955e-07,-1.167316147775361440e-01
-1.282764492612896440e-07,-1.166402209888805497e-01
-1.275043343052719401e-07,-1.168385418978604845e-01
-1.273471947872277338e-07,-1.168233698064631149e-01
-1.264636733315207728e-07,-1.167471481092048902e-01
-1.259083025383226859e-07,-1.163963838057084921e-01
-1.297901904944217610e-07,-1.191273602572354845e-01
-1.289128101233280070e-07,-1.193715586806789047e-01
-1.282779664704293815e-07,-1.194322470462683972e-01
-1.275455879442619337e-07,-1.192953369834206800e-01
-1.267872001185561509e-07,-1.188069401365338396e-01
-1.267658869425455687e-07,-1.194322470462683972e-01
-1.260211539990974236e-07,-1.191273602572354845e-01
-1.255985028815992024e-07,-1.189745556224476586e-01
-1.249774586070667548e-07,-1.194936578924006149e-01
-1.240817272301876104e-07,-1.192342873775598250e-01
-1.237399939334753555e-07,-1.192191152861624553e-01
-1.233080950650301690e-07,-1.193253199259440567e-01
-1.268176887974594416e-07,-1.212178577076305497e-01
-1.259174057931611111e-07,-1.219500917376894339e-01
-1.253254052364464735e-07,-1.219349196462920643e-01
-1.243686965017607740e-07,-1.215079336455374553e-01
-1.236774271184747797e-07,-1.216755491314512744e-01
-1.234820683797200548e-07,-1.218431646173650934e-01
-1.229449763442530750e-07,-1.217517708287094991e-01
-1.222323937849564984e-07,-1.217517708287094991e-01
-1.213504617864435318e-07,-1.217517708287094991e-01
-1.210574236783114180e-07,-1.219193863146233320e-01
-1.205661369092536709e-07,-1.221025351322058972e-01
-1.198168523383863133e-07,-1.217062545545173902e-01
-1.236285874337860984e-07,-1.240257783369584921e-01
-1.225268768541740399e-07,-1.244072480635209921e-01
-1.217212388009735968e-07,-1.240864667025479845e-01
-1.211779334328391267e-07,-1.241626883998062092e-01
-1.206531235665986138e-07,-1.243151317943226586e-01
-1.201723850134647196e-07,-1.241626883998062092e-01
-1.195513407389322720e-07,-1.242851488517992820e-01
-1.188921494917436024e-07,-1.241020000342167168e-01
-1.183825117169004383e-07,-1.241020000342167168e-01
-1.181383855415113023e-07,-1.240561225197532452e-01
-1.175249995607318388e-07,-1.240098837650183972e-01
-1.173052209796327469e-07,-1.240712946111506149e-01
-1.214313073591752413e-07,-1.264822121822473111e-01
-1.203463583281545789e-07,-1.267722881201542307e-01
-1.200274554165926703e-07,-1.267415826970881010e-01
-1.198992873683120171e-07,-1.268029935432203326e-01
-1.194415236964370093e-07,-1.268792152404785711e-01
-1.196490201083096344e-07,-1.267722881201542307e-01
-1.196215658476858452e-07,-1.268940260916045781e-01
-1.194308309844045898e-07,-1.264822121822473111e-01
-1.197863636594829961e-07,-1.267567547884854706e-01
-1.197756709474505765e-07,-1.270923470005844991e-01
-1.200015183651085922e-07,-1.268940260916045781e-01
-1.206225626396410398e-07,-1.270923470005844991e-01
-1.257174954269871471e-07,-1.290455731478604706e-01
-1.254962718848026009e-07,-1.292742382396351586e-01
-1.261798829743356508e-07,-1.292287219654430497e-01
-1.273227749448833931e-07,-1.293663545088334921e-01
-1.283756458398067704e-07,-1.292897715713038909e-01
-1.293293201562130213e-07,-1.291373281767874415e-01
-1.303791566328568970e-07,-1.291980165423769478e-01
-1.317036079637931863e-07,-1.294270428744229706e-01
-1.331578168002041761e-07,-1.294573870572177376e-01
-1.340474070924701136e-07,-1.291525002681848111e-01
-1.351613998413085860e-07,-1.288927685130726586e-01
-1.371557351314660041e-07,-1.293811653599594991e-01
-1.383275985717773526e-07,-1.293204769943700205e-01
-1.446219213081128544e-07,-1.309832659634677376e-01
-1.457892331210049638e-07,-1.315023682334206800e-01
-1.468512795188210231e-07,-1.315175403248180497e-01
-1.480888164404666793e-07,-1.313192194158381010e-01
-1.491203019113251645e-07,-1.313040473244407313e-01
-1.503318295334324593e-07,-1.314261465361624415e-01
-1.509452877622662192e-07,-1.311823093529903839e-01
-1.518974448695327061e-07,-1.312737031416459921e-01
-1.529365886341441623e-07,-1.314109744447650718e-01
-1.541877804380474562e-07,-1.315330736564867820e-01
-1.544228033585981803e-07,-1.311667760213216516e-01
-1.550713018937544436e-07,-1.314109744447650718e-01
-1.609796032761082484e-07,-1.330589525627367820e-01
-1.613580385843912578e-07,-1.336235711068818610e-01
-1.621422912135268619e-07,-1.334248889576305497e-01
-1.621774760159579053e-07,-1.334097168662331800e-01
-1.632928414778275751e-07,-1.335625215010209921e-01
-1.629220644632975102e-07,-1.332720843228427376e-01
-1.636346470225940868e-07,-1.333486672603723111e-01
-1.643930348482998696e-07,-1.337456703186035711e-01
-1.646600636568936220e-07,-1.336842594724713396e-01
-1.653605085430723249e-07,-1.335625215010209921e-01
-1.655664877458052125e-07,-1.336535540494052376e-01
-1.661890492294773976e-07,-1.335773323521469991e-01
-1.717311252247203501e-07,-1.356837243744821730e-01
-1.719859441121419189e-07,-1.361562266494288909e-01
-1.723598277930057421e-07,-1.360492995291045781e-01
-1.720805168151855494e-07,-1.360189553463098111e-01
-1.725032401807380274e-07,-1.359275615576542307e-01
-1.731182156187115249e-07,-1.360492995291045781e-01
-1.735225157304243556e-07,-1.359730778318463396e-01
-1.737331188086307391e-07,-1.362021041638923902e-01
-1.738643212751908674e-07,-1.360037832549124415e-01
-1.745342052344119962e-07,-1.361713987408262605e-01
-1.749721006913618760e-07,-1.359123894662568610e-01
-1.755260265234744822e-07,-1.362021041638923902e-01
-1.809811158613725183e-07,-1.381705024025657313e-01
-1.811642646789550861e-07,-1.386588992494525718e-01
-1.816540342388730957e-07,-1.386285550666578326e-01
-1.818905743685635573e-07,-1.388572201584325205e-01
-1.819515517263701388e-07,-1.387502930381081800e-01
-1.823255076552882454e-07,-1.386285550666578326e-01
-1.825863953792687643e-07,-1.384450450088038909e-01
-1.833325732838023635e-07,-1.384147008260091516e-01
-1.839352665525494207e-07,-1.389186310045647244e-01
-1.839414076371626541e-07,-1.388572201584325205e-01
-1.843975818518436411e-07,-1.386285550666578326e-01
-1.846859960845022590e-07,-1.385978496435917307e-01
-1.907606124877929786e-07,-1.406576416709206800e-01
-1.910368167992794130e-07,-1.411312276666815135e-01
-1.919645540642015857e-07,-1.413750648498535711e-01
-1.924085906057646724e-07,-1.412074493639397244e-01
-1.924192833177970920e-07,-1.412074493639397244e-01
-1.932234041618578241e-07,-1.414205811240456800e-01
-1.935591408700654122e-07,-1.412988431525953326e-01
-1.939207423817027686e-07,-1.412988431525953326e-01
-1.946409832347522897e-07,-1.413136540037213396e-01
-1.949584411852287441e-07,-1.411460385178075205e-01
-1.951781475182735528e-07,-1.411460385178075205e-01
-1.961745926828095347e-07,-1.413136540037213396e-01
-1.964614174582741583e-07,-1.411612106092048902e-01
-2.021500125075831544e-07,-1.431147979967522244e-01
-2.029922803243001482e-07,-1.435417839975068610e-01
-2.034927425962505774e-07,-1.431296088478782313e-01
-2.043991666851621678e-07,-1.435876615119703326e-01
-2.044296553640654321e-07,-1.431447809392756010e-01
-2.056732611222700648e-07,-1.436331777861624415e-01
-2.060486620122735992e-07,-1.432972243337920781e-01
-2.068894126198508290e-07,-1.434962677233147244e-01
-2.070572448499274813e-07,-1.432517080595999415e-01
-2.079209703387636240e-07,-1.437401049064867820e-01
-2.084351597410259742e-07,-1.435876615119703326e-01
-2.088867823282877486e-07,-1.433434630885269123e-01
-2.151094349947842759e-07,-1.455098209959088396e-01
-2.158892082445549243e-07,-1.456781589623653839e-01
-2.159777121110396047e-07,-1.456929698134913909e-01
-2.172213178692441845e-07,-1.457695527510209921e-01
-2.181674061399517477e-07,-1.459219961455374415e-01
-2.189730441931521909e-07,-1.460596286889278839e-01
-2.196887334187825788e-07,-1.460744395400538909e-01
-2.201556003454959589e-07,-1.458457744482792307e-01
-2.204806443416711009e-07,-1.459375294772061737e-01
-2.213244293675278323e-07,-1.459068240541400718e-01
-2.223559870864405744e-07,-1.460289232658617820e-01
-2.226153576012813558e-07,-1.458613077799479629e-01
-2.288013805042613854e-07,-1.477379509896943610e-01
-2.299778678200461503e-07,-1.483632578994288909e-01
-2.306706544124718822e-07,-1.484398408369584921e-01
-2.312825231841116214e-07,-1.482870362021706800e-01
-2.324361078666918097e-07,-1.483177416252367820e-01
-2.329472628506747113e-07,-1.482263478365811737e-01
-2.336461182796593669e-07,-1.482570532596473034e-01
-2.341756242694276855e-07,-1.481956424135150718e-01
-2.352559494249748520e-07,-1.479976827448065135e-01
-2.360433087204441880e-07,-1.483939633224950205e-01
-2.371221166668516169e-07,-1.483632578994288909e-01
-2.373861110571658677e-07,-1.482722253510446730e-01
-2.435172254388982660e-07,-1.500267693490693610e-01
-2.445791995886599891e-07,-1.504541165900953326e-01
-2.459678071917909809e-07,-1.505151661959561737e-01
-2.465095231027314036e-07,-1.506372654076778839e-01
-2.469443841414018084e-07,-1.504996328642874415e-01
-2.478400432702266695e-07,-1.504696499217640648e-01
-2.481650872664018116e-07,-1.504996328642874415e-01
-2.492423780036694765e-07,-1.505458716190223034e-01
-2.504844665527343717e-07,-1.508659304994525718e-01
-2.509651328578139826e-07,-1.507590033791282313e-01
-2.515968698443788498e-07,-1.506983150135387528e-01
-2.523048285282019570e-07,-1.506065599846117820e-01
-2.588020960489908449e-07,-1.524073427373713041e-01
-2.595956686771277506e-07,-1.528650341611920427e-01
-2.600732283158736031e-07,-1.526360078291459921e-01
-2.613489122101754680e-07,-1.529105504353841516e-01
-2.619333267211913915e-07,-1.530633550701719636e-01
-2.627557985710374876e-07,-1.527277628580729629e-01
-2.632654363458806782e-07,-1.529105504353841516e-01
-2.640924598231459869e-07,-1.528650341611920427e-01
-2.648889946215080314e-07,-1.527277628580729629e-01
-2.651544339729077629e-07,-1.530023054643111224e-01
-2.659402760592374143e-07,-1.530023054643111224e-01
-2.662241386644767932e-07,-1.525597861318877813e-01
-2.670161218354196250e-07,-1.526667132522120940e-01
-2.738383611043294246e-07,-1.553218292467522244e-01
-2.745998555963689393e-07,-1.555353222471295427e-01
-2.757411581097227137e-07,-1.561916958202015648e-01
-2.758876771637887574e-07,-1.559778415795528839e-01
-2.765422445355039708e-07,-1.560085470026190135e-01
-2.771755709792628588e-07,-1.554132230354078326e-01
-2.778195178869998565e-07,-1.554435672182025718e-01
-2.782329935016054222e-07,-1.554742726412686737e-01
-2.795666203354344464e-07,-1.555660276701956446e-01
-2.794247251568418457e-07,-1.554591005498713041e-01
-2.797970193805116482e-07,-1.556115439443877813e-01
-2.808346459359833404e-07,-1.557488152475068610e-01
-2.866864493398954930e-07,-1.578851902123653839e-01
-2.880827152367794028e-07,-1.582514878475305142e-01
-2.891386205499822287e-07,-1.584346366651130933e-01
-2.897077907215465465e-07,-1.582207824244644123e-01
-2.900236592148289801e-07,-1.584042924823183540e-01
-2.899534341060754068e-07,-1.581445607272061737e-01
-2.909254594282670217e-07,-1.583735870592522244e-01
-2.914381316213896344e-07,-1.583125374533913832e-01
-2.919752236568566671e-07,-1.581904382416696730e-01
-2.924299529104521734e-07,-1.583125374533913832e-01
-2.928480524005311820e-07,-1.580990444530140648e-01
-2.934340563687411263e-07,-1.584805141795765648e-01
-2.997115453084310281e-07,-1.598232442682440135e-01
-3.001861427769516359e-07,-1.601588364803430142e-01
-3.009079008391408946e-07,-1.602047139948065135e-01
-3.007873188365589555e-07,-1.599756876627604629e-01
-3.014343001625754283e-07,-1.601743698120117743e-01
-3.024719267180471735e-07,-1.600215651772239345e-01
-3.028153217200076796e-07,-1.601588364803430142e-01
-3.033493793371951843e-07,-1.601743698120117743e-01
-3.032928813587535851e-07,-1.602198860862038832e-01
-3.037536794489079885e-07,-1.599605155713630933e-01
-3.045868440107865836e-07,-1.600826147830848034e-01
-3.047577106591426581e-07,-1.601436643889456446e-01
-3.114228826580625346e-07,-1.621579401420824851e-01
-3.125169349439216487e-07,-1.624779990225127813e-01
-3.126542784950949839e-07,-1.623255556279963041e-01
-3.132295175032181988e-07,-1.621424068104137528e-01
-3.130144350456468861e-07,-1.622796781135328326e-01
-3.138276591445460434e-07,-1.623562610510624338e-01
-3.141649130618933690e-07,-1.625697540514397244e-01
-3.147173216848662377e-07,-1.622034564162745940e-01
-3.149080565481474667e-07,-1.624017773252545427e-01
-3.150774059873638566e-07,-1.623407277193936737e-01
-3.158555897799405371e-07,-1.625542207197709921e-01
-3.157808852918220345e-07,-1.623407277193936737e-01
-3.196245540272106176e-07,-1.640956329576897244e-01
-3.201556494741728776e-07,-1.647671786221591439e-01
-3.201831037347966668e-07,-1.646602515018348034e-01
-3.201922069896350920e-07,-1.646450794104374338e-01
-3.201876553622159323e-07,-1.646909569249009053e-01
-3.202044891588615588e-07,-1.647057677760269123e-01
-3.201861381530761948e-07,-1.648282282280199851e-01
-3.201464739712801691e-07,-1.648585724108147244e-01
-3.202044891588615588e-07,-1.645229801987157237e-01
-3.201495083895596442e-07,-1.648892778338808540e-01
-3.201266057563550146e-07,-1.648585724108147244e-01
-3.201464739712801691e-07,-1.645840298045765648e-01
-3.201693043564305154e-07,-1.649654995311390648e-01
-3.201204646717418341e-07,-1.666896993463690135e-01
-3.200670733596339403e-07,-1.671780961932558540e-01
-3.200793555288603542e-07,-1.675747380112157237e-01
-3.200869415745590948e-07,-1.672694899819114345e-01
-3.201068097894841964e-07,-1.675136884053548547e-01
-3.200839071562795668e-07,-1.672543178905140648e-01
-3.201418500958066732e-07,-1.673153674963749338e-01
-3.200854243654193573e-07,-1.675595659198183540e-01
-3.201357812592477760e-07,-1.673764171022357750e-01
-3.201220541289358550e-07,-1.674374667080966439e-01
-3.201525428078391192e-07,-1.676664930401426667e-01
-3.201418500958066732e-07,-1.674222946166992743e-01
-3.200594873139352527e-07,-1.694058649467699851e-01
-3.200610045230749902e-07,-1.695738416729551667e-01
-3.200198231321392799e-07,-1.693903316151012528e-01
-3.200381018898703607e-07,-1.694513812209620940e-01
-3.200641111894087486e-07,-1.693448153409091439e-01
-3.200381018898703607e-07,-1.697718013416637528e-01
-3.200335502624511481e-07,-1.692378882205848034e-01
-3.199892622051816794e-07,-1.696345300385446730e-01
-3.200091304201068339e-07,-1.696193579471473034e-01
-3.200259642167525134e-07,-1.696804075530081446e-01
-3.200136820475260465e-07,-1.695890137643525641e-01
-3.199847105777625198e-07,-1.694972587354255933e-01
-3.199008305867513088e-07,-1.713590910940459844e-01
-3.199175921353426520e-07,-1.714963623971650641e-01
-3.199084166324499964e-07,-1.718319546092640648e-01
-3.198824795809658918e-07,-1.716946833061449851e-01
-3.199068994233102589e-07,-1.714811903057676667e-01
-3.199053822141705214e-07,-1.717098553975423547e-01
-3.199068994233102589e-07,-1.716488057916815135e-01
-3.199282848473750980e-07,-1.718319546092640648e-01
-3.199267676382353604e-07,-1.718471267006614345e-01
-3.198946895021380754e-07,-1.715267065799598034e-01
-3.198962067112778129e-07,-1.715574120030259053e-01
-3.199144854690089465e-07,-1.717709050034032237e-01
-3.198946895021380754e-07,-1.737700086651426667e-01
-3.198534358631480818e-07,-1.744718985124068256e-01
-3.198016340082341559e-07,-1.743039217862216439e-01
-3.198519909020625746e-07,-1.743494380604137528e-01
-3.198290882688579980e-07,-1.746091698155259053e-01
-3.198534358631480818e-07,-1.741359450600364345e-01
-3.198275710597182605e-07,-1.744870706038041952e-01
-3.198077028447931060e-07,-1.743801434834798547e-01
-3.198275710597182605e-07,-1.747312690272476154e-01
-3.197954929236209754e-07,-1.741359450600364345e-01
-3.198381915236964232e-07,-1.743346272092877458e-01
-3.198504736929228371e-07,-1.742584055120295072e-01
-3.197985273419004504e-07,-1.766079122369940135e-01
-3.197589354081587610e-07,-1.770504315694173547e-01
-3.197985273419004504e-07,-1.768979881749009053e-01
-3.198138439294063394e-07,-1.771114811752782237e-01
-3.198061856356534214e-07,-1.769893819635565135e-01
-3.198138439294063394e-07,-1.770659649010860870e-01
-3.198016340082341559e-07,-1.770811369924834844e-01
-3.198061856356534214e-07,-1.770200873866226154e-01
-3.197863896687825502e-07,-1.768824548432321730e-01
-3.198016340082341559e-07,-1.768979881749009053e-01
-3.198183955568256049e-07,-1.768676439921061661e-01
-3.198123267202666019e-07,-1.770811369924834844e-01
-3.197848002115885294e-07,-1.770200873866226154e-01
-3.197222333965879271e-07,-1.788205088991107750e-01
-3.197329261086203731e-07,-1.792630282315341439e-01
-3.197161645600290299e-07,-1.793089057459976154e-01
-3.197268572720614230e-07,-1.793392499287923547e-01
-3.197389949451793232e-07,-1.792019786256732750e-01
-3.197771419178356114e-07,-1.794768824721827971e-01
-3.197725902904163458e-07,-1.792630282315341439e-01
-3.197650042447176582e-07,-1.795989816839045072e-01
-3.197344433177601106e-07,-1.792937336546002458e-01
-3.197603803692442152e-07,-1.791409290198124338e-01
-3.197405844023733440e-07,-1.792937336546002458e-01
-3.198336398962772106e-07,-1.792478561401367743e-01
-3.197222333965879271e-07,-1.809265396811745863e-01
-3.197527943235455276e-07,-1.814907969850482750e-01
-3.197482426961263150e-07,-1.815518465909091439e-01
-3.198031512173739463e-07,-1.817505287401604275e-01
-3.197618975783839528e-07,-1.815063303167170072e-01
-3.197589354081587610e-07,-1.817042899854255933e-01
-3.198092200539328435e-07,-1.816132574370413477e-01
-3.198031512173739463e-07,-1.815977241053726154e-01
-3.198488842357288692e-07,-1.817505287401604275e-01
-3.198443326083096566e-07,-1.816132574370413477e-01
-3.198519909020625746e-07,-1.815825520139752458e-01
-3.198901378747188628e-07,-1.815366744995117743e-01
-3.198397809808904440e-07,-1.836271719499068256e-01
-3.198290882688579980e-07,-1.836730494643702971e-01
-3.198138439294063394e-07,-1.841610850709857750e-01
-3.198687524506540237e-07,-1.839475920706084844e-01
-3.198717868689334458e-07,-1.840238137678666952e-01
-3.199496702714399900e-07,-1.839627641620058540e-01
-3.199557391079989401e-07,-1.839020757964163477e-01
-3.199694662383108612e-07,-1.839934695850719559e-01
-3.200335502624511481e-07,-1.838558370416815135e-01
-3.201175025015165894e-07,-1.841307408881910357e-01
-3.201220541289358550e-07,-1.840238137678666952e-01
-3.202502221772164817e-07,-1.839627641620058540e-01
-3.201906897804953544e-07,-1.861450166413278762e-01
-3.202410466743237732e-07,-1.862978212761156882e-01
-3.197634870355779207e-07,-1.864806088534268769e-01
-3.165545174569794494e-07,-1.866637576710094559e-01
-3.126711122917406103e-07,-1.864043871561686661e-01
-3.096543225375088753e-07,-1.864502646706321376e-01
-3.061585281834457805e-07,-1.864654367620295072e-01
-3.035599101673473374e-07,-1.864957809448242743e-01
-3.001052249561656696e-07,-1.865113142764930065e-01
-2.979216720118667071e-07,-1.863585096417051667e-01
-2.951353535507664571e-07,-1.864043871561686661e-01
-2.923399318348277819e-07,-1.863585096417051667e-01
-2.963820659753047953e-07,-1.883879574862393769e-01
-2.927687240369391836e-07,-1.885866396354906882e-01
-2.902403311295942607e-07,-1.889066985159209844e-01
-2.871762911478678124e-07,-1.887542551214045072e-01
-2.840024341236461543e-07,-1.886932055155436661e-01
-2.813992644801284456e-07,-1.887845993041992743e-01
-2.785045739376183342e-07,-1.886169838182854275e-01
-2.755580815401944557e-07,-1.887239109386097680e-01
-2.723231749101118799e-07,-1.889829202131791952e-01
-2.691233808344060642e-07,-1.886776721838749338e-01
-2.670237078811183127e-07,-1.887542551214045072e-01
-2.633477991277520987e-07,-1.888001326358680065e-01
-2.605600357055663945e-07,-1.888304768186627458e-01
-2.633035833185369134e-07,-1.904784549366344559e-01
-2.588845310789166017e-07,-1.909516796921239268e-01
-2.550636927286783649e-07,-1.909516796921239268e-01
-2.515937631780450914e-07,-1.909668517835212964e-01
-2.485159960660067220e-07,-1.910430734807795072e-01
-2.448492628155332694e-07,-1.911803447838985870e-01
-2.420477722630356441e-07,-1.911041230866403762e-01
-2.393545092958392607e-07,-1.908144083890048470e-01
-2.371389504634972699e-07,-1.907837029659387174e-01
-2.353414188731800309e-07,-1.911500006011038477e-01
-2.339009371670809622e-07,-1.909971959663160357e-01
-2.323369112881747097e-07,-1.907988750573360870e-01
-2.369405573064630435e-07,-1.929352500221946376e-01
-2.343312465783321278e-07,-1.938202886870413477e-01
-2.319524071433327237e-07,-1.937899445042466084e-01
-2.307240457245797760e-07,-1.937592390811805065e-01
-2.284229451959783231e-07,-1.933622360229492743e-01
-2.268161484689423395e-07,-1.933622360229492743e-01
-2.244831143003521416e-07,-1.935457460808031882e-01
-2.225665179165926746e-07,-1.933929414460153762e-01
-2.206545454083067034e-07,-1.936064344463926667e-01
-2.188570860660437477e-07,-1.935609181722005578e-01
-2.170427929271351126e-07,-1.934846964749423470e-01
-2.153841220971309463e-07,-1.935150406577370863e-01
-2.200503349304199088e-07,-1.956362435311982673e-01
-2.172502893390077642e-07,-1.963229612870650287e-01
-2.160280690048680234e-07,-1.963836496526545072e-01
-2.144929423476710409e-07,-1.965975038933031882e-01
-2.131731148922081946e-07,-1.961853287436745863e-01
-2.127641909050218680e-07,-1.962005008350719559e-01
-2.117356676043886274e-07,-1.963836496526545072e-01
-2.111573941779858844e-07,-1.963991829843232673e-01
-2.105256571914210437e-07,-1.963229612870650287e-01
-2.097078092170483905e-07,-1.965209209557735870e-01
-2.088395321007930618e-07,-1.963229612870650287e-01
-2.084199154015743156e-07,-1.966430201674952971e-01
-2.133332888285318760e-07,-1.981078494678844559e-01
-2.107560562364982984e-07,-1.986724680120295072e-01
-2.102784965977524459e-07,-1.987490509495591084e-01
-2.094422253695401454e-07,-1.987945672237512174e-01
-2.084931749286073639e-07,-1.986724680120295072e-01
-2.077652757818048454e-07,-1.990084214643998983e-01
-2.070878057768850554e-07,-1.988404447382147167e-01
-2.061982154846191444e-07,-1.991760369503137174e-01
-2.054138906074292569e-07,-1.989470106182676667e-01
-2.049301898840701710e-07,-1.988252726468173470e-01
-2.035599332867246491e-07,-1.987945672237512174e-01
-2.029220552155465750e-07,-1.985810742233739268e-01
-2.024017969767252482e-07,-1.988707889210094559e-01
-2.071305766250147865e-07,-2.007019158565637174e-01
-2.044373136578184030e-07,-2.012210181265166875e-01
-2.034271413629705000e-07,-2.011903127034505578e-01
-2.019195412144516694e-07,-2.013734615210331369e-01
-2.009673841071851031e-07,-2.009768197030732673e-01
-2.004592635414817030e-07,-2.009612863714045072e-01
-1.994567495403867709e-07,-2.011903127034505578e-01
-1.980529698458584832e-07,-2.012054847948479275e-01
-1.973327289928089356e-07,-2.010682134917288477e-01
-1.963026884830359046e-07,-2.012361902179140571e-01
-1.953871611392859154e-07,-2.012820677323775287e-01
-1.945815230860854458e-07,-2.011292630975897167e-01
-1.931227626222552434e-07,-2.011447964292584489e-01
-1.924269416115500629e-07,-2.010530414003314781e-01
-1.910536505959250659e-07,-2.009612863714045072e-01
-1.901274305401426308e-07,-2.011292630975897167e-01
-1.894605809992009770e-07,-2.012513623093114268e-01
-1.888181513006036903e-07,-2.015414382472183186e-01
-1.872434327096650183e-07,-2.015107328241522167e-01
-1.861081267848159107e-07,-2.014955607327548470e-01
-1.852109504468513120e-07,-2.014955607327548470e-01
-1.836377490650523776e-07,-2.014496832182913477e-01
-1.766658840757427760e-07,-1.994964570710153762e-01
-1.777386231855912548e-07,-1.988252726468173470e-01
-1.769573327266808689e-07,-1.990846431616581369e-01
-1.755917000048088164e-07,-1.986880013436982673e-01
-1.743496114557439477e-07,-1.986572959206321376e-01
-1.737727829904267383e-07,-1.986724680120295072e-01
-1.721995816086277774e-07,-1.989470106182676667e-01
-1.714458176583954905e-07,-1.986880013436982673e-01
-1.704539241212786947e-07,-1.990235935557972680e-01
-1.686839190396395546e-07,-1.992677919792406882e-01
-1.672357790397875150e-07,-1.987793951323538477e-01
-1.658945661602598031e-07,-1.990539377385920072e-01
-1.642236854090835062e-07,-1.988863222526781882e-01
-1.565849708788322508e-07,-1.967651193792170072e-01
-1.579949639060280552e-07,-1.968568744081439781e-01
-1.570107286626642304e-07,-1.966278480760979275e-01
-1.552772810964873312e-07,-1.966581922588926667e-01
-1.536446195660215263e-07,-1.965057488643762174e-01
-1.522392504142992442e-07,-1.965209209557735870e-01
-1.508506428111683054e-07,-1.965819705616344559e-01
-1.489387425509365911e-07,-1.966126759847005578e-01
-1.471869439789743279e-07,-1.965057488643762174e-01
-1.455787022908528636e-07,-1.965819705616344559e-01
-1.437140522581158097e-07,-1.969023906823360870e-01
-1.417501333988073990e-07,-1.965819705616344559e-01
-1.340733441439541653e-07,-1.944156126542525287e-01
-1.346745924516157682e-07,-1.936064344463926667e-01
-1.336659373659076291e-07,-1.940034375046239268e-01
-1.318531614361387315e-07,-1.938506328698360870e-01
-1.298527573094223368e-07,-1.939727320815577971e-01
-1.280597773465243104e-07,-1.936981894753196376e-01
-1.259861136927748938e-07,-1.940034375046239268e-01
-1.239184466275301706e-07,-1.938051165956439781e-01
-1.220645615548798460e-07,-1.942017584136038477e-01
-1.204638336644028126e-07,-1.941714142308091084e-01
-1.187228000525272257e-07,-1.935150406577370863e-01
-1.166460297324440641e-07,-1.937744111725778762e-01
-1.092439275799375536e-07,-1.916535695393880578e-01
-1.101045464024399114e-07,-1.910582455721768769e-01
-1.090592615532152615e-07,-1.912413943897594559e-01
-1.080506787155613793e-07,-1.911958781155673470e-01
-1.065797083305590066e-07,-1.909516796921239268e-01
-1.059235153776226572e-07,-1.912872719042229275e-01
-1.042526707504734887e-07,-1.914548873901367743e-01
-1.031464085434422309e-07,-1.910582455721768769e-01
-1.022903413483590856e-07,-1.912569277214281882e-01
-1.006088401332045863e-07,-1.910582455721768769e-01
-9.963226318359374564e-08,-1.912106889666933540e-01
-9.852137710108901835e-08,-1.911958781155673470e-01
-9.130542206041739588e-08,-1.892881682424834844e-01
-9.303879737854003824e-08,-1.890136256362452971e-01
-9.218280243151114983e-08,-1.890287977276426667e-01
-9.091018907951586194e-08,-1.889374039389870863e-01
-9.022809519912257603e-08,-1.889525760303844559e-01
-8.845346624200994010e-08,-1.888153047272653762e-01
-8.771953438267562633e-08,-1.887390830300071376e-01
-8.619054881009187721e-08,-1.889984535448479275e-01
-8.505531513329707938e-08,-1.888611822417288477e-01
-8.389558936610365764e-08,-1.890287977276426667e-01
-8.224150628754585881e-08,-1.888763543331262174e-01
-8.132904948610247312e-08,-1.891053806651722680e-01
-8.015563271262428519e-08,-1.889218706073183540e-01
-7.236284920663544015e-08,-1.868010289741285357e-01
-7.468067515980113438e-08,-1.867858568827311661e-01
-7.323109019886364051e-08,-1.866330522479433540e-01
-7.187000910441080059e-08,-1.865264863678903762e-01
-7.044480786179050568e-08,-1.863433375503077971e-01
-6.919813156127929592e-08,-1.864350925792347680e-01
-6.757153886737245442e-08,-1.866330522479433540e-01
-6.590217532533588181e-08,-1.862671158530495863e-01
-6.464029080940014187e-08,-1.865416584592877458e-01
-6.272979938622676663e-08,-1.865875359737512174e-01
-6.092471787423798162e-08,-1.864350925792347680e-01
-5.913628953875916779e-08,-1.865264863678903762e-01
-5.187763589801209752e-08,-1.845122106147535357e-01
-5.365071152195784765e-08,-1.841000354651249338e-01
-5.209889556422377874e-08,-1.837340990702311661e-01
-5.160905375625147922e-08,-1.844052834944291952e-01
-4.910045681577740110e-08,-1.839627641620058540e-01
-4.707711393182927489e-08,-1.840393470995354275e-01
-4.538947163206158186e-08,-1.838713703733502458e-01
-4.370486375057335727e-08,-1.838713703733502458e-01
-4.201115261424670751e-08,-1.838103207674893769e-01
-4.027463450576319822e-08,-1.840848633737275641e-01
-3.838404742154207942e-08,-1.839172478878137174e-01
-3.662625226107510307e-08,-1.840238137678666952e-01
-2.875258705832741020e-08,-1.820554155291933540e-01
-3.051804051254734758e-08,-1.816436016198360870e-01
-2.938121737855852892e-08,-1.820709488608620863e-01
-2.782329646023836824e-08,-1.825286402846827971e-01
-2.596778580636688779e-08,-1.820250713463985870e-01
-2.400242198597300633e-08,-1.818570946202134053e-01
-2.199739398378313888e-08,-1.818570946202134053e-01
-2.012663899046001638e-08,-1.819640217405377458e-01
-1.798733797940340399e-08,-1.818878000432795072e-01
-1.599755431666518191e-08,-1.818570946202134053e-01
-1.430377093228426208e-08,-1.815518465909091439e-01
-1.227735750602952909e-08,-1.818570946202134053e-01
-4.899639071840224202e-09,-1.798431801073479275e-01
-7.775978608564892173e-09,-1.796141537753018769e-01
-6.552204941258281361e-09,-1.794461770491166952e-01
-5.354404449462886202e-09,-1.793699553518584844e-01
-4.176399924538348172e-09,-1.796444979580966439e-01
-2.719120545820752037e-09,-1.792478561401367743e-01
-2.369728955355553084e-09,-1.796596700494940135e-01
-1.698291662967561823e-09,-1.795379320780436661e-01
-4.837296225807838721e-10,-1.794920545635801667e-01
1.342802336721753662e-10,-1.789122639280377458e-01
3.585743181633271291e-10,-1.793392499287923547e-01
8.530038775819765007e-10,-1.793547832604610870e-01
7.307572798295458989e-09,-1.773708516901190135e-01
2.500981995553685830e-09,-1.768521106604374338e-01
2.543716719656283966e-09,-1.770200873866226154e-01
2.340735811175726474e-09,-1.768217664776426667e-01
2.444520141139179445e-09,-1.768521106604374338e-01
2.549785556215232845e-09,-1.770659649010860870e-01
2.595554698597305628e-09,-1.767758889631791952e-01
2.607800743796613034e-09,-1.769131602662982750e-01
2.972472797740594038e-09,-1.768217664776426667e-01
2.934325825084343938e-09,-1.768062331459739345e-01
2.818367697975856522e-09,-1.767914222948479275e-01
2.865654049497666421e-09,-1.770352594780199851e-01
3.358566399776578935e-09,-1.772639245697946730e-01
9.231755227753614470e-09,-1.750213449651545072e-01
4.838640039617369332e-09,-1.742732163631555142e-01
3.839196580829046529e-09,-1.741359450600364345e-01
3.587448235714078708e-09,-1.742121667572946730e-01
3.498872121175134416e-09,-1.741969946658973034e-01
3.567543896761811933e-09,-1.743190938776190135e-01
3.814740614457568405e-09,-1.742277000889634053e-01
3.924629905007106115e-09,-1.742121667572946730e-01
3.649978926687533972e-09,-1.741818225744999338e-01
3.860545880866777047e-09,-1.740597233627782237e-01
3.962776877663356215e-09,-1.741359450600364345e-01
3.839196580829046529e-09,-1.742121667572946730e-01
9.759671760327892377e-09,-1.720606197010387528e-01
5.285710999459936103e-09,-1.713894352768407237e-01
4.492282867431645025e-09,-1.717557329120058540e-01
4.158063368363818478e-09,-1.715418786713571730e-01
4.026860901803686110e-09,-1.716336337002841439e-01
4.116918101455230004e-09,-1.716791499744762528e-01
3.981091759421612500e-09,-1.718319546092640648e-01
3.996372222900394552e-09,-1.716336337002841439e-01
4.457170313054869158e-09,-1.718930042151249338e-01
4.153511740944606715e-09,-1.715115344885624338e-01
4.237427855982929598e-09,-1.715725840944232750e-01
4.164204452977040317e-09,-1.716643391233502458e-01
1.022050597450950367e-08,-1.694513812209620940e-01
5.586335153290723486e-09,-1.692530603119821730e-01
4.826466242472335713e-09,-1.696804075530081446e-01
4.399227373527761930e-09,-1.694365703698360870e-01
4.823395700165723966e-09,-1.692075440377900641e-01
4.477002403952862973e-09,-1.695738416729551667e-01
4.983605760516547049e-09,-1.691616665233265648e-01
4.583821152195790591e-09,-1.695127920670943256e-01
4.342729395086119685e-09,-1.695127920670943256e-01
3.961259668523619512e-09,-1.697262850674716439e-01
4.637212464303686056e-09,-1.694820866440282237e-01
4.492282867431645025e-09,-1.696804075530081446e-01
1.062180779196999766e-08,-1.676202542854078326e-01
5.619930498527761823e-09,-1.673153674963749338e-01
4.567059603604407695e-09,-1.674067612850305142e-01
4.214561346805461550e-09,-1.674067612850305142e-01
4.589962236809012430e-09,-1.672694899819114345e-01
4.863059881961711596e-09,-1.670863411643288832e-01
3.930770989620328781e-09,-1.671625628615870940e-01
4.815773530439901283e-09,-1.668728481639515648e-01
4.521290461222335740e-09,-1.670711690729315135e-01
4.499905037157467708e-09,-1.671015132557262528e-01
4.527359297781284206e-09,-1.669949473756732750e-01
4.589962236809012430e-09,-1.669642419526071730e-01
1.040517200123180570e-08,-1.651941646229137528e-01
5.426125092939901230e-09,-1.647213011076956446e-01
5.278088829734112593e-09,-1.645229801987157237e-01
4.887479724306053861e-09,-1.645229801987157237e-01
4.899689645478224166e-09,-1.645992018959739345e-01
4.687569358132106461e-09,-1.644771026842522244e-01
5.107186057350856735e-09,-1.646147352276426667e-01
4.747101754853223766e-09,-1.645381522901130933e-01
4.686052148992369758e-09,-1.646909569249009053e-01
4.742550127434012003e-09,-1.656673893784032237e-01
4.695191527857929144e-09,-1.645992018959739345e-01
4.399227373527761930e-09,-1.648434003194173547e-01
4.516666585748850603e-09,-1.646295460787686737e-01
1.043262626185562138e-08,-1.629356904463334921e-01
5.914413567745329021e-09,-1.621882843248772244e-01
4.631107503717600904e-09,-1.622341618393407237e-01
5.160577369458752200e-09,-1.619747913244999338e-01
4.779107642896252027e-09,-1.621120626276190135e-01
4.522771546334935756e-09,-1.620510130217581446e-01
4.794388106375034079e-09,-1.624169494166519123e-01
4.583821152195790591e-09,-1.624017773252545427e-01
4.454135894775394925e-09,-1.624017773252545427e-01
4.629590294577862546e-09,-1.621424068104137528e-01
4.791389812122696533e-09,-1.624631881713867743e-01
4.547191388679277194e-09,-1.621424068104137528e-01
1.059128298903957024e-08,-1.605403062069055142e-01
6.143295403682828794e-09,-1.598839326338334921e-01
5.131642023722335686e-09,-1.601281310572769123e-01
4.911899566650394471e-09,-1.602505915092699851e-01
5.233873020518914027e-09,-1.600674426916874338e-01
4.768487178918090971e-09,-1.599908597541578326e-01
4.911899566650394471e-09,-1.601129589658795427e-01
4.918004527236480451e-09,-1.601891806631377813e-01
4.293889710397435983e-09,-1.601588364803430142e-01
4.684498815825495542e-09,-1.599453434799657237e-01
5.003437851414540037e-09,-1.601588364803430142e-01
4.834088412198157568e-09,-1.602047139948065135e-01
1.043107292868874716e-08,-1.585567358768348034e-01
5.767930637706414600e-09,-1.581904382416696730e-01
5.300991462938718155e-09,-1.584191033334443610e-01
5.111809932824341044e-09,-1.581752661502723034e-01
5.046136451490001900e-09,-1.582207824244644123e-01
4.849332751649803761e-09,-1.581904382416696730e-01
4.826466242472335713e-09,-1.580376336068818610e-01
5.159096284346151357e-09,-1.582056103330670427e-01
4.945458787860296949e-09,-1.582818320303252813e-01
4.907311815204046849e-09,-1.581445607272061737e-01
4.852403293956414681e-09,-1.583125374533913832e-01
5.172859538685195879e-09,-1.580990444530140648e-01
1.035781340165572202e-08,-1.560237190940163832e-01
5.679462895248879955e-09,-1.561154741229433540e-01
5.029374902898619005e-09,-1.559016198822946730e-01
4.943977702747696106e-09,-1.557340043963808540e-01
5.297920920632106408e-09,-1.558250369447650718e-01
4.841710581923980251e-09,-1.561302849740693610e-01
4.843227791063717781e-09,-1.559167919736920427e-01
5.159096284346151357e-09,-1.554435672182025718e-01
4.979054133097335286e-09,-1.557032989733147244e-01
5.072109627001217554e-09,-1.555963718529903839e-01
5.131642023722335686e-09,-1.554132230354078326e-01
5.136193651141546622e-09,-1.555201501557321730e-01
1.085531350338098257e-08,-1.532920201619466516e-01
5.903720855712894591e-09,-1.525904915549538832e-01
5.171270081491185803e-09,-1.524380481604374338e-01
4.905830730091446006e-09,-1.527429349494703326e-01
4.998886223995329101e-09,-1.525904915549538832e-01
5.102634429931644972e-09,-1.524073427373713041e-01
5.217075347900394445e-09,-1.527277628580729629e-01
5.035515987511840844e-09,-1.526515411608147244e-01
5.096565593372696506e-09,-1.527429349494703326e-01
4.982124675403946206e-09,-1.524683923432321730e-01
4.715023618755922959e-09,-1.529105504353841516e-01
5.084283424146252000e-09,-1.527429349494703326e-01
4.582303943056053061e-09,-1.527429349494703326e-01
1.084003303990220052e-08,-1.509118080139160711e-01
6.236387021613847749e-09,-1.506220933162805142e-01
5.152955199732929518e-09,-1.507441925280022244e-01
5.328445723562533825e-09,-1.504082390756318610e-01
4.942388245553686029e-09,-1.504389444986979629e-01
5.217075347900394445e-09,-1.505913878932144123e-01
5.064487457275394872e-09,-1.507286591963334921e-01
4.860025463682236536e-09,-1.503934282245058540e-01
4.570057897856745242e-09,-1.503471894697709921e-01
5.096565593372696506e-09,-1.503320173783736224e-01
4.895138018059012403e-09,-1.507897088021943610e-01
4.907311815204046849e-09,-1.504389444986979629e-01
1.105059999408144400e-08,-1.483632578994288909e-01
5.836602413293091291e-09,-1.480583711103959921e-01
5.629033753366186176e-09,-1.481501261393229629e-01
4.950046539306644572e-09,-1.482415199279785711e-01
5.264397823449341444e-09,-1.479669773217403839e-01
5.427606178052502073e-09,-1.480431990189986224e-01
5.001920642274803334e-09,-1.482108145049124415e-01
5.056829163522436330e-09,-1.481345928076542307e-01
5.233873020518914027e-09,-1.482263478365811737e-01
5.203348217588486609e-09,-1.480280269276012528e-01
5.267396117701679818e-09,-1.477231401385683540e-01
4.863059881961711596e-09,-1.484398408369584921e-01
1.119404850584088419e-08,-1.462579495979078326e-01
6.045652158332598076e-09,-1.458764798713453326e-01
5.523804462317268635e-09,-1.457388473279548902e-01
5.270466660008290737e-09,-1.458150690252131010e-01
4.873752593994145199e-09,-1.458150690252131010e-01
5.156025742039540437e-09,-1.457998969338157313e-01
5.088907299619737136e-09,-1.455860426931670781e-01
5.020271648060196306e-09,-1.459982178427956800e-01
5.320823553836711143e-09,-1.455712318420410711e-01
4.670807809540723566e-09,-1.460289232658617820e-01
5.015647772586711169e-09,-1.456167481162331800e-01
5.050760326963487036e-09,-1.459375294772061737e-01
1.100331364255963369e-08,-1.438622041182084921e-01
6.182995709505953111e-09,-1.433279297568581800e-01
5.520733920010657715e-09,-1.432824134826660711e-01
5.249153483997696079e-09,-1.433434630885269123e-01
5.058418620716446406e-09,-1.433586351799242820e-01
5.735852501609112966e-09,-1.432972243337920781e-01
5.156025742039540437e-09,-1.434962677233147244e-01
5.499348495945790511e-09,-1.434807343916459921e-01
5.059899705829047249e-09,-1.435876615119703326e-01
5.490209117080230298e-09,-1.433893406029903839e-01
5.105668848211119205e-09,-1.432972243337920781e-01
5.400151917428686403e-09,-1.431603142709443610e-01
1.121843222415808977e-08,-1.413443594267874415e-01
6.387421579071973933e-09,-1.410546447291519123e-01
5.476445862741185776e-09,-1.409935951232910711e-01
5.227768059932828874e-09,-1.410698168205492820e-01
5.017201105753585386e-09,-1.411005222436153839e-01
5.021752733172797149e-09,-1.410391113974831800e-01
5.094976136178686430e-09,-1.409022013346354629e-01
4.831017869891546649e-09,-1.411919160322709921e-01
5.018682190866186230e-09,-1.412222602150657313e-01
5.540566010908651530e-09,-1.411312276666815135e-01
5.211006511341445979e-09,-1.410391113974831800e-01
5.204865426728224140e-09,-1.409784230318936737e-01
5.030892112038356535e-09,-1.414057702729196730e-01
1.130238446322354768e-08,-1.389334418556907313e-01
6.419499715169274739e-09,-1.383995287346117820e-01
5.467342607902762250e-09,-1.383540124604196730e-01
5.334550684148619805e-09,-1.384450450088038909e-01
5.256775653723518762e-09,-1.386133829752604629e-01
5.540566010908651530e-09,-1.385826775521943610e-01
5.368146029385658142e-09,-1.382470853400953326e-01
5.149956905480591144e-09,-1.384302341576778839e-01
4.924073363795429744e-09,-1.386285550666578326e-01
5.232319687352040637e-09,-1.385671442205256010e-01
5.290298750906283725e-09,-1.385371612780022244e-01
5.215558138760657742e-09,-1.386433659177838396e-01
1.173117666533499569e-08,-1.363238421353427376e-01
5.903720855712894591e-09,-1.361107103752367820e-01
5.796902107469967801e-09,-1.359423724087802376e-01
5.897652019153946125e-09,-1.357899290142637605e-01
5.310166965831414227e-09,-1.358206344373298902e-01
5.520733920010657715e-09,-1.359886111635150718e-01
5.096565593372696506e-09,-1.360037832549124415e-01
5.189621087276578774e-09,-1.359582669807203326e-01
4.884445306026578801e-09,-1.360492995291045781e-01
5.259773947975856308e-09,-1.359123894662568610e-01
5.177411166104407642e-09,-1.359275615576542307e-01
5.380355950557828447e-09,-1.357137073170055497e-01
1.122457330877131161e-08,-1.338218920158617820e-01
5.745064128528946552e-09,-1.334248889576305497e-01
5.261327281142730525e-09,-1.333949060151071730e-01
5.520733920010657715e-09,-1.333183230775775718e-01
5.235390229658651557e-09,-1.331351742599950205e-01
5.430676720359112993e-09,-1.331658796830611224e-01
5.241495190244736710e-09,-1.333949060151071730e-01
5.255222320556644545e-09,-1.331044688369288909e-01
5.088907299619737136e-09,-1.333642005920410711e-01
5.442886641531284125e-09,-1.332572734717167307e-01
5.561951434973518735e-09,-1.332572734717167307e-01
5.145333030007106008e-09,-1.333027897459088396e-01
1.121232726357200462e-08,-1.315330736564867820e-01
6.080728588682236429e-09,-1.311208985068581800e-01
5.944902246648619752e-09,-1.312278256271825205e-01
5.500901829112664727e-09,-1.313040473244407313e-01
5.383390368837303507e-09,-1.310598489009973111e-01
5.192655505556053834e-09,-1.312278256271825205e-01
5.218628681067268661e-09,-1.312737031416459921e-01
5.035515987511840844e-09,-1.313647356900302376e-01
5.166718454071974039e-09,-1.313954411130963396e-01
5.088907299619737136e-09,-1.312885139927719991e-01
5.378838741418090917e-09,-1.311516039299242820e-01
5.226250850793091344e-09,-1.313040473244407313e-01
1.155413280833851633e-08,-1.292897715713038909e-01
6.118875561338486529e-09,-1.291828444509795781e-01
5.636692047119144718e-09,-1.290611064795292307e-01
5.229249145045429718e-09,-1.291980165423769478e-01
5.584817944150986783e-09,-1.292135498740456800e-01
5.365075487079047222e-09,-1.289083018447413909e-01
5.351312232740001873e-09,-1.291217948451187092e-01
4.950046539306644572e-09,-1.291828444509795781e-01
5.270466660008290737e-09,-1.291066227537213396e-01
5.407810211181644945e-09,-1.293049436627012605e-01
4.646351843169245442e-09,-1.292287219654430497e-01
4.933284990715262503e-09,-1.293663545088334921e-01
5.159096284346151357e-09,-1.290455731478604706e-01
1.143514026295055510e-08,-1.269091981830019478e-01
6.149400364268913947e-09,-1.264363346677838396e-01
5.569573604699341417e-09,-1.267108772740219991e-01
5.268949450868553207e-09,-1.265891393025716516e-01
4.820325157859113047e-09,-1.264670400908499415e-01
5.517663377704046795e-09,-1.264056292447177376e-01
5.407810211181644945e-09,-1.265584338795055497e-01
5.499348495945790511e-09,-1.265584338795055497e-01
5.091941717899211369e-09,-1.266501889084325205e-01
5.259773947975856308e-09,-1.265891393025716516e-01
5.658077471184011923e-09,-1.263752850619229706e-01
5.305543090357929918e-09,-1.264822121822473111e-01
1.132676818154075492e-08,-1.243765426404548902e-01
6.062413706923980144e-09,-1.239643674908262744e-01
5.478035319935195852e-09,-1.241782217314749553e-01
5.604650035048980598e-09,-1.241020000342167168e-01
5.368146029385658142e-09,-1.240561225197532452e-01
5.299474253798980625e-09,-1.240561225197532452e-01
5.418502923214078547e-09,-1.237967520049124553e-01
5.096565593372696506e-09,-1.238574403705019339e-01
5.526875004623879554e-09,-1.240712946111506149e-01
5.233873020518914027e-09,-1.241475163084088396e-01
5.172859538685195879e-09,-1.240561225197532452e-01
5.412361838600856708e-09,-1.241626883998062092e-01
1.134815360560562047e-08,-1.220570188580137744e-01
6.401184833411019282e-09,-1.215993274341930497e-01
5.667180726022436276e-09,-1.219045754634973250e-01
5.481033614187534226e-09,-1.218431646173650934e-01
5.494796868526578747e-09,-1.215379165880608320e-01
5.369663238525394845e-09,-1.216448437083851586e-01
5.339138435594968255e-09,-1.216603770400539047e-01
5.365075487079047222e-09,-1.218279925259677238e-01
5.574125232118553181e-09,-1.214924003138687092e-01
5.485657489661018535e-09,-1.215686220111269339e-01
5.415432380907467628e-09,-1.219193863146233320e-01
5.186550544969967855e-09,-1.218586979490338396e-01
1.158010598384973281e-08,-1.198902997103604845e-01
6.198240048957597649e-09,-1.194322470462683972e-01
5.688566150087303481e-09,-1.192035819544937092e-01
5.896062561959936049e-09,-1.190814827427719991e-01
5.902203646573157888e-09,-1.190204331369111440e-01
5.206382635867961670e-09,-1.195698795896588396e-01
5.784692186297796669e-09,-1.189290393482555497e-01
5.253705111416907842e-09,-1.191428935889042168e-01
5.581783525871512550e-09,-1.191121881658381149e-01
5.397117499149211343e-09,-1.188528176509973250e-01
5.017201105753585386e-09,-1.193560253490101586e-01
5.267396117701679818e-09,-1.193105090748180497e-01
1.148090940533262788e-08,-1.167012705947414047e-01
6.256219112511841564e-09,-1.163804892337683972e-01
6.073106418956414574e-09,-1.162128737478545643e-01
5.256775653723518762e-09,-1.162435791709206800e-01
5.406293002041907415e-09,-1.162435791709206800e-01
5.467342607902762250e-09,-1.164570721712979845e-01
5.262844490282468055e-09,-1.165488272002249553e-01
5.589405695597335233e-09,-1.166857372630726586e-01
5.525285547429869478e-09,-1.161211187189275934e-01
5.188103878136841244e-09,-1.164726055029667168e-01
4.840157248757106034e-09,-1.162735621134440567e-01
5.241495190244736710e-09,-1.166095155658144339e-01
5.098046678485297349e-09,-1.165943434744170643e-01
1.153126629916104829e-08,-1.140916708743933972e-01
6.265358491377400950e-09,-1.136646848736387744e-01
5.703846613566085533e-09,-1.138778166337447162e-01
5.723678704464078521e-09,-1.134815360560562092e-01
5.659558556296612766e-09,-1.137102011478308972e-01
5.786245519464670885e-09,-1.136953902967048902e-01
5.448991602117369278e-09,-1.137560786622943687e-01
5.584817944150986783e-09,-1.137716119939631149e-01
5.392529747702862893e-09,-1.138171282681552238e-01
5.520733920010657715e-09,-1.137560786622943687e-01
5.467342607902762250e-09,-1.136339794505726586e-01
5.183480002663356108e-09,-1.138478336912213396e-01
1.131914601181493058e-08,-1.119704680009322162e-01
6.451505603212303000e-09,-1.114213827884558972e-01
5.662629098603223686e-09,-1.116811145435680497e-01
5.502419038252401430e-09,-1.114520882115219991e-01
5.354382775046612793e-09,-1.118028525150183972e-01
5.403222459735297323e-09,-1.116048928463098250e-01
5.531426632043091317e-09,-1.116048928463098250e-01
5.244529608524211770e-09,-1.117573362408262744e-01
5.529873298876217928e-09,-1.116048928463098250e-01
5.265915032589078974e-09,-1.115434820001775934e-01
5.453579353563717728e-09,-1.115283099087802238e-01
5.326928514422797122e-09,-1.116048928463098250e-01
1.147021669330019345e-08,-1.105515162150065567e-01
6.131085482510657662e-09,-1.097737659107555497e-01
5.783211101185196652e-09,-1.094378124583851586e-01
5.278088829734112593e-09,-1.093464186697295643e-01
5.334550684148619805e-09,-1.093615907611269339e-01
5.410844629461119178e-09,-1.093160744869348250e-01
5.450508811257105981e-09,-1.092239582177364915e-01
5.380355950557828447e-09,-1.094071070353190567e-01
5.200313799309012376e-09,-1.091632698521469991e-01
5.548188180634473386e-09,-1.093615907611269339e-01
5.636692047119144718e-09,-1.095292062470407668e-01
5.511594541145097502e-09,-1.092701969724713396e-01
1.187000130162094991e-08,-1.070879444931493035e-01
6.359967318448157435e-09,-1.068134018869111440e-01
6.129568273370920959e-09,-1.066605972521233320e-01
5.749615755948157488e-09,-1.067826964638450421e-01
5.690083359227040184e-09,-1.064929817662094991e-01
5.548188180634473386e-09,-1.069351398583614915e-01
5.478035319935195852e-09,-1.068134018869111440e-01
5.563432520086119578e-09,-1.068134018869111440e-01
5.647384759151579148e-09,-1.069658452814275934e-01
5.029374902898619005e-09,-1.068589181611032668e-01
5.061416914968783952e-09,-1.068896235841693687e-01
5.593957323016546996e-09,-1.067519910407789263e-01
1.147783886302601613e-08,-1.048601757396351586e-01
6.277604536576708769e-09,-1.045094114361387744e-01
5.781621643991185749e-09,-1.047384377681848250e-01
5.809148152669275620e-09,-1.044787060130726586e-01
5.412361838600856708e-09,-1.045549277103308972e-01
5.922035737471151704e-09,-1.045393943786621510e-01
5.578712983564901630e-09,-1.044480005900065567e-01
5.279642162900986810e-09,-1.047225431962447162e-01
5.267396117701679818e-09,-1.044331897388805497e-01
5.265915032589078974e-09,-1.046618548306552238e-01
5.761825677120328621e-09,-1.041734579837683972e-01
5.647384759151579148e-09,-1.043107292868874769e-01
5.195726047862664754e-09,-1.044176564072118035e-01
1.152667854771470066e-08,-1.026320457458496510e-01
6.166161912860296842e-09,-1.020681496822473250e-01
5.815216989228224086e-09,-1.021443713795055497e-01
5.416985714074341017e-09,-1.023575031396114915e-01
5.439888347278946579e-09,-1.023730364712802238e-01
5.659558556296612766e-09,-1.023119868654193687e-01
5.497831286806053808e-09,-1.024496194088098250e-01
5.487138574773619378e-09,-1.024033806540749769e-01
5.546670971494736683e-09,-1.021591822306315567e-01
5.217075347900394445e-09,-1.023426922884854845e-01
5.448991602117369278e-09,-1.022968147740219991e-01
5.886959307121512523e-09,-1.020981326247707016e-01
1.149615374478427159e-08,-1.005877870501894339e-01
6.207379427823157862e-09,-1.000231685060443687e-01
6.315751509232958869e-09,-9.982484759706443389e-02
5.606167244188718128e-09,-9.985483053958781052e-02
5.444439974698157515e-09,-9.997729099158089716e-02
5.377285408251218355e-09,-9.994694680878614401e-02
5.574125232118553181e-09,-9.991624138572004210e-02
5.494796868526578747e-09,-9.979414217399833198e-02
5.737405834775987183e-09,-9.959582126501839716e-02
5.743474671334935649e-09,-9.951959956776015859e-02
5.116361560243553634e-09,-9.996175765991215101e-02
5.230802478212303107e-09,-9.976343675093221619e-02
1.172503558072177219e-08,-9.796301523844405668e-02
5.989190303918090864e-09,-9.720007578531905668e-02
6.060932621811379301e-09,-9.687929442434604910e-02
5.632104295672797096e-09,-9.741356878569636113e-02
5.664182431770097903e-09,-9.729146957397465101e-02
5.419984008326679391e-09,-9.770364472360326680e-02
5.655006928877401003e-09,-9.750532381462333198e-02
5.140781402587895072e-09,-9.700211611661048450e-02
5.514592835397435876e-09,-9.724595329978254210e-02
5.798455440636841191e-09,-9.730700290564339716e-02
5.946491703842629828e-09,-9.724595329978254210e-02
5.674839019775394818e-09,-9.747461839155721619e-02
1.131762880267519305e-08,-9.509476748379798450e-02
6.355415691028945672e-09,-9.469740318529537570e-02
5.474964777628585760e-09,-9.448427142518943389e-02
5.934209534616186149e-09,-9.452978769938155668e-02
5.572644147005953164e-09,-9.451425436771281052e-02
5.893064267707597676e-09,-9.410280169862693389e-02
5.645867550011840790e-09,-9.423971176147465101e-02
5.882371555675164073e-09,-9.431593345873287570e-02
5.531426632043091317e-09,-9.456049312244765859e-02
5.520733920010657715e-09,-9.474328069975886113e-02
5.445957183837895045e-09,-9.478951945449370919e-02
5.496350201693452964e-09,-9.466705900250063643e-02
1.122609051791104914e-08,-9.272900494662202064e-02
6.013574022235297269e-09,-9.243929024898649149e-02
5.745064128528946552e-09,-9.234753522005952064e-02
5.314754717277761849e-09,-9.245446234038386113e-02
5.937280076922797069e-09,-9.227131352280129595e-02
5.284229914347335259e-09,-9.219473058527170861e-02
5.844224583018913973e-09,-9.230165770559604910e-02
5.786245519464670885e-09,-9.227131352280129595e-02
5.365075487079047222e-09,-9.234753522005952064e-02
5.485657489661018535e-09,-9.254621736931083198e-02
5.329999056729408042e-09,-9.230165770559604910e-02
5.423054550633290310e-09,-9.231755227753614401e-02
5.635174837979408015e-09,-9.228684685447004210e-02
1.129169175119111491e-08,-9.059262998176348392e-02
6.356896776141546515e-09,-9.015047188961149149e-02
5.877819928255953138e-09,-9.027257110133320162e-02
5.709951574152170685e-09,-9.025739900993583198e-02
5.833531870986480371e-09,-9.007425019235326680e-02
5.598545074462894618e-09,-9.024186567826708583e-02
5.677873438054869051e-09,-9.010495561541936871e-02
5.565021977280129654e-09,-9.031808737552531052e-02
5.256775653723518762e-09,-9.044018658724702064e-02
5.455132686730591117e-09,-9.018117731267760728e-02
5.647384759151579148e-09,-8.986039595170458583e-02
5.561951434973518735e-09,-9.004354476928715101e-02
1.156634272951068664e-08,-8.807514653061379595e-02
6.649898760246512870e-09,-8.740396210641576680e-02
5.671804601495920585e-09,-8.766333262125655668e-02
5.436817804972335659e-09,-8.780060392437563643e-02
6.062413706923980144e-09,-8.757157759232958583e-02
5.400151917428686403e-09,-8.786165353023649149e-02
5.531426632043091317e-09,-8.751088922674010728e-02
5.557363683527171112e-09,-8.772402098684604910e-02
5.461201523289540410e-09,-8.769367680405129595e-02
5.421537341493553607e-09,-8.755640550093221619e-02
5.354382775046612793e-09,-8.751088922674010728e-02
5.339138435594968255e-09,-8.760228301539570162e-02
1.154344009630608356e-08,-8.566422895951708583e-02
6.494240327314901550e-09,-8.480989571773649149e-02
5.664182431770097903e-09,-8.546590805053715101e-02
5.616859956221150903e-09,-8.523724295876247692e-02
5.600098407629768835e-09,-8.509961041537202064e-02
5.656560262044275220e-09,-8.549661347360326680e-02
5.619930498527761823e-09,-8.517583211263024534e-02
5.546670971494736683e-09,-8.537451426188155668e-02
5.691636692393914400e-09,-8.520653753569636113e-02
5.215558138760657742e-09,-8.534417007908680353e-02
5.410844629461119178e-09,-8.523724295876247692e-02
5.448991602117369278e-09,-8.520653753569636113e-02
1.156327218720407655e-08,-8.332989432594997692e-02
6.245526400479407962e-09,-8.278008663293091873e-02
5.772518389152762223e-09,-8.291771917632136113e-02
5.580266316731775020e-09,-8.285630833018914343e-02
5.944902246648619752e-09,-8.250554402669274534e-02
5.706917155872696452e-09,-8.303945714777170861e-02
5.561951434973518735e-09,-8.264317657008320162e-02
5.317789135557236910e-09,-8.297876878218221619e-02
5.685531731807829248e-09,-8.285630833018914343e-02
5.461201523289540410e-09,-8.285630833018914343e-02
5.387978120283651130e-09,-8.307016257083781052e-02
5.563432520086119578e-09,-8.293253002744736813e-02
1.146107731443463324e-08,-8.097966512044274534e-02
6.070035876649803654e-09,-8.085756590872104910e-02
5.922035737471151704e-09,-8.075063878839670861e-02
5.468823693015363093e-09,-8.055267911968813643e-02
5.510041207978224113e-09,-8.044575199936379595e-02
5.516182292591445952e-09,-8.070512251420458583e-02
5.574125232118553181e-09,-8.056748997081414343e-02
5.577195774425164100e-09,-8.061372872554899149e-02
5.511594541145097502e-09,-8.064371166807236813e-02
5.662629098603223686e-09,-8.056748997081414343e-02
5.506970665671613193e-09,-8.075063878839670861e-02
5.638245380286018935e-09,-8.070512251420458583e-02
6.022785649155129201e-09,-8.049126827355591873e-02
1.179829510775479899e-08,-7.824868866891576680e-02
6.164680827747695999e-09,-7.791273521654537570e-02
5.496350201693452964e-09,-7.794344063961149149e-02
5.603168949936379754e-09,-7.789720188487664343e-02
6.007505185676347976e-09,-7.776029182202892631e-02
5.505489580559012350e-09,-7.783651351928715101e-02
5.609237786495329048e-09,-7.791273521654537570e-02
5.708398240985297296e-09,-7.777546391342629595e-02
5.871678843642730471e-09,-7.791273521654537570e-02
5.491726326219967828e-09,-7.805000651966445546e-02
5.642797007705230698e-09,-7.788239103375063643e-02
5.621411583640362666e-09,-7.766853679310195546e-02
1.167471481092048847e-08,-7.511998667861480294e-02
6.221142682162202384e-09,-7.478475570678715101e-02
5.691636692393914400e-09,-7.475405028372104910e-02
5.803007068056053781e-09,-7.464712316339670861e-02
5.497831286806053808e-09,-7.483063322125063643e-02
5.806077610362664700e-09,-7.499824870716445546e-02
5.233873020518914027e-09,-7.501378203883320162e-02
5.444439974698157515e-09,-7.476922237511841873e-02
5.285710999459936103e-09,-7.499824870716445546e-02
5.740476377082598103e-09,-7.463231231227070162e-02
5.607720577355591518e-09,-7.487614949544274534e-02
5.693153901533651103e-09,-7.469300067786019404e-02
1.163349729595762663e-08,-7.270943034778945546e-02
6.167715246027171059e-09,-7.287740707397465101e-02
5.888440392234112539e-09,-7.261803655913386113e-02
5.442886641531284125e-09,-7.255662571300164343e-02
6.112770600752401377e-09,-7.232796062122695546e-02
5.354382775046612793e-09,-7.267872492472335355e-02
5.366592696218783925e-09,-7.277047995365031052e-02
5.658077471184011923e-09,-7.260250322746512885e-02
5.650419177431053381e-09,-7.261803655913386113e-02
6.033406113133290257e-09,-7.232796062122695546e-02
5.510041207978224113e-09,-7.273977453058420861e-02
5.294922626379768862e-09,-7.275494662198157825e-02
1.138323003595525882e-08,-7.081761504664570162e-02
6.421016924309013097e-09,-7.028334068529537570e-02
5.758755134813717701e-09,-7.035992362282497692e-02
5.838119622432828821e-09,-7.017641356497104910e-02
6.039547197746512096e-09,-7.026780735362664343e-02
5.624482125946973586e-09,-7.023710193056052764e-02
5.891510934540723459e-09,-7.010019186771281052e-02
5.459684314149803708e-09,-7.035992362282497692e-02
5.517663377704046795e-09,-7.011536395911019404e-02
5.398670832316085559e-09,-7.048166159427531052e-02
5.391048662590262050e-09,-7.032921819975886113e-02
5.456649895870328647e-09,-6.997773141571973776e-02
1.156027389295173983e-08,-6.794828357118552764e-02
6.392045454545458242e-09,-6.752129757043091873e-02
5.931211240363847776e-09,-6.776513475360296246e-02
5.879301013368553154e-09,-6.784135645086120103e-02
5.497831286806053808e-09,-6.781137350833781052e-02
5.281159372040723512e-09,-6.785725102280129595e-02
5.555810350360296896e-09,-6.767374096494736813e-02
5.487138574773619378e-09,-6.807038278290723776e-02
5.134712566028946606e-09,-6.797898899425164343e-02
5.329999056729408042e-09,-6.802486650871512885e-02
5.485657489661018535e-09,-6.758270841656313643e-02
5.261327281142730525e-09,-6.764339678215262885e-02
5.326928514422797122e-09,-6.775032390247695546e-02
1.155565001747825386e-08,-6.591919696692269404e-02
6.115841143059012296e-09,-6.541562802863848392e-02
5.687085064974702637e-09,-6.514108542240031052e-02
5.900686437433421186e-09,-6.526318463412202064e-02
5.854917295051347576e-09,-6.547631639422796246e-02
5.485657489661018535e-09,-6.544633345170458583e-02
5.293369293212894645e-09,-6.544633345170458583e-02
5.740476377082598103e-09,-6.550702181729407825e-02
5.726713122743553581e-09,-6.556843266342629595e-02
5.615342747081414200e-09,-6.556843266342629595e-02
5.651936386570790084e-09,-6.535457842277762885e-02
5.357453317353223713e-09,-6.555253809148620103e-02
1.191884098630963444e-08,-6.327961430405129595e-02
6.153988115715262396e-09,-6.314198176066085355e-02
5.900686437433421186e-09,-6.312680966926348392e-02
6.044098825165723859e-09,-6.303505464033651307e-02
5.645867550011840790e-09,-6.306576006340262885e-02
5.906755273992369652e-09,-6.303505464033651307e-02
5.439888347278946579e-09,-6.300507169781313643e-02
5.470377026182236483e-09,-6.308129339507136113e-02
5.734371416496512123e-09,-6.279121745716445546e-02
5.619930498527761823e-09,-6.334030266964078837e-02
5.499348495945790511e-09,-6.294366085168091873e-02
5.636692047119144718e-09,-6.297436627474702064e-02
1.153430071744052169e-08,-6.123463312784835355e-02
6.530870090831414120e-09,-6.065484249230591179e-02
5.674839019775394818e-09,-6.056308746337894788e-02
5.626035459113847803e-09,-6.085316340128585355e-02
5.551258722941085132e-09,-6.067001458370328837e-02
6.019715106848519108e-09,-6.076176961263025228e-02
5.673321810635658115e-09,-6.080728588682236813e-02
5.401741374622696479e-09,-6.068554791537202758e-02
5.308613632664540010e-09,-6.068554791537202758e-02
5.510041207978224113e-09,-6.045652158332597698e-02
5.700776071259473786e-09,-6.056308746337894788e-02
5.421537341493553607e-09,-6.060932621811379595e-02
1.182730270154548887e-08,-5.859505046497696240e-02
6.361520651615030824e-09,-5.824392492120920861e-02
6.201238343209936023e-09,-5.815216989228223776e-02
5.983049219304869024e-09,-5.804524277195790422e-02
5.726713122743553581e-09,-5.832050785873879595e-02
5.543636553215262450e-09,-5.824392492120920861e-02
5.253705111416907842e-09,-5.828980243567268710e-02
5.459684314149803708e-09,-5.801525982943452758e-02
5.751132965087895018e-09,-5.807594819502401307e-02
5.226250850793091344e-09,-5.815216989228223776e-02
5.590886780709936076e-09,-5.798455440636841179e-02
5.438298890084935676e-09,-5.812146446921612891e-02
5.656560262044275220e-09,-5.801525982943452758e-02
1.189438501993815549e-08,-5.581783525871512192e-02
6.004434643369737056e-09,-5.554329265247696240e-02
5.612272204774803281e-09,-5.552739808053686055e-02
5.723678704464078521e-09,-5.633657628839670861e-02
5.767930637706414600e-09,-5.543636553215262192e-02
5.641315922592629855e-09,-5.561951434973518710e-02
5.513111750284835032e-09,-5.552739808053686055e-02
5.682461189501218328e-09,-5.543636553215262192e-02
5.586335153290723486e-09,-5.557363683527170861e-02
5.674839019775394818e-09,-5.568020271532467952e-02
5.803007068056053781e-09,-5.569573604699341179e-02
5.598545074462894618e-09,-5.583264610984112891e-02
1.197833725900361506e-08,-5.381837035670429537e-02
6.211931055242369625e-09,-5.351312232740002006e-02
5.926587364890362639e-09,-5.351312232740002006e-02
5.842671249852040584e-09,-5.334550684148619409e-02
5.717609867905129227e-09,-5.311684174971151307e-02
5.645867550011840790e-09,-5.320823553836711434e-02
5.558880892666907815e-09,-5.343690063014179537e-02
5.780140558878585733e-09,-5.342208977901578837e-02
5.773999474265363066e-09,-5.340691768761841179e-02
5.322376887003585359e-09,-5.365075487079046940e-02
5.636692047119144718e-09,-5.339138435594967952e-02
5.836602413293091291e-09,-5.323857972116186055e-02
1.172355449560917135e-08,-5.174340623797796940e-02
6.385904369932236402e-09,-5.114808227076679537e-02
5.920518528331414173e-09,-5.117878769383290422e-02
5.784692186297796669e-09,-5.113327141964078837e-02
5.545117638327863293e-09,-5.105668848211119409e-02
5.508523998838486583e-09,-5.096565593372696240e-02
5.680943980361479971e-09,-5.105668848211119409e-02
5.604650035048980598e-09,-5.119432102550164343e-02
5.461201523289540410e-09,-5.114808227076679537e-02
5.708398240985297296e-09,-5.110256599657467952e-02
5.851846752744736656e-09,-5.120949311689901307e-02
5.612272204774803281e-09,-5.116361560243553458e-02
1.177694580771706847e-08,-4.905830730091446240e-02
6.256219112511841564e-09,-4.867683757435196240e-02
5.970875422159835406e-09,-4.863059881961711434e-02
5.833531870986480371e-09,-4.890550266612664343e-02
5.889993725400986756e-09,-4.873752593994144788e-02
5.609237786495329048e-09,-4.870682051687533903e-02
5.304062005245329074e-09,-4.887479724306053458e-02
5.503972371419274820e-09,-4.879857554580230294e-02
5.497831286806053808e-09,-4.872235384854407825e-02
5.442886641531284125e-09,-4.875305927161018710e-02
5.621411583640362666e-09,-4.892067475752401307e-02
5.456649895870328647e-09,-4.870682051687533903e-02
1.194781245607318764e-08,-4.629590294577862891e-02
6.059343164617369225e-09,-4.621968124852040422e-02
5.578712983564901630e-09,-4.611275412819606373e-02
5.867127216223518708e-09,-4.621968124852040422e-02
5.505489580559012350e-09,-4.618897582545429537e-02
5.783211101185196652e-09,-4.588372779615002006e-02
5.247564026803686003e-09,-4.621968124852040422e-02
5.491726326219967828e-09,-4.612828745986480294e-02
5.490209117080230298e-09,-4.577680067582568652e-02
5.679462895248879955e-09,-4.599065491647436055e-02
5.632104295672797096e-09,-4.614345955126217952e-02
5.502419038252401430e-09,-4.618897582545429537e-02
5.717609867905129227e-09,-4.609758203679869409e-02
1.205159678603664020e-08,-4.397637916333752006e-02
6.158539743134474159e-09,-4.393086288914540422e-02
5.531426632043091317e-09,-4.371700864849673018e-02
5.944902246648619752e-09,-4.386945204301318652e-02
5.407810211181644945e-09,-4.406849543253585355e-02
5.723678704464078521e-09,-4.386945204301318652e-02
5.781621643991185749e-09,-4.394603498054277385e-02
5.764860095399803681e-09,-4.368702570597335355e-02
5.854917295051347576e-09,-4.385464119188717952e-02
5.568020271532468028e-09,-4.405296210086711434e-02
5.406293002041907415e-09,-4.402225667780100549e-02
5.272019993175164127e-09,-4.402225667780100549e-02
1.158465761126894375e-08,-4.235946770870328837e-02
6.334030266964078467e-09,-4.168756080396252006e-02
6.231763146140362613e-09,-4.133679650046612891e-02
5.749615755948157488e-09,-4.174897165009473776e-02
5.894581476847335206e-09,-4.150441198637995488e-02
5.395600290009473813e-09,-4.156582283251217952e-02
5.581783525871512550e-09,-4.135196859186350549e-02
5.497831286806053808e-09,-4.130609107740002006e-02
5.632104295672797096e-09,-4.141301819772436055e-02
5.719090953017730071e-09,-4.165721662116777385e-02
5.496350201693452964e-09,-4.176414374149211434e-02
5.703846613566085533e-09,-4.144372362079046940e-02
1.146407560868697161e-08,-3.946015329071973776e-02
6.392045454545458242e-09,-3.874273011178686055e-02
5.954113873568452510e-09,-3.868168050592600549e-02
6.001400225090261996e-09,-3.875790220318423018e-02
5.360523859659835459e-09,-3.909385565555461434e-02
5.760308467980591091e-09,-3.898692853523027385e-02
5.708398240985297296e-09,-3.935322617039540422e-02
5.340691768761840817e-09,-3.927700447313717952e-02
5.381837035670429291e-09,-3.927700447313717952e-02
5.565021977280129654e-09,-3.920078277587894788e-02
5.476445862741185776e-09,-3.936839826179277385e-02
5.569573604699341417e-09,-3.938393159346151307e-02
1.171130845040986436e-08,-3.636215672348488970e-02
6.202827800403946099e-09,-3.610314744891546940e-02
5.896062561959936049e-09,-3.558404517896252006e-02
5.902203646573157888e-09,-3.611831954031283903e-02
5.719090953017730071e-09,-3.607244202584936055e-02
5.938833410089670458e-09,-3.576755523681644788e-02
5.937280076922797069e-09,-3.582824360240594030e-02
5.862539464777171086e-09,-3.573684981375033903e-02
5.522251129150394418e-09,-3.639286214655100549e-02
5.688566150087303481e-09,-3.569097229928686055e-02
5.796902107469967801e-09,-3.591999863133290422e-02
5.580266316731775020e-09,-3.588929320826679537e-02
1.148090940533262788e-08,-3.393642830126217952e-02
6.248596942786018881e-09,-3.350908106023619409e-02
5.833531870986480371e-09,-3.370740196921612891e-02
5.960182710127400976e-09,-3.376809033480562133e-02
5.566503062392730498e-09,-3.356976942582568652e-02
5.784692186297796669e-09,-3.329522681958752006e-02
5.685531731807829248e-09,-3.353942524303094030e-02
5.363594401966446379e-09,-3.382950118093783903e-02
5.389459205396251973e-09,-3.390572287819606373e-02
5.389459205396251973e-09,-3.382950118093783903e-02
5.560398101806644518e-09,-3.353942524303094030e-02
5.584817944150986783e-09,-3.364635236335527385e-02
5.537495468602040611e-09,-3.384431203206384603e-02
1.193253199259440559e-08,-3.181522542780100549e-02
6.448471184932828767e-09,-3.135753400398027385e-02
5.751132965087895018e-09,-3.169312621607929537e-02
5.705327698678686376e-09,-3.115921309500033903e-02
5.828980243567268608e-09,-3.114367976333160329e-02
5.470377026182236483e-09,-3.132682858091416500e-02
5.803007068056053781e-09,-3.111333558053685708e-02
6.199757258097335179e-09,-3.128095106645068652e-02
5.494796868526578747e-09,-3.134236191258290422e-02
5.922035737471151704e-09,-3.152514948989409982e-02
5.746545213641546569e-09,-3.143375570123850549e-02
5.732854207356775420e-09,-3.138787818677502006e-02
1.189290393482555464e-08,-2.915974819298950901e-02
6.063930916063717674e-09,-2.909905982740002006e-02
6.021196191961119125e-09,-2.893108310121482799e-02
5.783211101185196652e-09,-2.917564276492961434e-02
5.752686298254768408e-09,-2.917564276492961434e-02
5.893064267707597676e-09,-2.919045361605561786e-02
5.801525982943452937e-09,-2.906871564460527732e-02
5.684014522668090890e-09,-2.931255282777732799e-02
5.284229914347335259e-09,-2.938877452503555615e-02
5.485657489661018535e-09,-2.877827846642700901e-02
5.491726326219967828e-09,-2.905354355320790422e-02
5.307096423524803307e-09,-2.880898388949311786e-02
1.169758132009795652e-08,-2.699375152587895135e-02
6.295883294307829194e-09,-2.652016553011811786e-02
5.716020410711119151e-09,-2.679470813635628085e-02
5.912896358605591491e-09,-2.661228179931645135e-02
5.755756840561379328e-09,-2.667297016490594030e-02
5.139264193448157542e-09,-2.690163525668061786e-02
5.621411583640362666e-09,-2.650535467899211434e-02
5.613789413914540811e-09,-2.656604304458160329e-02
5.532943841182828847e-09,-2.642877174146252006e-02
5.499348495945790511e-09,-2.664226474183982799e-02
5.447510517004768435e-09,-2.667297016490594030e-02
5.348313938487664327e-09,-2.642877174146252006e-02
1.170523961385091589e-08,-2.452142310865002006e-02
6.512555209073157835e-09,-2.427722468520660329e-02
5.534497174349703064e-09,-2.438415180553094030e-02
5.621411583640362666e-09,-2.452142310865002006e-02
5.389459205396251973e-09,-2.427722468520660329e-02
5.809148152669275620e-09,-2.427722468520660329e-02
5.563432520086119578e-09,-2.407890377622666500e-02
5.653489719737664300e-09,-2.417029756488226627e-02
5.899133104266546969e-09,-2.424651926214049097e-02
5.566503062392730498e-09,-2.449107892585527732e-02
5.682461189501218328e-09,-2.442966807972305615e-02
5.618413289388025120e-09,-2.404819835316055615e-02
1.204549182545055504e-08,-2.236987605239410329e-02
6.221142682162202384e-09,-2.215638305201679537e-02
5.767930637706414600e-09,-2.186630711410989317e-02
5.583264610984112566e-09,-2.189701253717600202e-02
5.767930637706414600e-09,-2.201875050862634603e-02
5.609237786495329048e-09,-2.198840632583160329e-02
5.612272204774803281e-09,-2.180489626797767200e-02
5.517663377704046795e-09,-2.206462802308982799e-02
6.199757258097335179e-09,-2.211014429728194383e-02
5.664182431770097903e-09,-2.198840632583160329e-02
5.442886641531284125e-09,-2.211014429728194383e-02
5.497831286806053808e-09,-2.211014429728194383e-02
5.389459205396251973e-09,-2.217155514341416500e-02
1.187914068048651012e-08,-1.985203136097305615e-02
6.280602830829046315e-09,-1.971512129812533903e-02
5.716020410711119151e-09,-2.067638166023027732e-02
5.906755273992369652e-09,-1.963889960086711434e-02
5.822839158954046769e-09,-1.997413057269476627e-02
5.549741513801347602e-09,-2.012657396721121913e-02
5.944902246648619752e-09,-1.997413057269476627e-02
5.355936108213487010e-09,-1.989754763516517200e-02
5.514592835397435876e-09,-1.994378638990002006e-02
5.632104295672797096e-09,-1.974510424064871913e-02
5.647384759151579148e-09,-2.002036932742961434e-02
5.827426910400394391e-09,-1.997413057269476627e-02
1.186086192275538970e-08,-1.715103785196944383e-02
6.047169367472335606e-09,-1.652573094223489317e-02
5.969358213020097876e-09,-1.666264100508260682e-02
5.690083359227040184e-09,-1.684578982266517200e-02
5.603168949936379754e-09,-1.670887975981745835e-02
5.725232037630952737e-09,-1.672405185121482799e-02
5.894581476847335206e-09,-1.670887975981745835e-02
6.126533855091445899e-09,-1.652573094223489317e-02
6.024266734267730044e-09,-1.640363173051318305e-02
5.761825677120328621e-09,-1.657124721642700901e-02
5.642797007705230698e-09,-1.676956812540694383e-02
5.549741513801347602e-09,-1.657124721642700901e-02
1.151291529337565614e-08,-1.472530942974673018e-02
6.512555209073157835e-09,-1.405376376527732799e-02
5.984638676498879928e-09,-1.432830637151549097e-02
5.751132965087895018e-09,-1.435901179458160155e-02
5.860986131610296869e-09,-1.432830637151549097e-02
5.798455440636841191e-09,-1.416069088560166674e-02
6.039547197746512096e-09,-1.425208467425726454e-02
5.627552668253585333e-09,-1.452662728049542752e-02
5.535978259462303080e-09,-1.448074976603194557e-02
5.435264471805461443e-09,-1.454216061216416674e-02
5.629033753366186176e-09,-1.446593891490593857e-02
5.871678843642730471e-09,-1.428242885705200901e-02
1.191273602572354763e-08,-1.242095773870299097e-02
6.521730711965854734e-09,-1.214641513246482972e-02
6.045652158332598076e-09,-1.240578564730561960e-02
5.917447986024803254e-09,-1.213124304106745661e-02
5.363594401966446379e-09,-1.225334225278916674e-02
6.417946382002401350e-09,-1.220746473832568305e-02
5.754167383367369251e-09,-1.240578564730561960e-02
5.772518389152762223e-09,-1.249717943596121913e-02
6.048650452584936449e-09,-1.228404767585527559e-02
5.468823693015363093e-09,-1.240578564730561960e-02
5.755756840561379328e-09,-1.197879964655100375e-02
5.688566150087303481e-09,-1.225334225278916674e-02
1.182878378665808972e-08,-1.042221531723489317e-02
6.224140976414540757e-09,-9.995229316480275586e-03
6.091421300714670859e-09,-9.750669652765490969e-03
5.828980243567268608e-09,-9.903113047281945566e-03
5.633657628839670485e-09,-1.004074559067239317e-02
6.045652158332598076e-09,-9.872407624215834981e-03
5.851846752744736656e-09,-1.002521225900365395e-02
5.592476237903946152e-09,-1.010143395626188212e-02
5.749615755948157488e-09,-1.001004016760628258e-02
5.928140698057236856e-09,-1.004074559067239317e-02
5.546670971494736683e-09,-1.023906649965232972e-02
5.626035459113847803e-09,-1.016284480239410155e-02
5.497831286806053808e-09,-1.023906649965232972e-02
1.150836366595644355e-08,-7.874026443019101554e-03
6.523247921105592265e-09,-7.507367567582608550e-03
5.888440392234112539e-09,-7.309046658602671998e-03
5.807594819502401403e-09,-7.324218750000044235e-03
5.929657907196973559e-09,-7.080381566827991836e-03
5.749615755948157488e-09,-7.385629596132265405e-03
5.711468783291908215e-09,-7.309046658602671998e-03
6.067001458370328594e-09,-7.278702475807927522e-03
5.647384759151579148e-09,-7.218014110218439437e-03
5.584817944150986783e-09,-7.232824961344445566e-03
5.593957323016546996e-09,-7.263530384410555284e-03
5.983049219304869024e-09,-7.111086989894102421e-03
1.152819575685443654e-08,-5.294770905465834981e-03
6.488171490755952257e-09,-3.967212908195771534e-03
6.181442376339078894e-09,-3.280495152328997965e-03
6.115841143059012296e-09,-2.807992877382264971e-03
5.551258722941085132e-09,-3.372611421527328852e-03
5.888440392234112539e-09,-2.991141694964828852e-03
6.100560679580230244e-09,-3.098068815289165868e-03
5.726713122743553581e-09,-3.357078089858590939e-03
5.360523859659835459e-09,-3.234978878136881685e-03
5.629033753366186176e-09,-3.051830060554317370e-03
5.725232037630952737e-09,-2.807992877382264971e-03
5.561951434973518735e-09,-2.624482819528334981e-03
1.429009437561035752e-08,8.849664167923916667e-04
6.851326335560195318e-09,1.266436143354891667e-03
5.917447986024803254e-09,1.388174114805235029e-03
5.973945964466446326e-09,1.495101235129572045e-03
6.085316340128585706e-09,1.205025297222670931e-03
6.091421300714670859e-09,1.175042354699292781e-03
5.923589070638025093e-09,1.510273326526944283e-03
5.897652019153946125e-09,1.251264051957519429e-03
5.593957323016546996e-09,1.266436143354891667e-03
5.912896358605591491e-09,1.357829932010490553e-03
5.723678704464078521e-09,1.159509023030554434e-03
6.007505185676347976e-09,1.434051629268717418e-03
1.137409065708970026e-08,3.204490199233502035e-03
6.263841282237664247e-09,3.799091685901944283e-03
5.996812473643914374e-09,3.570065353855897579e-03
5.783211101185196652e-09,3.570065353855897579e-03
5.931211240363847776e-09,3.753575411709827569e-03
5.690083359227040184e-09,3.829797108968054434e-03
6.153988115715262396e-09,4.012945926550618748e-03
5.409363544348518335e-09,3.600770776922008164e-03
5.735852501609112966e-09,3.906018806226281299e-03
5.873196052782468001e-09,3.890846714828909061e-03
5.539048801768914000e-09,3.676992474180235029e-03
5.589405695597335233e-09,3.646648291385490553e-03
1.168840581720525962e-08,5.615046530058845180e-03
6.881815014463486876e-09,6.012049588290083527e-03
6.124944397897435822e-09,5.965810833555234595e-03
5.851846752744736656e-09,5.996516256621345180e-03
6.012092937122696426e-09,5.889589136297008164e-03
5.661111889463486983e-09,5.981705405495339051e-03
6.067001458370328594e-09,6.149320891409165019e-03
6.071553085789540357e-09,6.164854223077903365e-03
5.754167383367369251e-09,5.905122467965746511e-03
5.864056673916907788e-09,6.088632525819676067e-03
5.767930637706414600e-09,6.179665074203909494e-03
5.755756840561379328e-09,5.874778285171002035e-03
5.781621643991185749e-09,6.225542588667391450e-03
1.194481416182084927e-08,8.285334615996346047e-03
6.626996127041908135e-09,8.499188856645020079e-03
6.118875561338486529e-09,8.529894279711128929e-03
5.841154040712303054e-09,8.529894279711128929e-03
6.207379427823157862e-09,8.835142309015402498e-03
5.860986131610296869e-09,8.529894279711128929e-03
5.955594958681053354e-09,8.468483433578909494e-03
6.166161912860296842e-09,8.590582645300617881e-03
5.516182292591445952e-09,8.514360948042391450e-03
5.661111889463486983e-09,8.636098919492735462e-03
5.462754856456414627e-09,8.545066371108502035e-03
5.864056673916907788e-09,8.743026039817072478e-03
1.161059466275302189e-08,1.083388473048350203e-02
6.666696432865030798e-09,1.101703354806606548e-02
5.696224443840262023e-09,1.078800721602002008e-02
5.740476377082598103e-09,1.081871263908612893e-02
5.941867828369144691e-09,1.084869558160950730e-02
5.778623349738847376e-09,1.062003048983482800e-02
6.096009052161018481e-09,1.103184439919207248e-02
5.857915589303685949e-09,1.072695761015916502e-02
5.712985992431644918e-09,1.069625218709305443e-02
5.598545074462894618e-09,1.055934212424533905e-02
5.592476237903946152e-09,1.080317930741739145e-02
5.552739808053685976e-09,1.078800721602002008e-02
1.171893062013568704e-08,1.292438218087856548e-02
6.768891305634474106e-09,1.316821936405061788e-02
6.202827800403946099e-09,1.318375269571935710e-02
5.639726465398619778e-09,1.322963021018283905e-02
6.073106418956414574e-09,1.324444106130884431e-02
5.757237925673980171e-09,1.293919303200457248e-02
5.851846752744736656e-09,1.303130930120290250e-02
5.859505046497696025e-09,1.318375269571935710e-02
5.781621643991185749e-09,1.319892478711672847e-02
5.638245380286018935e-09,1.301577596953416502e-02
5.851846752744736656e-09,1.333655733050717607e-02
5.838119622432828821e-09,1.318375269571935710e-02
1.229875737970525957e-08,1.519802844885619411e-02
6.070035876649803654e-09,1.551844856955783905e-02
5.932728449503585306e-09,1.553325942068384431e-02
6.080728588682236429e-09,1.519802844885619411e-02
5.983049219304869024e-09,1.554879275235258353e-02
6.279121745716445472e-09,1.582333535859074478e-02
5.883888764814901604e-09,1.539634935783612893e-02
5.706917155872696452e-09,1.553325942068384431e-02
5.597027865323157915e-09,1.536564393477002008e-02
6.189064546064901577e-09,1.564018654100818306e-02
5.679462895248879955e-09,1.568606405547166502e-02
5.940350619229407989e-09,1.570159738714040423e-02
1.180591727748062167e-08,1.763965144301901308e-02
6.413358630556052900e-09,1.826495835275356722e-02
6.445436766653354534e-09,1.837188547307790423e-02
5.729783665050164500e-09,1.803593202070752008e-02
5.789279937744145118e-09,1.824978626135619411e-02
5.960182710127400976e-09,1.840259089614401308e-02
5.528356089736480398e-09,1.800522659764140776e-02
5.545117638327863293e-09,1.814285914103185710e-02
5.725232037630952737e-09,1.818873665549533905e-02
6.103631221886841164e-09,1.826495835275356722e-02
5.880818222508290684e-09,1.799041574651540423e-02
5.957112167820790057e-09,1.808180953517100203e-02
5.882371555675164073e-09,1.817356456409796595e-02
1.163656783826423837e-08,2.038616122621474125e-02
6.421016924309013097e-09,2.056858756325457074e-02
5.969358213020097876e-09,2.067551468357890776e-02
6.076176961263025493e-09,1.969944347034796595e-02
6.103631221886841164e-09,2.084385265003546595e-02
5.833531870986480371e-09,2.082831931836673020e-02
5.706917155872696452e-09,2.043167750040685710e-02
5.873196052782468001e-09,2.061482631798941881e-02
5.624482125946973586e-09,2.044684959180423020e-02
5.809148152669275620e-09,2.047755501487033905e-02
5.618413289388025120e-09,2.023335659142691881e-02
5.787762728604407588e-09,2.061482631798941881e-02
1.167619589603308932e-08,2.261356873945752008e-02
6.926103071732958815e-09,2.308715473521835010e-02
6.146329821962303854e-09,2.287330049456967607e-02
6.074623628096151277e-09,2.317818728360258179e-02
5.824392492120920985e-09,2.294952219182790423e-02
5.883888764814901604e-09,2.311713767774173020e-02
6.161610285441085079e-09,2.314784310080783905e-02
5.947972788955230671e-09,2.334580276951640776e-02
5.822839158954046769e-09,2.302574388908612893e-02
5.436817804972335659e-09,2.301057179768875582e-02
6.276051203409835379e-09,2.320889270666869411e-02
6.202827800403946099e-09,2.351414073597296595e-02
1.174945542306611446e-08,2.508553591641508179e-02
6.494240327314901550e-09,2.546700564297758179e-02
6.460717230132135759e-09,2.529939015706375582e-02
6.320303136652170632e-09,2.549771106604369411e-02
6.022785649155129201e-09,2.500931421915685710e-02
5.694707234700525320e-09,2.534526767152724125e-02
5.801525982943452937e-09,2.525315140232890776e-02
5.719090953017730071e-09,2.507072506528907826e-02
6.009022394816085506e-09,2.526904597426901308e-02
5.944902246648619752e-09,2.528385682539502008e-02
5.995259140477040157e-09,2.529939015706375582e-02
5.899133104266546969e-09,2.545219479185157826e-02
1.231707226146351668e-08,2.737435427579008179e-02
6.599541866418091637e-09,2.735954342466407826e-02
6.059343164617369225e-09,2.758820851643875582e-02
6.303505464033651050e-09,2.757267518477002008e-02
6.012092937122696426e-09,2.766479145396835010e-02
5.909825816298980571e-09,2.758820851643875582e-02
6.320303136652170632e-09,2.763408603090224125e-02
5.766377304539540384e-09,2.769477439649173020e-02
5.792314356023619351e-09,2.723708297267100203e-02
6.242455858172797042e-09,2.746574806444568306e-02
6.102077888719967774e-09,2.751198681918053113e-02
6.170749664306644465e-09,2.757267518477002008e-02
1.229113520997943689e-08,2.958695093790685710e-02
6.869641217318452430e-09,2.989219896721112893e-02
6.370660030480591864e-09,3.009051987619106722e-02
6.709431156967629347e-09,3.012122529925717607e-02
6.242455858172797042e-09,2.996842066446935710e-02
5.841154040712303054e-09,2.992290439027724125e-02
5.827426910400394391e-09,2.983151060162163998e-02
6.373730572787201957e-09,3.016674157344929191e-02
5.838119622432828821e-09,2.999912608753546595e-02
5.966287670713486956e-09,3.001429817893283905e-02
5.880818222508290684e-09,2.999912608753546595e-02
6.236387021613847749e-09,2.980080517855553113e-02
5.667180726022436276e-09,2.998395399613809284e-02
1.227437366138805564e-08,3.183025302308974125e-02
7.197683507745920452e-09,3.242557699030091528e-02
6.538492260557236803e-09,3.254731496175125582e-02
6.663625890558420705e-09,3.236416614416869064e-02
6.712465575247105235e-09,3.244038784142692228e-02
6.581226984659835352e-09,3.253178163008251661e-02
6.317268718372695572e-09,3.253178163008251661e-02
6.236387021613847749e-09,3.259319247621474125e-02
6.784135645086120298e-09,3.250179868755913998e-02
6.459163896965263197e-09,3.276080796212856722e-02
6.599541866418091637e-09,3.247109326449303113e-02
6.388974912238848149e-09,3.242557699030091528e-02
1.233083551580256120e-08,3.475991162386803113e-02
7.663105473373879367e-09,3.501964337898019058e-02
7.197683507745920452e-09,3.503445423010619064e-02
6.805521069150986676e-09,3.491271625865585010e-02
7.071068792632135706e-09,3.497340462424533558e-02
7.129047856186379621e-09,3.485130541252363240e-02
7.061857165712302947e-09,3.500374880704008179e-02
6.569017063487664220e-09,3.474437829219929191e-02
6.775032390247695945e-09,3.488201083558974125e-02
7.452538519194635879e-09,3.517208677349663998e-02
7.284670165090855081e-09,3.472920620080192228e-02
7.003914226185195718e-09,3.482059998945751661e-02
1.339895075017756069e-08,3.730846173835519058e-02
8.563352353645098062e-09,3.761334852738809631e-02
7.888916767004769875e-09,3.755229892152724125e-02
8.242932232943451896e-09,3.772027564771242986e-02
8.230722311771281591e-09,3.804069576841407480e-02
7.834008245757136880e-09,3.739949428673942228e-02
8.210890220873286949e-09,3.739949428673942228e-02
8.154428366458781391e-09,3.727775631528907480e-02
8.424527717359142184e-09,3.765922604185157480e-02
8.589325529156312889e-09,3.743019970980553113e-02
9.031808737552530384e-09,3.770474231604369064e-02
8.384827411536019521e-09,3.723187880082559631e-02
1.492945353190104570e-08,3.981041185783613240e-02
1.053637446779193725e-08,4.036021955085519058e-02
9.910742441813155247e-09,4.025329243053085010e-02
9.736769127123287642e-09,4.016189864187524883e-02
9.849728959979437099e-09,3.958138552579008179e-02
1.024033806540749831e-08,4.020741491606736467e-02
1.053485725865219972e-08,4.032951412778907480e-02
1.046921990134499726e-08,4.022258700746474125e-02
1.012286272915927295e-08,3.974972349224663998e-02
1.098651596994111411e-08,4.020741491606736467e-02
1.097582325790867968e-08,4.025329243053085010e-02
1.107653704556552214e-08,4.002426609848480643e-02
1.748685403303667000e-08,4.208405812581375582e-02
1.283895608150598115e-08,4.238930615511803113e-02
1.309832659634677414e-08,4.270972627581967607e-02
1.310446768095999432e-08,4.266384876135619064e-02
1.313192194158380999e-08,4.269455418442230643e-02
1.334097168662331761e-08,4.275596503055452413e-02
1.358513398603959860e-08,4.269455418442230643e-02
1.379873535849831881e-08,4.260316039576670516e-02
1.386133829752604620e-08,4.248069994377363240e-02
1.369805769486861303e-08,4.242001157818413998e-02
1.428702383330374412e-08,4.252693869850848046e-02
1.470819386568936778e-08,4.254211078990585010e-02
1.478141726869525789e-08,4.246552785237625582e-02
2.114444790464459543e-08,4.441875399965224125e-02
1.714504848827015498e-08,4.472400202895650961e-02
1.732050288807262673e-08,4.499890587546603871e-02
1.754179867831143637e-08,4.499890587546603871e-02
1.751127387538101061e-08,4.481575705788348046e-02
1.808958342581084892e-08,4.472400202895650961e-02
1.800718451991226026e-08,4.472400202895650961e-02
1.844052834944292085e-08,4.487644542347296595e-02
1.819640217405377488e-08,4.464741909142692228e-02
1.876557234561804967e-08,4.478505163481736467e-02
1.894713170600660327e-08,4.504478338992952413e-02
1.940034375046239188e-08,4.477024078369136462e-02
2.582897561969179685e-08,4.673827778209335010e-02
2.185247883652196278e-08,4.710457541725848046e-02
2.191197510921594175e-08,4.724148548010619064e-02
2.202031106659860855e-08,4.713528084032458931e-02
2.274662075620709632e-08,4.718079711451670516e-02
2.269015890179258580e-08,4.693623745080192228e-02
2.281836307410038393e-08,4.716526378284796595e-02
2.298012646761807958e-08,4.727219090317230643e-02
2.366980639371005644e-08,4.734841260043053113e-02
2.385443629640521683e-08,4.721150253758281401e-02
2.399788480816465701e-08,4.696694287386803113e-02
2.452432025562633573e-08,4.716526378284796595e-02
3.091021740075314132e-08,4.913402326179269058e-02
2.719923221703732208e-08,4.977486350319598046e-02
2.688488093289462273e-08,4.939339377663348046e-02
2.778516393719297976e-08,4.940856586803085010e-02
2.818343133637399869e-08,4.962242010867952413e-02
2.825820807254675805e-08,4.974415808012986467e-02
2.858321594469475515e-08,4.974415808012986467e-02
2.825206698793353787e-08,4.962242010867952413e-02
2.888228676535866749e-08,4.971345265706375582e-02
2.894178303805264976e-08,4.945408214222296595e-02
2.890363606539639801e-08,4.939339377663348046e-02
2.960859645496715526e-08,4.974415808012986467e-02
3.614863482388583051e-08,5.180431134773019058e-02
3.277031580607096277e-08,5.203297643950486467e-02
3.261465737313935228e-08,5.177360592466407480e-02
3.312736569028912647e-08,5.183465553052492986e-02
3.333334489302202068e-08,5.186536095359103871e-02
3.390099785544655463e-08,5.200227101643875582e-02
3.383687770727909301e-08,5.204850977117360389e-02
3.453118150884455584e-08,5.203297643950486467e-02
3.427787983056271132e-08,5.175843383326670516e-02
3.432061455466530738e-08,5.189606637665715450e-02
3.511256160158099762e-08,5.194158265084927034e-02
3.530940142544833162e-08,5.207885395396835010e-02
4.176852197358103062e-08,5.415417931296603871e-02
3.859311161619244039e-08,5.416935140436341528e-02
3.874421842170484491e-08,5.427627852468774883e-02
3.925844394799435663e-08,5.409312970710519058e-02
3.953919988690001020e-08,5.400173591844958931e-02
3.934084285389293867e-08,5.412347388989992986e-02
3.983216574697784070e-08,5.416935140436341528e-02
4.042116800944010516e-08,5.407795761570781401e-02
3.994201891350024503e-08,5.409312970710519058e-02
4.007325750408751491e-08,5.421486767855553113e-02
4.061190287272135401e-08,5.410866303877392286e-02
4.093539353572961688e-08,5.444389401060157480e-02
4.064697930307099898e-08,5.392551422119136462e-02
4.716718558109167793e-08,5.593978997432819816e-02
4.501563852483576351e-08,5.673271236997657480e-02
4.487070892796372083e-08,5.636677597508281401e-02
4.517285029093424657e-08,5.625984885475848046e-02
4.584880308671431228e-08,5.657990773518875582e-02
4.578013131112763808e-08,5.654992479266537919e-02
4.617684537714178113e-08,5.645816976373841528e-02
4.641797325827859038e-08,5.665649067271835010e-02
4.673687616984049902e-08,5.645816976373841528e-02
4.642100767655806544e-08,5.665649067271835010e-02
4.695203087546608847e-08,5.671754027857920516e-02
4.708171613288648579e-08,5.641229224927492986e-02
5.351493575356224169e-08,5.891496484929860389e-02
5.138477412137119283e-08,5.908258033521242986e-02
5.204548257769960656e-08,5.888462066650386462e-02
5.199205514156457772e-08,5.903706406102031401e-02
5.202716769594135772e-08,5.903706406102031401e-02
5.268787615226977145e-08,5.853349512273610389e-02
5.292896790937944567e-08,5.929643457586110389e-02
5.264517755219431042e-08,5.925091830166898804e-02
5.269705165516246670e-08,5.915916327274202413e-02
5.318992788141424790e-08,5.905223615241768365e-02
5.369497790481105776e-08,5.911328575827853871e-02
5.377737681070963981e-08,5.908258033521242986e-02
6.062259096087832578e-08,6.163113044969958931e-02
5.823912765040541916e-08,6.173805757002392286e-02
5.880981503110943478e-08,6.204330559932819816e-02
5.876249255556049771e-08,6.167664672389170516e-02
5.928741079388243559e-08,6.185979554147427034e-02
5.918976754853220156e-08,6.173805757002392286e-02
5.986879088661888399e-08,6.187496763287163998e-02
5.993746266220555158e-08,6.187496763287163998e-02
6.034638664939186494e-08,6.189050096454037919e-02
6.021973581025094930e-08,6.156971960356736467e-02
6.025484836462772269e-08,6.204330559932819816e-02
6.070650707591663873e-08,6.198189475319598046e-02
6.697644609393495484e-08,6.395065423214070510e-02
6.522775418830641028e-08,6.419449141531274883e-02
6.535747556975394264e-08,6.427071311257097352e-02
6.568400065104168057e-08,6.407239220359103871e-02
6.540017416982940367e-08,6.398099841493544437e-02
6.565654639041785167e-08,6.402687592939892980e-02
6.583203691424746176e-08,6.399617050633281401e-02
6.593271457787715762e-08,6.413380304972325641e-02
6.659038861592611614e-08,6.414861390084926340e-02
6.636454119826808729e-08,6.411826971805452413e-02
6.603953332612008689e-08,6.402687592939892980e-02
6.666971697951808809e-08,6.414861390084926340e-02
6.693371136983236539e-08,6.428624644423971968e-02
7.357442740238074641e-08,6.604115168253575641e-02
7.162893179691199627e-08,6.620876716844958931e-02
7.117264921014959757e-08,6.590351913914531401e-02
7.175099488460657091e-08,6.626981677431044437e-02
7.156939940019088228e-08,6.642262140909825641e-02
7.105976162534771818e-08,6.617806174538347352e-02
7.100481698007294519e-08,6.622357801957559631e-02
7.064776709585480134e-08,6.625428344264169822e-02
7.103230736472390251e-08,6.626981677431044437e-02
7.069808786565607844e-08,6.657506480361471968e-02
6.999009305780584281e-08,6.610184004812524883e-02
6.989244981245560879e-08,6.631569428877392980e-02
7.650722879351992490e-08,6.802472201260649498e-02
7.423820640101577024e-08,6.887905525438708931e-02
7.399866797707298844e-08,6.869590643680452413e-02
7.423820640101577024e-08,6.883317773992360389e-02
7.457849473664255766e-08,6.878766146573149498e-02
7.556269385597924089e-08,6.877212813406274883e-02
7.507285204800693474e-08,6.886388316298971968e-02
7.604946512164491709e-08,6.878766146573149498e-02
7.757230960961544603e-08,6.874214519153937220e-02
7.837950099598278163e-08,6.863521807121503171e-02
7.897153767672452115e-08,6.861932349927493680e-02
7.994352687488902084e-08,6.845170801336110389e-02
8.673534971294981300e-08,7.080193721886832159e-02
8.497903563759545238e-08,7.106094649343774883e-02
8.493781812263257399e-08,7.100025812784825641e-02
8.492716153462728286e-08,7.138172785441075641e-02
8.420081572099165675e-08,7.110718524817259689e-02
8.432136159954649385e-08,7.125962864268904629e-02
8.363319888259425783e-08,7.107647982510649498e-02
8.354162447380297392e-08,7.096955270478215450e-02
8.335392402880119352e-08,7.118340694543082159e-02
8.327918341665557581e-08,7.136619452274202413e-02
8.281379757505475193e-08,7.150346582586110389e-02
8.279851711157596491e-08,7.103096355091437220e-02
8.914778449318626620e-08,7.310592766964070510e-02
8.731365926337964469e-08,7.374676791104399498e-02
8.726485570271810512e-08,7.374676791104399498e-02
8.699168580951113258e-08,7.353291367039531401e-02
8.762190558693626220e-08,7.411306554620911147e-02
8.741437305103648219e-08,7.367054621378575641e-02
8.726178516041148841e-08,7.328907648722325641e-02
8.748149149345629707e-08,7.360913536765353871e-02
8.818952242533366112e-08,7.382298960830221968e-02
8.780653548963142589e-08,7.334976485281274883e-02
8.816665591615618645e-08,7.334976485281274883e-02
8.874189492427941467e-08,7.336529818448149498e-02
9.537654212026885880e-08,7.576104366418082159e-02
9.356987115108605296e-08,7.620320175633281401e-02
9.451899384007309122e-08,7.629495678525978486e-02
9.434198610710375683e-08,7.629495678525978486e-02
9.541620630206484478e-08,7.638635057391537919e-02
9.587396997393983936e-08,7.635564515084926340e-02
9.642634247288559291e-08,7.617321881380943738e-02
9.719235246831720501e-08,7.637153972278937220e-02
9.784543875491980929e-08,7.644776142004759689e-02
9.790497115164092329e-08,7.672230402628575641e-02
9.895935925570401164e-08,7.660020481456404629e-02
9.969787886648467965e-08,7.650844978563708931e-02
1.000137473597671132e-07,7.644776142004759689e-02
1.071885571335301274e-07,7.867516893329037919e-02
1.060578389601273872e-07,7.904182780872687220e-02
1.063187628081350611e-07,7.888902317393904629e-02
1.072678854971220993e-07,7.896524487119728486e-02
1.079789508472789517e-07,7.908734408291899498e-02
1.087068138700543021e-07,7.920944329464070510e-02
1.090272701147830767e-07,7.917873787157458931e-02
1.092576691598603313e-07,7.901112238566075641e-02
1.101563988309917959e-07,7.907217199152161147e-02
1.099946715615012486e-07,7.890419526533642980e-02
1.105546662301728314e-07,7.896524487119728486e-02
1.106614849784157475e-07,7.930119832356766207e-02
1.175692659435850357e-07,8.094917644153937220e-02
1.159090417804140167e-07,8.145238413955221968e-02
1.159777135560006843e-07,8.143757328842621268e-02
1.162722327492453807e-07,8.161999962546603871e-02
1.163271773945201670e-07,8.161999962546603871e-02
1.161364425312389115e-07,8.160518877434003171e-02
1.158526160500266346e-07,8.146755623094958931e-02
1.154284115993615475e-07,8.134545701922787919e-02
1.156527056838526839e-07,8.137616244229399498e-02
1.156725377747506835e-07,8.143757328842621268e-02
1.156985109502618901e-07,8.145238413955221968e-02
1.155230204264322932e-07,8.140686786536009689e-02
1.221637364589806875e-07,8.307037931500055317e-02
1.209277528705019105e-07,8.384812961925154629e-02
1.202044775991728878e-07,8.372639164780121268e-02
1.198123151605779574e-07,8.384812961925154629e-02
1.197634754758892497e-07,8.369568622473509689e-02
1.196643150213992913e-07,8.361946452747687220e-02
1.194461258974942467e-07,8.384812961925154629e-02
1.203311284383138035e-07,8.372639164780121268e-02
1.204776113683527055e-07,8.343595446962294437e-02
1.218051693656227796e-07,8.348183198408642980e-02
1.242633732882412973e-07,8.363427537860287919e-02
1.272022796399665411e-07,8.377190792199332159e-02
1.366613200216582401e-07,8.592309373797787919e-02
1.376898071982643920e-07,8.589311079545450256e-02
1.405936009956128756e-07,8.615212007002392980e-02
1.431067495635061398e-07,8.613694797862654629e-02
1.446540138938210226e-07,8.613694797862654629e-02
1.452063863927667762e-07,8.587757746378575641e-02
1.462409424059318782e-07,8.616765340169266207e-02
1.471397082010904977e-07,8.601521000717621268e-02
1.481330828233198629e-07,8.615212007002392980e-02
1.481513615810509966e-07,8.596933249271272726e-02
1.491081064397638376e-07,8.595379916104399498e-02
1.488090717431270835e-07,8.549610773722325641e-02
1.564614411556359502e-07,8.818192915482950256e-02
1.561409849109071888e-07,8.838025006380943738e-02
1.564843437888405533e-07,8.833437254934595195e-02
1.568413936730587236e-07,8.839506091493544437e-02
1.573602069507945697e-07,8.862408724698149498e-02
1.577874458197391451e-07,8.836471673214070510e-02
1.575112776322798259e-07,8.824261752041899498e-02
1.583810358336477506e-07,8.815122373176338677e-02
1.581414612856778404e-07,8.831883921767721968e-02
1.583489938215775807e-07,8.822744542902161147e-02
1.584023851336855010e-07,8.831883921767721968e-02
1.585793928666548354e-07,8.818192915482950256e-02
1.590829256809119077e-07,8.845647176106766207e-02
1.662241762334650144e-07,9.053143587979399498e-02
1.662027908094001489e-07,9.077599554350877786e-02
1.656931530345570112e-07,9.066906842318443738e-02
1.656992579951431030e-07,9.074529012044266207e-02
1.659098249493223448e-07,9.053143587979399498e-02
1.663386171514337730e-07,9.056214130286009689e-02
1.660563078793612204e-07,9.074529012044266207e-02
1.665735678239302138e-07,9.048591960560187220e-02
1.663355827331542979e-07,9.062319090872095195e-02
1.662623232061212761e-07,9.059284672592621268e-02
1.667765487324107944e-07,9.077599554350877786e-02
1.666437929326837605e-07,9.071458469737654629e-02
1.734141942226525720e-07,9.243878451260649498e-02
1.734248869346849915e-07,9.298859220562555317e-02
1.734676216587876074e-07,9.282025423916899498e-02
1.732585719137480767e-07,9.280508214777161147e-02
1.738628185156619865e-07,9.321725729740022726e-02
1.739406657941413626e-07,9.309551932594987977e-02
1.739101409912109302e-07,9.289647593642721968e-02
1.740917003515994772e-07,9.282025423916899498e-02
1.747387178016431446e-07,9.304928057121503171e-02
1.741619254603530504e-07,9.266781084465253171e-02
1.747661720622669602e-07,9.294271469116206774e-02
1.743053378480853622e-07,9.297269763368544437e-02
1.815625465277469385e-07,9.506355632435187220e-02
1.809720270561449498e-07,9.527741056500055317e-02
1.809140118685635865e-07,9.535363226225877786e-02
1.806119066296201892e-07,9.518529429580221968e-02
1.815381266854026244e-07,9.498697338682228486e-02
1.813916437553636959e-07,9.558229735403345195e-02
1.808606205564556662e-07,9.524670514193443738e-02
1.815854130369244264e-07,9.564298571962294437e-02
1.811078172741514322e-07,9.547537023370911147e-02
1.814877697915742056e-07,9.559746944543082159e-02
1.807156548355565018e-07,9.574991283994728486e-02
1.809048724896979932e-07,9.547537023370911147e-02
1.882490317026774238e-07,9.785630486228244496e-02
1.884306271870930859e-07,9.799321492513016207e-02
1.883039763479521703e-07,9.813084746852060447e-02
1.878095829125606648e-07,9.791699322787193738e-02
1.878126173308401398e-07,9.822224125717621268e-02
1.882169896906072538e-07,9.808496995405713292e-02
1.886595090230306031e-07,9.825258543997095195e-02
1.880384647484981555e-07,9.810014204545450256e-02
1.880811994726007449e-07,9.788628780480582159e-02
1.883421233206084320e-07,9.819153583411009689e-02
1.883924802144368507e-07,9.826775753136832159e-02
1.884321443962328499e-07,9.805462577126237977e-02
1.953246448979233379e-07,1.001451232216574450e-01
1.946730758204604844e-07,1.005265929482199450e-01
1.942107605211662640e-07,1.007397247083258868e-01
1.948622934746019759e-07,1.006790363427363943e-01
1.948577057231556481e-07,1.006028146454781697e-01
1.954665762005430538e-07,1.006483309196702924e-01
1.946669708598743926e-07,1.007704301313920026e-01
1.940001574429598540e-07,1.008466518286502273e-01
1.949187553290164864e-07,1.007397247083258868e-01
1.947982094504616361e-07,1.008773572517163430e-01
1.948974060289787625e-07,1.006635030110676621e-01
1.945678104053844343e-07,1.006327975880015463e-01
1.945571176933519883e-07,1.007856022227893722e-01
2.016907099521521505e-07,1.026015570669462779e-01
2.012161486076586314e-07,1.029216159473765463e-01
2.007049755616621590e-07,1.027691725528600969e-01
2.013718070405902419e-07,1.027847058845288430e-01
2.012161486076586314e-07,1.029068050962505532e-01
2.015732346159039169e-07,1.030592484907670026e-01
2.013702717694369071e-07,1.029678547021113943e-01
2.013748414588697170e-07,1.028609275817870677e-01
2.009659174716833904e-07,1.027998779759262127e-01
2.006454792889681734e-07,1.028302221587209520e-01
2.007385347828720664e-07,1.028154113075949450e-01
2.007797342358213475e-07,1.029523213704426621e-01
2.076997251221627928e-07,1.046920545173413430e-01
2.073716467077082022e-07,1.051190405180959520e-01
2.075700218027288048e-07,1.051349350900360607e-01
2.069886597720059537e-07,1.048903754263212779e-01
2.076020638147989747e-07,1.050121133977716115e-01
2.072678804397582923e-07,1.051804513642281697e-01
2.073914787986061885e-07,1.052111567872942854e-01
2.069291273752848265e-07,1.050735242439038430e-01
2.072755026094841216e-07,1.051042296669699450e-01
2.076127384648178764e-07,1.052566730614863943e-01
2.068391062996604350e-07,1.049358917005133868e-01
2.073411399667913141e-07,1.050280079697117203e-01
2.136690580483638651e-07,1.071791937856962779e-01
2.135423891472094315e-07,1.074999751466692854e-01
2.140367645205873397e-07,1.077286402384439595e-01
2.137163263378721228e-07,1.072861209060206045e-01
2.137514388922489358e-07,1.076061797864508868e-01
2.133699691656864249e-07,1.072098992087623798e-01
2.142900661988691975e-07,1.075147859977952924e-01
2.137788931528726986e-07,1.072709488146232348e-01
2.137102394392996018e-07,1.076675906325831045e-01
2.134477803201386329e-07,1.075299580891926621e-01
2.136934417666810905e-07,1.074999751466692854e-01
2.132097229813084602e-07,1.074385643005370677e-01
2.199893178361834980e-07,1.094528400536738943e-01
2.202685746279629782e-07,1.100781469634084520e-01
2.202243226947206513e-07,1.099564089919581045e-01
2.200412100011652251e-07,1.101547299009380532e-01
2.199527061346805711e-07,1.100478027806137127e-01
2.197390686381946861e-07,1.099105314774946329e-01
2.198214675440932748e-07,1.099412369005607348e-01
2.203158790414983511e-07,1.103685841415867203e-01
2.198642022681958907e-07,1.099412369005607348e-01
2.199206460605968304e-07,1.100633361122824450e-01
2.194842497507730908e-07,1.100174585978189595e-01
2.191149899453827634e-07,1.099412369005607348e-01
2.263172359177560489e-07,1.120013901681610607e-01
2.266758391351410719e-07,1.124738924431077924e-01
2.265888524777961555e-07,1.122759327743992203e-01
2.264576319492224564e-07,1.123521544716574450e-01
2.261402281847867145e-07,1.123828598947235607e-01
2.266010443369547417e-07,1.124738924431077924e-01
2.265796950369170443e-07,1.124132040775183000e-01
2.261661832982843635e-07,1.123521544716574450e-01
2.264499917174830563e-07,1.124283761689156697e-01
2.261921203497684681e-07,1.124738924431077924e-01
2.257557240399447285e-07,1.122452273513331045e-01
2.257602937293775384e-07,1.121383002310087779e-01
2.255542964646310535e-07,1.123669653227834520e-01
2.320073481762047826e-07,1.140611821954900101e-01
2.328542037443681041e-07,1.145795619849002273e-01
2.331563451073386696e-07,1.148085883169462779e-01
2.326161644675515023e-07,1.146409728310324450e-01
2.325520623813976181e-07,1.147627108024827924e-01
2.325841224554813588e-07,1.149462208603367203e-01
2.328603087049541959e-07,1.149155154372706045e-01
2.317494406844630262e-07,1.145188736193107348e-01
2.323369437997991107e-07,1.147478999513567854e-01
2.321965477683327561e-07,1.146409728310324450e-01
2.320042776338981923e-07,1.146716782540985607e-01
2.315923011664188463e-07,1.149003433458732348e-01
2.384130593502160235e-07,1.169908407962683000e-01
2.386648257573445729e-07,1.174488934603604012e-01
2.388021873705314790e-07,1.173260717680959520e-01
2.389700376626217022e-07,1.174788764028837779e-01
2.383352662577773335e-07,1.173567771911620677e-01
2.383108464154330193e-07,1.171736283735795026e-01
2.386312845981482628e-07,1.176313197974002273e-01
2.385351224379105849e-07,1.173723105228308000e-01
2.382330171989672406e-07,1.174637043114863943e-01
2.387823372176199482e-07,1.176775585521350753e-01
2.384283217516812265e-07,1.174329988884202924e-01
2.388098095402573083e-07,1.174944097345525101e-01
2.446997960408528907e-07,1.199970823345761911e-01
2.454963127772013114e-07,1.203785520611386911e-01
2.456107536951700699e-07,1.203478466380725753e-01
2.454108613910097033e-07,1.201032869743577924e-01
2.449179851647579089e-07,1.202867970322117203e-01
2.450583811962243429e-07,1.202716249408143506e-01
2.444266442096594757e-07,1.198287443681196329e-01
2.446021166714754753e-07,1.200270652770995677e-01
2.448462789708917927e-07,1.202409195177482348e-01
2.442694866296016456e-07,1.201495257290926405e-01
2.445700927214189027e-07,1.204847567009202924e-01
2.446417989152850718e-07,1.203323133064038430e-01
2.510704307845144602e-07,1.222703673622824450e-01
2.509971893194950357e-07,1.223314169681433000e-01
2.508461186380097265e-07,1.225149270259972278e-01
2.503089904785156051e-07,1.224079999056729012e-01
2.511680740298646810e-07,1.226825425119110607e-01
2.512337113871719000e-07,1.226973533630370677e-01
2.502205046740445219e-07,1.222551952708850753e-01
2.507011529171105620e-07,1.225911487232554525e-01
2.507469220594926265e-07,1.225297378771232348e-01
2.500892660834572785e-07,1.224079999056729012e-01
2.499107230793346093e-07,1.222551952708850753e-01
2.496574214010527780e-07,1.220720464533025101e-01
2.566979401039355029e-07,1.245591857216574450e-01
2.572778029875321608e-07,1.245591857216574450e-01
2.570489211515946966e-07,1.246809236931077924e-01
2.569039373686819083e-07,1.249713608712860607e-01
2.571267142440333337e-07,1.248947779337564595e-01
2.566430315826878186e-07,1.246968182650479012e-01
2.574044357646595321e-07,1.248337283278956045e-01
2.562004941882509250e-07,1.248947779337564595e-01
2.567315173871589547e-07,1.249713608712860607e-01
2.561669530290546149e-07,1.246809236931077924e-01
2.565011183420817000e-07,1.246354074189156697e-01
2.560708089308305078e-07,1.248799670826304525e-01
2.558114022919625848e-07,1.247423345392400101e-01
2.623270027565233718e-07,1.269242257782906835e-01
2.625665773044933349e-07,1.273364009279192854e-01
2.627588293769143014e-07,1.273364009279192854e-01
2.621942650188099087e-07,1.271073745958732348e-01
2.623071706656254119e-07,1.273519342595880177e-01
2.616739345319343251e-07,1.268787095040985469e-01
2.624704512682827987e-07,1.272601792306610469e-01
2.621194882826371758e-07,1.272450071392636772e-01
2.619348403179284148e-07,1.270618583216811259e-01
2.619928374434962337e-07,1.274281559568462563e-01
2.618280396316990564e-07,1.272757125623298069e-01
2.613351634054473149e-07,1.273056955048531835e-01
2.685465848807132559e-07,1.295645309217048069e-01
2.685175953489361583e-07,1.297169743162212563e-01
2.683711124188972034e-07,1.296100471958969158e-01
2.682215589465516846e-07,1.293355045896587563e-01
2.678889289046778549e-07,1.296407526189630177e-01
2.677393754323323892e-07,1.293961929552482348e-01
2.678812886729384548e-07,1.294724146525064734e-01
2.679011388258500385e-07,1.294724146525064734e-01
2.673594229149096158e-07,1.295031200755725753e-01
2.678126349593653845e-07,1.295793417728308139e-01
2.672755067998712631e-07,1.294883092244465683e-01
2.670359503139148708e-07,1.294117262869169671e-01
2.740306637503884424e-07,1.315173958287094158e-01
2.741985321044921835e-07,1.316394950404311259e-01
2.739055481824007557e-07,1.316394950404311259e-01
2.738857160915027958e-07,1.316394950404311259e-01
2.737148133191195267e-07,1.319295709783380177e-01
2.731120839263453809e-07,1.316702004634972278e-01
2.732997663093336169e-07,1.317612330118814734e-01
2.730617270325169621e-07,1.315936175259676266e-01
2.733501232031620357e-07,1.315481012517755177e-01
2.732936613487475252e-07,1.317464221607554664e-01
2.725276694153294574e-07,1.316087896173650240e-01
2.730327375007398646e-07,1.318681601322058139e-01
2.794018550352616966e-07,1.336382374618992341e-01
2.795285058744025858e-07,1.337299924908261772e-01
2.793621727914521001e-07,1.339431242509321329e-01
2.794491594487970695e-07,1.341569784915808139e-01
2.791409131252404122e-07,1.340352405201304664e-01
2.793164036490700885e-07,1.341266343087860469e-01
2.790463223601832373e-07,1.341114622173886772e-01
2.784191731250647244e-07,1.337906808564156835e-01
2.787914854107480977e-07,1.337299924908261772e-01
2.787365588274868955e-07,1.336685816446939734e-01
2.789745981043034974e-07,1.340500513712564734e-01
2.782436826012351011e-07,1.338824358853426266e-01
2.849332563804857739e-07,1.361257379705255177e-01
2.852048548785123096e-07,1.364765022740219158e-01
2.855359857732599726e-07,1.366293069088097278e-01
2.853895028432210177e-07,1.367362340291340683e-01
2.844602122451319923e-07,1.365223797884853874e-01
2.849652983925559173e-07,1.367969223947235469e-01
2.844312227133548947e-07,1.365834293943462563e-01
2.847730282581213800e-07,1.369038495150478874e-01
2.844449498436667628e-07,1.364002805767636772e-01
2.843381491574374044e-07,1.362626480333732348e-01
2.841321518926909460e-07,1.366441177599357348e-01
2.838986823053070746e-07,1.362019596677837563e-01
2.842389525789203044e-07,1.366596510916044671e-01
2.903089992927782936e-07,1.387960260564630177e-01
2.906721721995960471e-07,1.391774957830255177e-01
2.905058391166456143e-07,1.394975546634558139e-01
2.907866131175648057e-07,1.393906275431314734e-01
2.900022882403749447e-07,1.390705686627011772e-01
2.904264926910400451e-07,1.393299391775419671e-01
2.896269234743985256e-07,1.391774957830255177e-01
2.894209262096520671e-07,1.390398632396350753e-01
2.894957029458248000e-07,1.390705686627011772e-01
2.896696401364875442e-07,1.393758166920054664e-01
2.893400445128931895e-07,1.394520383892636772e-01
2.888639840212735567e-07,1.390553965713038076e-01
2.957595189412434933e-07,1.410848444158380177e-01
2.958526105591745015e-07,1.416339296283143367e-01
2.953902591358531659e-07,1.416032242052482348e-01
2.956298156218095053e-07,1.415118304165926266e-01
2.953460072026108389e-07,1.414814862337978874e-01
2.955840464794274407e-07,1.415118304165926266e-01
2.955947211294463159e-07,1.415577079310561259e-01
2.959441488439386834e-07,1.419240055662212563e-01
2.956588232156001736e-07,1.418784892920291196e-01
2.953704270449551530e-07,1.417560288400360469e-01
2.950789783940170865e-07,1.418629559603603874e-01
2.946059523206768758e-07,1.418022675947709088e-01
3.013824766332453233e-07,1.435719836841929664e-01
3.019470590533632339e-07,1.438165433479077493e-01
3.019470590533632339e-07,1.438620596220998582e-01
3.013962037635572444e-07,1.438165433479077493e-01
3.012939727667606164e-07,1.438465262904311259e-01
3.012344584320530600e-07,1.435875170158616987e-01
3.008773904858213453e-07,1.437399604103781481e-01
3.004058996836344429e-07,1.438772317134972278e-01
3.003906372821692135e-07,1.435719836841929664e-01
3.003997947230483511e-07,1.438313541990337563e-01
3.005523826136733449e-07,1.436937216556433139e-01
3.003189130262895265e-07,1.438465262904311259e-01
3.067093979228626268e-07,1.460894671353426266e-01
3.073792818820837821e-07,1.460591229525478874e-01
3.069535421602653733e-07,1.459525570724949373e-01
3.067856918681751501e-07,1.459984345869584088e-01
3.067093979228626268e-07,1.462578051017991987e-01
3.066132718866521435e-07,1.461053617072827493e-01
3.064652536854599331e-07,1.460591229525478874e-01
3.064499912839947037e-07,1.459525570724949373e-01
3.059159336668072519e-07,1.458149245291044671e-01
3.059357657577052118e-07,1.461053617072827493e-01
3.059174508759469895e-07,1.461815834045409601e-01
3.060441017150878786e-07,1.462578051017991987e-01
3.118700041915431212e-07,1.481344483115455968e-01
3.125368176084576069e-07,1.486687226728959088e-01
3.123308203437112014e-07,1.486073118267636772e-01
3.128282662593957263e-07,1.485617955525715683e-01
3.118013324159564272e-07,1.484548684322472278e-01
3.120027419292565313e-07,1.486228451584324373e-01
3.118288047385938401e-07,1.483020637974594158e-01
3.118486368294918000e-07,1.486990668556906481e-01
3.122957258513479591e-07,1.486687226728959088e-01
3.115831252300377852e-07,1.486528281009558139e-01
3.119325710065437235e-07,1.488973877646705968e-01
3.118364269083196165e-07,1.486528281009558139e-01
3.118654164400967670e-07,1.487142389470880177e-01
3.180239489584258393e-07,1.506371209115692500e-01
3.185961716102831500e-07,1.511555007009794671e-01
3.179644526857318537e-07,1.510948123353899886e-01
3.177889802239157483e-07,1.511555007009794671e-01
3.176501194636026755e-07,1.508354418205491987e-01
3.176394448135838533e-07,1.510030573064630177e-01
3.174425869277029088e-07,1.511099844267873582e-01
3.177798227830366635e-07,1.510948123353899886e-01
3.178484764966097868e-07,1.512624278213038076e-01
3.171557260282111965e-07,1.509116635178074373e-01
3.169298966725667253e-07,1.506829984260327493e-01
3.165911255460796621e-07,1.508199084888804664e-01
3.231021743832212365e-07,1.535364353295528006e-01
3.238467989545879831e-07,1.537651004213274886e-01
3.238559563954671207e-07,1.534602136322945898e-01
3.237644181107029917e-07,1.533532865119702493e-01
3.239856597149010558e-07,1.538416833588570898e-01
3.230701143091375223e-07,1.535209019978840683e-01
3.236331795201156953e-07,1.536581733010031481e-01
3.230975866317748823e-07,1.534901965748179664e-01
3.232242374709158244e-07,1.537954446041222278e-01
3.232974789359353019e-07,1.538564942099830968e-01
3.230090827652902283e-07,1.535664182720761772e-01
3.232623844435720596e-07,1.541162259650952493e-01
3.288838068644205813e-07,1.559469916603781481e-01
3.289494261597142295e-07,1.562981172041459088e-01
3.287067991314512204e-07,1.563129280552719158e-01
3.287632609858657310e-07,1.562367063580136772e-01
3.288563345417832213e-07,1.562674117810798069e-01
3.286152427846735206e-07,1.561604846607554664e-01
3.289143316673510402e-07,1.566337094162449373e-01
3.283390565352006306e-07,1.562067234154903006e-01
3.281971432945944590e-07,1.562067234154903006e-01
3.283909487001823577e-07,1.562674117810798069e-01
3.282444477081298849e-07,1.564657326900597278e-01
3.284504449728763433e-07,1.560539187807024886e-01
3.323354034712820086e-07,1.582972208658853797e-01
3.330068046396428485e-07,1.586938626838452493e-01
3.330174792896617766e-07,1.585410580490574373e-01
3.330068046396428485e-07,1.586938626838452493e-01
3.330159440185084683e-07,1.587086735349712563e-01
3.330449516122991367e-07,1.587700843811034601e-01
3.330281539396805989e-07,1.587393789580373582e-01
3.330022168881965472e-07,1.584496642604018291e-01
3.330144268093686778e-07,1.587086735349712563e-01
3.330128915382154224e-07,1.585562301404548069e-01
3.330128915382154224e-07,1.586631572607791196e-01
3.329976471987637638e-07,1.586324518377130177e-01
3.329137130217118403e-07,1.606315554994524886e-01
3.329167655020049391e-07,1.610896081635445898e-01
3.329533952655214368e-07,1.609974918943462563e-01
3.329152302308516308e-07,1.610130252260149886e-01
3.329839200684518427e-07,1.609675089518228797e-01
3.329915422381776720e-07,1.612727569811271411e-01
3.329457730957956075e-07,1.608450484998298069e-01
3.329259229428840238e-07,1.607991709853663076e-01
3.329091433322791098e-07,1.611351244377366987e-01
3.329884716958710553e-07,1.605398004705255177e-01
3.329472903049353450e-07,1.609368035287567500e-01
3.329701748761263508e-07,1.611965352838689303e-01
3.329945947184707179e-07,1.609212701970880177e-01
3.329091433322791098e-07,1.629969567963570898e-01
3.328892931793675262e-07,1.630273009791518291e-01
3.328557339581575922e-07,1.633325490084560905e-01
3.328618208567301132e-07,1.634391148885090683e-01
3.328618208567301132e-07,1.634694590713038076e-01
3.328832062807950052e-07,1.634087707057143291e-01
3.328679438793297758e-07,1.630576451619465683e-01
3.329030383716930181e-07,1.632100885564630177e-01
3.328954162019671888e-07,1.631645722822709088e-01
3.328389362855391074e-07,1.631645722822709088e-01
3.328664086081765204e-07,1.632100885564630177e-01
3.328740307779022967e-07,1.631494001908735392e-01
3.328221566749341934e-07,1.654837348244406481e-01
3.327824924931381677e-07,1.659110820654666196e-01
3.328084295446222723e-07,1.654689239733146411e-01
3.327977368325897734e-07,1.655144402475067500e-01
3.327931671431570429e-07,1.657127611564866987e-01
3.327672300916729383e-07,1.654533906416459088e-01
3.327779047416918664e-07,1.657741720026189303e-01
3.327519676902077618e-07,1.658503936998771411e-01
3.328069123354825348e-07,1.658196882768110392e-01
3.328297969066735406e-07,1.656820557334205968e-01
3.328084295446222723e-07,1.658810991229432430e-01
3.327885974537242595e-07,1.658196882768110392e-01
3.327321355993097490e-07,1.678339640299478797e-01
3.327061985478256973e-07,1.683830492424241987e-01
3.327244953675703488e-07,1.678794803041399886e-01
3.326726212646021926e-07,1.683375329682320898e-01
3.326878836660674220e-07,1.681699174823182430e-01
3.327367052887425324e-07,1.685354926369406481e-01
3.326970230449329359e-07,1.683985825740929310e-01
3.327306183901700114e-07,1.683068275451659601e-01
3.327168731978445195e-07,1.682609500307024886e-01
3.327275478478633947e-07,1.682761221220998582e-01
3.327443455204819325e-07,1.682154337565103797e-01
3.327031460675325985e-07,1.684592709396824095e-01
3.326665163040161008e-07,1.703059312069054310e-01
3.326741384737419301e-07,1.704124970869584088e-01
3.326863483949141136e-07,1.704280304186271411e-01
3.327306183901700114e-07,1.706111792362097201e-01
3.327214428872773030e-07,1.705194242072827493e-01
3.327229781584306113e-07,1.703211032983028006e-01
3.327473799387613546e-07,1.705804738131435905e-01
3.327122854463982182e-07,1.704280304186271411e-01
3.326909361463604679e-07,1.708095001451896411e-01
3.326634638237231078e-07,1.704428412697531481e-01
3.327000935872396055e-07,1.703821529041636695e-01
3.326863483949141136e-07,1.704887187842166196e-01
3.326009150707360234e-07,1.720608364452014816e-01
3.326131069298946361e-07,1.727778983838630100e-01
3.326390620433923116e-07,1.728999975955847201e-01
3.326466842131181409e-07,1.732052456248889816e-01
3.325993797995827680e-07,1.729307030186508221e-01
3.326024322798757610e-07,1.731131293556906481e-01
3.326054847601688598e-07,1.732359510479550835e-01
3.325673377875125716e-07,1.731290239276307430e-01
3.325673377875125716e-07,1.733728611108028006e-01
3.325734427480986634e-07,1.730069247159090329e-01
3.325780304995450176e-07,1.726406270807439303e-01
3.325764952283917093e-07,1.727778983838630100e-01
3.325551278663404410e-07,1.728544813213925835e-01
3.325154636845444154e-07,1.749142733487215329e-01
3.324284770271994460e-07,1.754940639842639816e-01
3.325093406619447528e-07,1.755247694073300835e-01
3.324711936892885176e-07,1.756465073787804310e-01
3.325062881816517069e-07,1.757227290760386695e-01
3.324788339210279177e-07,1.755395802584560905e-01
3.324666239998557341e-07,1.756309740471116987e-01
3.324757814407348718e-07,1.753109151666814303e-01
3.325062881816517069e-07,1.756009911045883221e-01
3.324681412089954717e-07,1.756309740471116987e-01
3.324910438422001012e-07,1.756772128018465329e-01
3.325429179451682046e-07,1.756616794701778006e-01
3.324147498968875779e-07,1.775538560115929310e-01
3.324284770271994460e-07,1.779812032526189303e-01
3.324177843151670529e-07,1.776607831319172714e-01
3.323827078848174344e-07,1.778742761322945898e-01
3.324376344680786366e-07,1.780267195268110392e-01
3.324055924560084402e-07,1.779197924064866987e-01
3.324147498968875779e-07,1.778135877667050835e-01
3.324513796604040755e-07,1.779812032526189303e-01
3.324437394286646754e-07,1.779812032526189303e-01
3.324071096651481777e-07,1.780722358010031481e-01
3.324147498968875779e-07,1.778435707092284601e-01
3.323888128454035262e-07,1.780574249498771411e-01
3.323094664197979569e-07,1.801479224002722201e-01
3.323140361092307404e-07,1.803310712178547714e-01
3.323582880424730673e-07,1.805445642182320898e-01
3.323338682001287003e-07,1.801934386744643291e-01
3.323262460304029239e-07,1.803003657947886695e-01
3.323247288212631864e-07,1.802548495205965329e-01
3.323292804486823990e-07,1.801323890686034601e-01
3.323399731607147920e-07,1.803917595834442500e-01
3.322865818486069512e-07,1.804072929151130100e-01
3.322743719274347676e-07,1.802848324631199095e-01
3.323094664197979569e-07,1.802393161889278006e-01
3.323247288212631864e-07,1.803917595834442500e-01
3.322484348759506630e-07,1.821314927303429310e-01
3.322438471245043617e-07,1.825891841541636695e-01
3.322224797624530405e-07,1.826505950002958734e-01
3.322224797624530405e-07,1.824981516057794240e-01
3.322240150336063489e-07,1.824674461827133221e-01
3.322102879032944278e-07,1.824367407596472201e-01
3.322392593730579545e-07,1.824674461827133221e-01
3.322255322427460335e-07,1.822691252737333734e-01
3.322423118533510004e-07,1.823912244854550835e-01
3.322118051124341653e-07,1.824060353365810905e-01
3.322026476715550277e-07,1.822535919420646411e-01
3.322224797624530405e-07,1.824519128510445898e-01
3.321934902306758900e-07,1.846034599073005100e-01
3.321248184550891960e-07,1.849693963021942500e-01
3.321233012459494584e-07,1.848931746049360392e-01
3.321507555065733006e-07,1.849545854510682430e-01
3.321339758959683336e-07,1.849849296338630100e-01
3.321660179080385300e-07,1.850156350569291119e-01
3.321858680609501137e-07,1.848780025135386695e-01
3.321614482186056936e-07,1.845879265756317500e-01
3.321202487656564655e-07,1.847255591190222201e-01
3.321583957383127007e-07,1.846948536959560905e-01
3.321660179080385300e-07,1.847407312104195898e-01
3.321645006988987925e-07,1.847103870276248228e-01
3.321706056594848842e-07,1.845879265756317500e-01
3.320454900914972505e-07,1.868467619924833734e-01
3.320683746626882563e-07,1.874872409936153006e-01
3.320470073006369880e-07,1.872582146615692500e-01
3.320088603279806998e-07,1.874720689022179310e-01
3.320988814036051443e-07,1.874720689022179310e-01
3.321080388444842819e-07,1.872126983873771411e-01
3.321126085339170654e-07,1.874110192963570898e-01
3.320836370641535386e-07,1.873503309307675835e-01
3.320821017930001773e-07,1.871057712670528006e-01
3.320821017930001773e-07,1.873196255077014816e-01
3.320531122612230798e-07,1.872434038104432430e-01
3.320775140415538760e-07,1.873044534163041119e-01
3.320088603279806998e-07,1.894408283811626625e-01
3.320058078476877069e-07,1.896239771987452138e-01
3.320500417189164631e-07,1.897915926846590329e-01
3.320454900914972505e-07,1.895015167467521411e-01
3.320668393915349479e-07,1.897153709874008221e-01
3.320668393915349479e-07,1.896539601412685905e-01
3.320683746626882563e-07,1.896539601412685905e-01
3.320195349779996280e-07,1.898371089588511695e-01
3.320683746626882563e-07,1.894715338042287645e-01
3.320881886915726983e-07,1.899592081705728797e-01
3.320729443521210397e-07,1.899747415022416119e-01
3.320744615612607772e-07,1.898678143819172714e-01
3.319508632024129339e-07,1.917751630147297714e-01
3.319661256038781104e-07,1.922942652846827138e-01
3.319325663826682294e-07,1.920652389526366632e-01
3.319157687100496916e-07,1.922787319530139816e-01
3.319813880053433398e-07,1.923704869819409524e-01
3.319417238235473671e-07,1.920348947698419240e-01
3.319600206432920186e-07,1.919890172553784524e-01
3.319478107221198880e-07,1.921259273182261695e-01
3.319173039812030529e-07,1.925688078909208734e-01
3.319081465403238623e-07,1.922787319530139816e-01
3.319295139023751835e-07,1.923242482272060905e-01
3.318837266979795482e-07,1.923549536502722201e-01
3.318455797253233130e-07,1.945675503123889816e-01
3.318120205041133791e-07,1.948883316733620030e-01
3.318303353858716544e-07,1.951776851307261695e-01
3.318349050753044378e-07,1.950407750678784524e-01
3.318394747647372212e-07,1.951169967651366632e-01
3.318242123632720447e-07,1.951014634334679310e-01
3.318074327526670248e-07,1.951014634334679310e-01
3.318135377132531166e-07,1.951628742796001625e-01
3.318608421267885424e-07,1.951321688565340329e-01
3.318196426738392084e-07,1.952846122510505100e-01
3.318181254646994709e-07,1.949645533706202138e-01
3.318379575555974837e-07,1.947962154041636695e-01
3.318654298782348437e-07,1.952997843424478797e-01
3.317708029891505272e-07,1.971312725182735037e-01
3.317662332997177967e-07,1.974665034901011695e-01
3.317647160905780062e-07,1.976041360334916119e-01
3.317311388073545544e-07,1.974516926389751625e-01
3.317357084967873378e-07,1.977262352452133221e-01
3.317341912876476003e-07,1.977110631538159524e-01
3.317357084967873378e-07,1.975127422448360037e-01
3.317677685708710521e-07,1.979093840627958734e-01
3.317723382603038355e-07,1.975734306104255100e-01
3.317433487285266850e-07,1.975586197592995030e-01
3.317525061694058756e-07,1.973140600955847201e-01
3.317631808194246979e-07,1.976655468796238158e-01
3.317967581026482026e-07,1.974823980620412645e-01
3.317585930679783436e-07,1.976041360334916119e-01
3.317128239255962791e-07,1.978331623655376625e-01
3.317402962482336921e-07,1.977872848510741632e-01
3.317769260117501898e-07,1.975127422448360037e-01
3.317998105829411955e-07,1.974823980620412645e-01
3.318043983343876027e-07,1.976803577307498228e-01
3.317845481814760191e-07,1.977417685768820543e-01
3.317647160905780062e-07,1.975893251823656049e-01
3.317876006617690649e-07,1.977417685768820543e-01
3.318532199570627131e-07,1.953153176741166119e-01
3.318761045282537189e-07,1.951169967651366632e-01
3.318928841388586859e-07,1.949945363131435905e-01
3.318745692571004635e-07,1.950707580104018291e-01
3.318333698041511295e-07,1.952235626451896411e-01
3.318623593359282800e-07,1.952083905537922714e-01
3.318562724373557061e-07,1.950866525823419240e-01
3.319111990206169612e-07,1.947658712213689303e-01
3.318669470873746342e-07,1.951014634334679310e-01
3.319173039812030529e-07,1.952542680682557430e-01
3.318608421267885424e-07,1.954067114627722201e-01
3.319310311115149211e-07,1.951935797026662645e-01
3.318547371662024507e-07,1.951776851307261695e-01
3.319661256038781104e-07,1.926294962565103797e-01
3.319600206432920186e-07,1.922942652846827138e-01
3.319707133553244646e-07,1.925232916167287645e-01
3.319920807173757858e-07,1.922480265299478797e-01
3.319905454462224775e-07,1.925073970447886695e-01
3.319798707962036023e-07,1.926602016795764816e-01
3.319646083947383729e-07,1.924467086791991632e-01
3.319859576947761232e-07,1.927519567085034524e-01
3.319585034341522811e-07,1.928740559202251625e-01
3.320286924188787127e-07,1.923704869819409524e-01
3.320103775371204374e-07,1.925381024678547714e-01
3.319935979265155234e-07,1.921873381643583734e-01
3.321141438050703737e-07,1.903255058057380100e-01
3.320790493127071314e-07,1.898067647760564303e-01
3.320943117141723609e-07,1.898222981077251625e-01
3.320988814036051443e-07,1.899592081705728797e-01
3.320805665218468690e-07,1.901275461370294240e-01
3.320897239627260066e-07,1.898530035307912645e-01
3.321324586868285961e-07,1.896846655643347201e-01
3.321095741156375903e-07,1.897001988960034524e-01
3.321248184550891960e-07,1.897301818385268291e-01
3.321461858171405171e-07,1.896391492901425835e-01
3.321370283762613795e-07,1.898678143819172714e-01
3.321294062065356031e-07,1.893794175350304310e-01
3.322591095259695382e-07,1.878535386287804310e-01
3.322957212274724650e-07,1.871520100217876625e-01
3.322682489048351050e-07,1.877010952342639816e-01
3.322896162668863733e-07,1.872737479932380100e-01
3.322850465774535899e-07,1.874110192963570898e-01
3.322972564986257734e-07,1.873503309307675835e-01
3.323063958774913402e-07,1.872434038104432430e-01
3.323186057986635238e-07,1.874110192963570898e-01
3.322758891365744522e-07,1.875482905994761695e-01
3.322606267351092757e-07,1.871668208729136695e-01
3.322591095259695382e-07,1.872126983873771411e-01
3.322835113063002815e-07,1.872126983873771411e-01
3.323430256410078379e-07,1.846948536959560905e-01
3.323430256410078379e-07,1.849087079366047714e-01
3.323506658727472380e-07,1.848017808162804310e-01
3.323766029242313426e-07,1.843133839693935905e-01
3.323460781213008838e-07,1.848631916624126625e-01
3.323125189000910028e-07,1.845879265756317500e-01
3.323033433971982943e-07,1.845579436331083734e-01
3.323109836289376945e-07,1.844510165127840329e-01
3.323308157198357073e-07,1.844817219358501625e-01
3.323140361092307404e-07,1.847710753932143291e-01
3.323460781213008838e-07,1.849394133596708734e-01
3.323170885895237862e-07,1.846341653303666119e-01
3.323247288212631864e-07,1.848017808162804310e-01
3.324208548574736696e-07,1.828489159092758221e-01
3.324147498968875779e-07,1.822842973651307430e-01
3.323842250939571190e-07,1.824367407596472201e-01
3.324239073377667155e-07,1.824981516057794240e-01
3.324330467166322823e-07,1.822535919420646411e-01
3.324101621454412236e-07,1.824060353365810905e-01
3.323948997439760471e-07,1.825129624569054310e-01
3.324284770271994460e-07,1.822691252737333734e-01
3.324055924560084402e-07,1.824367407596472201e-01
3.324528968695438660e-07,1.825129624569054310e-01
3.324376344680786366e-07,1.824981516057794240e-01
3.324406869483716825e-07,1.825129624569054310e-01
3.325154636845444154e-07,1.806818355213511695e-01
3.325444351543079421e-07,1.804838758526425835e-01
3.325200333739771988e-07,1.802393161889278006e-01
3.325383482557354741e-07,1.802548495205965329e-01
3.325642853072195258e-07,1.802241440975304310e-01
3.325596975557731715e-07,1.804679812807024886e-01
3.325566450754801256e-07,1.804986867037685905e-01
3.325475056966146117e-07,1.802241440975304310e-01
3.325551278663404410e-07,1.801024061260800835e-01
3.325551278663404410e-07,1.804072929151130100e-01
3.325627680980797882e-07,1.802700216119939303e-01
3.325322252331358115e-07,1.804379983381791119e-01
3.326512539025508714e-07,1.783930171619761695e-01
3.326527891737041797e-07,1.780422528584797714e-01
3.327229781584306113e-07,1.781029412240692500e-01
3.326695687843091996e-07,1.780722358010031481e-01
3.326848311857743761e-07,1.777828823436389816e-01
3.327061985478256973e-07,1.779504978295528006e-01
3.326726212646021926e-07,1.781336466471353797e-01
3.326573588631369631e-07,1.781488187385327493e-01
3.327199256781376184e-07,1.777673490119702493e-01
3.326680515751694091e-07,1.776452498002485392e-01
3.327031460675325985e-07,1.779660311612215329e-01
3.326863483949141136e-07,1.777370048291755100e-01
3.327901146628639970e-07,1.759062391338925835e-01
3.328084295446222723e-07,1.754326531381317500e-01
3.327733350522590301e-07,1.756158019557143291e-01
3.327855269114176428e-07,1.754481864698005100e-01
3.327702825719660371e-07,1.754633585611978797e-01
3.327916499340173054e-07,1.754326531381317500e-01
3.327992721037431347e-07,1.754940639842639816e-01
3.328297969066735406e-07,1.753412593494761695e-01
3.328343665961063240e-07,1.755088748353899886e-01
3.327947024143103513e-07,1.756009911045883221e-01
3.327901146628639970e-07,1.755547523498534601e-01
3.328145345052083641e-07,1.756158019557143291e-01
3.328877759702277886e-07,1.731438347787567500e-01
3.328511462067112909e-07,1.727623650521942500e-01
3.328908284505208345e-07,1.730524409901011695e-01
3.326436317328250950e-07,1.729762192928429310e-01
3.327794400128451218e-07,1.729307030186508221e-01
3.323781201333710272e-07,1.729606859611741987e-01
3.322026476715550277e-07,1.729307030186508221e-01
3.325551278663404410e-07,1.728999975955847201e-01
3.321324586868285961e-07,1.728999975955847201e-01
3.321538079868663464e-07,1.730220968073064303e-01
3.314900470502448537e-07,1.726709712635386695e-01
3.306813203927241966e-07,1.725185278690222201e-01
3.311558817372177686e-07,1.726406270807439303e-01
3.250522577401363277e-07,1.707480892990574095e-01
3.241947094599405601e-07,1.701227823893228797e-01
3.245944940682613463e-07,1.703518087213689303e-01
3.241138277631817354e-07,1.701534878123889816e-01
3.243503498308586527e-07,1.700920769662567500e-01
3.239063132892955395e-07,1.703359141494288076e-01
3.238605441469134750e-07,1.704428412697531481e-01
3.240695938919529793e-07,1.701682986635149886e-01
3.235645077445290542e-07,1.701227823893228797e-01
3.234317519448020203e-07,1.701990040865810905e-01
3.238162922136711480e-07,1.704428412697531481e-01
3.233371431177312746e-07,1.702903978752366987e-01
3.173937653050278513e-07,1.682306058479077493e-01
3.163652961904352438e-07,1.678491361213452493e-01
3.169512459726044227e-07,1.679408911502722201e-01
3.162935899965690747e-07,1.678646694530139816e-01
3.160357186288544600e-07,1.681085066361860392e-01
3.161913589997724997e-07,1.681540229103781481e-01
3.158693855459040273e-07,1.680778012131199095e-01
3.158938053882483414e-07,1.681236787275834088e-01
3.155046954299464303e-07,1.679708740927955968e-01
3.153139605666652014e-07,1.679253578186034601e-01
3.153780445908055412e-07,1.679864074244643291e-01
3.149401130098285197e-07,1.677270369096235392e-01
3.088426120353467943e-07,1.659573208202014816e-01
3.086244048494280994e-07,1.655906619447649886e-01
3.081559484655207250e-07,1.655296123389041196e-01
3.083207462773178494e-07,1.656365394592284601e-01
3.080338853778261371e-07,1.655144402475067500e-01
3.080903472322406476e-07,1.655758510936389816e-01
3.078828146963408809e-07,1.655906619447649886e-01
3.080186229763609077e-07,1.656058340361623582e-01
3.074738726471409570e-07,1.654996293963807430e-01
3.074784603985873112e-07,1.657282944881554310e-01
3.076234080574729049e-07,1.657582774306788076e-01
3.070786577282529541e-07,1.653927022760564303e-01
3.007431174769545739e-07,1.636222637060916196e-01
3.009796214826179204e-07,1.631801056139396411e-01
3.004211440230861015e-07,1.631801056139396411e-01
3.006286765589858154e-07,1.635615753405021411e-01
2.998428344726562698e-07,1.632863102537212563e-01
3.000854615009192259e-07,1.629969567963570898e-01
3.002090598597670692e-07,1.629355459502248582e-01
3.000595244494351743e-07,1.633018435853899886e-01
2.993393016583991710e-07,1.629203738588274886e-01
2.993591337492971839e-07,1.631949164650656481e-01
2.991912653951933898e-07,1.630731784936153006e-01
2.994964592384570012e-07,1.632100885564630177e-01
2.936720920331550140e-07,1.614403724670409601e-01
2.934630422881155097e-07,1.612113461349949095e-01
2.930418903177434552e-07,1.610737135916044671e-01
2.932860345551462018e-07,1.611044190146705968e-01
2.930769848101066975e-07,1.611965352838689303e-01
2.929747538133101224e-07,1.609368035287567500e-01
2.927550294182516900e-07,1.610437306490810905e-01
2.926192211382316632e-07,1.611658298608028006e-01
2.918745785048513458e-07,1.607081384369820898e-01
2.920637780969793194e-07,1.610437306490810905e-01
2.920393763166485231e-07,1.607843601342403006e-01
2.921156702619610465e-07,1.607843601342403006e-01
2.917097806930542214e-07,1.609974918943462563e-01
2.860273086663448350e-07,1.589684052900834088e-01
2.856351642897635018e-07,1.585869355635209088e-01
2.854978388006036845e-07,1.586024688951896411e-01
2.848279548413825821e-07,1.584341309287330968e-01
2.850080150546449889e-07,1.586479851693817500e-01
2.847333460143118364e-07,1.585410580490574373e-01
2.849088365381414068e-07,1.587700843811034601e-01
2.847058917536879942e-07,1.584800084431965683e-01
2.847211360931396528e-07,1.587086735349712563e-01
2.842557502515388422e-07,1.585717634721235392e-01
2.842786348227299009e-07,1.587700843811034601e-01
2.845121044101137194e-07,1.588614781697590683e-01
2.779568217017433888e-07,1.566795869307084088e-01
2.779858112335204864e-07,1.562829451127485392e-01
2.777264226566661871e-07,1.562067234154903006e-01
2.778850974458636489e-07,1.562981172041459088e-01
2.781170498241077827e-07,1.566030039931788076e-01
2.777279398658059246e-07,1.561911900838215683e-01
2.778484857443607220e-07,1.563284613869406481e-01
2.777660868384621598e-07,1.563436334783380177e-01
2.774273337739886675e-07,1.565726598103840683e-01
2.776440056887540011e-07,1.567706194790926266e-01
2.775875618963530614e-07,1.565267822959205968e-01
2.772030216274839338e-07,1.566644148393110392e-01
2.720317407087846171e-07,1.544669902685916196e-01
2.718516804955222633e-07,1.541310368162212563e-01
2.715938091278075956e-07,1.540548151189630177e-01
2.709864919835870956e-07,1.540703484506317500e-01
2.711177305741743390e-07,1.538564942099830968e-01
2.711314577044862601e-07,1.539785934217048069e-01
2.708323868838223643e-07,1.537954446041222278e-01
2.706645365917321411e-07,1.536581733010031481e-01
2.702678044637044536e-07,1.538257887869169671e-01
2.708674813761855536e-07,1.541769143306847278e-01
2.704692139770045578e-07,1.538257887869169671e-01
2.705943476070057095e-07,1.540703484506317500e-01
2.648111798546531093e-07,1.516746029709324373e-01
2.648066101652203258e-07,1.512476169701778006e-01
2.641474189180316166e-07,1.513083053357673069e-01
2.640604322606867001e-07,1.512013782154429664e-01
2.637460990385575749e-07,1.511099844267873582e-01
2.637232144673665691e-07,1.512931332443699373e-01
2.636255531600027246e-07,1.512931332443699373e-01
2.637872984915069089e-07,1.514300433072176266e-01
2.635843537070534435e-07,1.513390107588334088e-01
2.641718206983624128e-07,1.513238386674360392e-01
2.642237128633441399e-07,1.514762820619524886e-01
2.638010256218187771e-07,1.510485735806551266e-01
2.572671102754997677e-07,1.488363381588097278e-01
2.576012936505404237e-07,1.491108807650478874e-01
2.574334252964366826e-07,1.487756497932202493e-01
2.573037219770026946e-07,1.487756497932202493e-01
2.568230737339366545e-07,1.486835335240219158e-01
2.569909240260268777e-07,1.488363381588097278e-01
2.565194332238399224e-07,1.488211660674123582e-01
2.568749478369048108e-07,1.489887815533261772e-01
2.566933704145026665e-07,1.488818544330018367e-01
2.563119006879402085e-07,1.490194869763923069e-01
2.566414963115345102e-07,1.489887815533261772e-01
2.557625626072739036e-07,1.486528281009558139e-01
2.563103834788004181e-07,1.490805365822531481e-01
2.506035096717603412e-07,1.467454794681433139e-01
2.501701658422296740e-07,1.460591229525478874e-01
2.504097042661724426e-07,1.460439508611505177e-01
2.501045284849224550e-07,1.464102484963156481e-01
2.496635624856659585e-07,1.461815834045409601e-01
2.495750405571677866e-07,1.463184934673886772e-01
2.497306809280857734e-07,1.464405926791103874e-01
2.495674003254283865e-07,1.463799043135209088e-01
2.495216311830462691e-07,1.461660500728722278e-01
2.496726838025179545e-07,1.463491988904548069e-01
2.497337514703923901e-07,1.464868314338452493e-01
2.492988543076948966e-07,1.462422717701304664e-01
2.431708285302826594e-07,1.441673076514041196e-01
2.433768257950291708e-07,1.438313541990337563e-01
2.433982112190940628e-07,1.440751913822058139e-01
2.430319677699695867e-07,1.439689867424241987e-01
2.426413406025279911e-07,1.437858379248416196e-01
2.430472301714348161e-07,1.438772317134972278e-01
2.430014429670391808e-07,1.439075758962919671e-01
2.433844479647550001e-07,1.439689867424241987e-01
2.429266842928799658e-07,1.438313541990337563e-01
2.427146001295609864e-07,1.439382813193580968e-01
2.429327892534660576e-07,1.440452084396824373e-01
2.424872174407496360e-07,1.439075758962919671e-01
2.366964094566576621e-07,1.421374985665985469e-01
2.365758816401163561e-07,1.420002272634794671e-01
2.367360917004671792e-07,1.418784892920291196e-01
2.369543169483994185e-07,1.420002272634794671e-01
2.365865743521488286e-07,1.417560288400360469e-01
2.364004091783003301e-07,1.415270025079900240e-01
2.363332726738669973e-07,1.418022675947709088e-01
2.365865743521488286e-07,1.420916210521350753e-01
2.360616380518132935e-07,1.418784892920291196e-01
2.360295960397431235e-07,1.418784892920291196e-01
2.364064960768728511e-07,1.418784892920291196e-01
2.358464833461876974e-07,1.418629559603603874e-01
2.300480712543834386e-07,1.399097298130844158e-01
2.299122629743633853e-07,1.395434321779192854e-01
2.302296667387991272e-07,1.395896709326541196e-01
2.299504099470196205e-07,1.392844229033498582e-01
2.297260978005149397e-07,1.396196538751775240e-01
2.305378769383286163e-07,1.397265809955018367e-01
2.296498038552024428e-07,1.393606446006080968e-01
2.295903075825084572e-07,1.394520383892636772e-01
2.297886646155155155e-07,1.393906275431314734e-01
2.298237771698922757e-07,1.393144058458732348e-01
2.297749374852036209e-07,1.396351872068462563e-01
2.298725807305538152e-07,1.395282600865219158e-01
2.235416282307018157e-07,1.371632200298886772e-01
2.235065156763250026e-07,1.367203394571939734e-01
2.230975916891387290e-07,1.365678960626775240e-01
2.233600327462860742e-07,1.368272665775183139e-01
2.237323630939830447e-07,1.369341936978426266e-01
2.235492684624412159e-07,1.370562929095643367e-01
2.234378619627519059e-07,1.365986014857436259e-01
2.234912713368733970e-07,1.367055286060679664e-01
2.228015552867542553e-07,1.363240588795054664e-01
2.232455918283173421e-07,1.368731440919817854e-01
2.235370404792554615e-07,1.369648991209087563e-01
2.238330768816398822e-07,1.370718262412330968e-01
2.240299167055072295e-07,1.370869983326304664e-01
2.174120852441498675e-07,1.345236373670173069e-01
2.171404506220961900e-07,1.342335614291103874e-01
2.174013925321174214e-07,1.342946110349712563e-01
2.174105499729965856e-07,1.343245939774946329e-01
2.172137101491292383e-07,1.342335614291103874e-01
2.172808466535625976e-07,1.342483722802363943e-01
2.172259200703014219e-07,1.340959288857199450e-01
2.172991795973344172e-07,1.341114622173886772e-01
2.172533923929387819e-07,1.341421676404548069e-01
2.172106576688361925e-07,1.341266343087860469e-01
2.168001984104965840e-07,1.342183893377130177e-01
2.165438261899081095e-07,1.339131413084087563e-01
2.115617809873638551e-07,1.323872624021587563e-01
2.109956452340790653e-07,1.318071105263449450e-01
2.108857920675566874e-07,1.317005446462919671e-01
2.109987157763856820e-07,1.318378159494110469e-01
2.109285087296457060e-07,1.320820143728544671e-01
2.110307577884558519e-07,1.319595539208613943e-01
2.109987157763856820e-07,1.319140376466692854e-01
2.107087843345873530e-07,1.317919384349475753e-01
2.106355609315814464e-07,1.319447430697353874e-01
2.108079809131044530e-07,1.319902593439275240e-01
2.109208865599198767e-07,1.320357756181196329e-01
2.112077655214251863e-07,1.319295709783380177e-01
2.046753854462594853e-07,1.300677386197176266e-01
2.054154403281934484e-07,1.297169743162212563e-01
2.048264380657311443e-07,1.295489975900360469e-01
2.054169755993467303e-07,1.296407526189630177e-01
2.051407712878602960e-07,1.298697789510090683e-01
2.050324353304776292e-07,1.296707355614863943e-01
2.047043749780365829e-07,1.297014409845525240e-01
2.047577843521580475e-07,1.297776626818107348e-01
2.047119971477624122e-07,1.295338254986386772e-01
2.049378265034068834e-07,1.298083681048768367e-01
2.049729390577836436e-07,1.299915169224594158e-01
2.043488242409446322e-07,1.298538843790689734e-01
1.990310423301927897e-07,1.276571822888923069e-01
1.989349343559958773e-07,1.273056955048531835e-01
1.990280079119133411e-07,1.274581388993696329e-01
1.989349343559958773e-07,1.275809605916340683e-01
1.988906824227535503e-07,1.273819172021113943e-01
1.988647273092558748e-07,1.274281559568462563e-01
1.985641212174386707e-07,1.271987683845288430e-01
1.985946460203691031e-07,1.271225466872706045e-01
1.983886487556226447e-07,1.271073745958732348e-01
1.986953598080259406e-07,1.275502551685679664e-01
1.987762415047847917e-07,1.273974505337801266e-01
1.985931468732429099e-07,1.274126226251775240e-01
1.930144411144834598e-07,1.254138802037094158e-01
1.930098533630371055e-07,1.247730399623061259e-01
1.925398797699899406e-07,1.248037453853722278e-01
1.926924676606149344e-07,1.246047019958495677e-01
1.927077120000665665e-07,1.247730399623061259e-01
1.928191184997558501e-07,1.249254833568225753e-01
1.928725098118637703e-07,1.250623934196702924e-01
1.924223683097145653e-07,1.248492616595643506e-01
1.929625670115153035e-07,1.250623934196702924e-01
1.926573551062381478e-07,1.248185562364982348e-01
1.928298112117882961e-07,1.251852151119347278e-01
1.926817749485825149e-07,1.248037453853722278e-01
1.925276698488177836e-07,1.251238042658025240e-01
1.872434471592758750e-07,1.233385548447117203e-01
1.874815044981060477e-07,1.226673704205136911e-01
1.873106017257228050e-07,1.226366649974475753e-01
1.868131377480246828e-07,1.226211316657788430e-01
1.868024811600193785e-07,1.224842216029311259e-01
1.871000347715435632e-07,1.226059595743814595e-01
1.867368438027121859e-07,1.225756153915867203e-01
1.867948589902935492e-07,1.226059595743814595e-01
1.865949486241196382e-07,1.226825425119110607e-01
1.859296885403719788e-07,1.223465890595406697e-01
1.865644599452163210e-07,1.224383440884676405e-01
1.865110325090812855e-07,1.224990324540571329e-01
1.812817544648141499e-07,1.208969318505488943e-01
1.811505519982540217e-07,1.202716249408143506e-01
1.811795234680175749e-07,1.202716249408143506e-01
1.806225632176254936e-07,1.200733040318344158e-01
1.811047828558719572e-07,1.201032869743577924e-01
1.808743476867675873e-07,1.202409195177482348e-01
1.809491244229403202e-07,1.200425986087683000e-01
1.810391454985647382e-07,1.201646978204900101e-01
1.808239907929391686e-07,1.202560916091456045e-01
1.808239907929391686e-07,1.200122544259735607e-01
1.807644945202451830e-07,1.202867970322117203e-01
1.806714029023141483e-07,1.201798699118873798e-01
1.750972848950010524e-07,1.177075414946584520e-01
1.755825028274998494e-07,1.176165089462742203e-01
1.756267908847693445e-07,1.177689523407906697e-01
1.752056208523836927e-07,1.173419663400360607e-01
1.748012484926166052e-07,1.171891617052482348e-01
1.752407334067604794e-07,1.172805554939038430e-01
1.748226339166814708e-07,1.172960888255725753e-01
1.750393058314468044e-07,1.174788764028837779e-01
1.750438935828931321e-07,1.174026547056255532e-01
1.749202771620316915e-07,1.174026547056255532e-01
1.750255787011348833e-07,1.176165089462742203e-01
1.751262924887917208e-07,1.173419663400360607e-01
1.689860748522209503e-07,1.154039122841574450e-01
1.690928574764367379e-07,1.146102674079663430e-01
1.689906264796401629e-07,1.147171945282906697e-01
1.690654032158129222e-07,1.147786053744229012e-01
1.692835923397179934e-07,1.146716782540985607e-01
1.693293976061271995e-07,1.148085883169462779e-01
1.690974452278830921e-07,1.146102674079663430e-01
1.691157601096413410e-07,1.149310487689393506e-01
1.691310044490929996e-07,1.147934162255488943e-01
1.688838077313972071e-07,1.146864891052245677e-01
1.692958022608901504e-07,1.147934162255488943e-01
1.695170619271018383e-07,1.152362967982436259e-01
1.637399991353352769e-07,1.130536830786502273e-01
1.635629914023659425e-07,1.122452273513331045e-01
1.639154535351377586e-07,1.124435482603130532e-01
1.635385715600216019e-07,1.125660087123061259e-01
1.633890180876760832e-07,1.122300552599357348e-01
1.634241306420528433e-07,1.121993498368696329e-01
1.636804667386141497e-07,1.124283761689156697e-01
1.642725395433830441e-07,1.128553621696702924e-01
1.636194532567804530e-07,1.125504753806373798e-01
1.637628656445127648e-07,1.125504753806373798e-01
1.633707393299449760e-07,1.122607606830018506e-01
1.632624033725623092e-07,1.123976707458495677e-01
1.632059415181477722e-07,1.124897870150479012e-01
1.580010833162250037e-07,1.102616570212623798e-01
1.576363751382538889e-07,1.102002461751301621e-01
1.578607053467721670e-07,1.101240244778719374e-01
1.580163637797037775e-07,1.100326306892163430e-01
1.580666845495050546e-07,1.096663330540512127e-01
1.579446214618104932e-07,1.099257035688920026e-01
1.579644535527085060e-07,1.101088523864745677e-01
1.581857132189201674e-07,1.104141004157788430e-01
1.581643277948553018e-07,1.100781469634084520e-01
1.581979231400923244e-07,1.101088523864745677e-01
1.574944799596613146e-07,1.099257035688920026e-01
1.574273253932143846e-07,1.098187764485676621e-01
1.521446560368393552e-07,1.079728386618873798e-01
1.520943352670380516e-07,1.073168263290867203e-01
1.523720206636371083e-07,1.074692697236031697e-01
1.523613640756318040e-07,1.076675906325831045e-01
1.527550075993393568e-07,1.078659115415630532e-01
1.524544195695356970e-07,1.076217131181196329e-01
1.524299997271913564e-07,1.073316371802127273e-01
1.519676483038699943e-07,1.075147859977952924e-01
1.524727344512939458e-07,1.073930480263449450e-01
1.525627916509454790e-07,1.074078588774709520e-01
1.525963147481282448e-07,1.075299580891926621e-01
1.524391752300840648e-07,1.077745177529074450e-01
1.468512939684318798e-07,1.052411397298176621e-01
1.470649314649177383e-07,1.050280079697117203e-01
1.468955459016742067e-07,1.049973025466456045e-01
1.470298550345680933e-07,1.050121133977716115e-01
1.467460285533558297e-07,1.049665971235795026e-01
1.470008474407774250e-07,1.051042296669699450e-01
1.471946167223381290e-07,1.053173614270758868e-01
1.470145745710893196e-07,1.051804513642281697e-01
1.470954562678481707e-07,1.052566730614863943e-01
1.468329790866736309e-07,1.049358917005133868e-01
1.468833721045291648e-07,1.050428188208377273e-01
1.467139865412856598e-07,1.049358917005133868e-01
1.411169659007679343e-07,1.031813477024887127e-01
1.414908134576046159e-07,1.029371492790452924e-01
1.411764982974890615e-07,1.028453942501183216e-01
1.416128765452992038e-07,1.029371492790452924e-01
1.415228554696747858e-07,1.028609275817870677e-01
1.414038268002596995e-07,1.028302221587209520e-01
1.414313171849106304e-07,1.029978376446347849e-01
1.418814586870598089e-07,1.028154113075949450e-01
1.418509338841294030e-07,1.030592484907670026e-01
1.419104301568233621e-07,1.029371492790452924e-01
1.416540940602620293e-07,1.029978376446347849e-01
1.416007027481541619e-07,1.028302221587209520e-01
1.356511838508374787e-07,1.011367277665571329e-01
1.359625007167006997e-07,1.006942084341337779e-01
1.362295295252944521e-07,1.006327975880015463e-01
1.361974513891971405e-07,1.007249138571998798e-01
1.365987532066576378e-07,1.006942084341337779e-01
1.365347053065444661e-07,1.009535789489745677e-01
1.365850260763457167e-07,1.007704301313920026e-01
1.362325639435739271e-07,1.007856022227893722e-01
1.361562699982614302e-07,1.007090192852597849e-01
1.360097509441953866e-07,1.008011355544581045e-01
1.362233884406812187e-07,1.009080626747824450e-01
1.359289053714636771e-07,1.007552580399946329e-01
1.361425428679495092e-07,1.006635030110676621e-01
1.305119630062219028e-07,9.866476058959956774e-02
1.306706197334058467e-07,9.816155289158672026e-02
1.308217265389182446e-07,9.839021798336139435e-02
1.310445034142696435e-07,9.819153583411009689e-02
1.306874174060243580e-07,9.823777458884494496e-02
1.308125510360255361e-07,9.819153583411009689e-02
1.311421466596198643e-07,9.817636374271272726e-02
1.309224042025479404e-07,9.800874825679889435e-02
1.311986085140344013e-07,9.829846295443443738e-02
1.311741886716900342e-07,9.829846295443443738e-02
1.311406294504801532e-07,9.811531413685187220e-02
1.311467344110662450e-07,9.822224125717621268e-02
1.257724906458999184e-07,9.620796550403937220e-02
1.261448209935968625e-07,9.558229735403345195e-02
1.258198131214488886e-07,9.553678107984134305e-02
1.262623324538722113e-07,9.574991283994728486e-02
1.257160287914854344e-07,9.568922447435779244e-02
1.261951778874252813e-07,9.600964459505943738e-02
1.260242751150420122e-07,9.582649577747687220e-02
1.257099238308993426e-07,9.581132368607950256e-02
1.257450363852761028e-07,9.550607565677522726e-02
1.258976242759010965e-07,9.565888029156305317e-02
1.257526585550019321e-07,9.536844311338478486e-02
1.255543015219948473e-07,9.570439656575516207e-02
1.206347870104240800e-07,9.362943244702884305e-02
1.204257372653845757e-07,9.304928057121503171e-02
1.205554586468321080e-07,9.318655187433411147e-02
1.208469072977702010e-07,9.337006193218805317e-02
1.210253961158521313e-07,9.341557820638016207e-02
1.210742358005408125e-07,9.347698905251237977e-02
1.208560466766357413e-07,9.321725729740022726e-02
1.204837163289387973e-07,9.320172396573149498e-02
1.210253961158521313e-07,9.333935650912193738e-02
1.207614378495649956e-07,9.332418441772456774e-02
1.211597052487460179e-07,9.372082623568443738e-02
1.210941040154659405e-07,9.365941538955221968e-02
1.154589364022919666e-07,9.123368696732950256e-02
1.154482436902595206e-07,9.089773351495911147e-02
1.159258394530325148e-07,9.086738933216437220e-02
1.160189310709635495e-07,9.097431645248871268e-02
1.162096659342448049e-07,9.077599554350877786e-02
1.166491508483886658e-07,9.124885905872687220e-02
1.158541332591663854e-07,9.103536605834956774e-02
1.158236445802630814e-07,9.071458469737654629e-02
1.163073091795950257e-07,9.091290560635649498e-02
1.162981698007294721e-07,9.112675984700516207e-02
1.159670569679953799e-07,9.100466063528345195e-02
1.157442800926439678e-07,9.094361102942259689e-02
1.104829600363066623e-07,8.889862985321965450e-02
1.106096108754475779e-07,8.836471673214070510e-02
1.107683037266586900e-07,8.854786554972325641e-02
1.113053957621256565e-07,8.860891515558411147e-02
1.113252639770507845e-07,8.871584227590845195e-02
1.110597523775967829e-07,8.868549809311371268e-02
1.112367601105661173e-07,8.871584227590845195e-02
1.108781568931810811e-07,8.848717718413377786e-02
1.109758001385313283e-07,8.860891515558411147e-02
1.108171434113473579e-07,8.845647176106766207e-02
1.109773534716981943e-07,8.876171979037193738e-02
1.110994165593927557e-07,8.883794148763016207e-02
1.107957579872824924e-07,8.860891515558411147e-02
1.051789052558667673e-07,8.664051691691075641e-02
1.057267261273933083e-07,8.603002085830221968e-02
1.058747262665719743e-07,8.638078516179860389e-02
1.059693350936427200e-07,8.607589837276570510e-02
1.058793140180183153e-07,8.625904719034825641e-02
1.061890775507146704e-07,8.632009679620911147e-02
1.058594819271203422e-07,8.610624255556044437e-02
1.055634455247358817e-07,8.606072628136832159e-02
1.063645319505171388e-07,8.633526888760649498e-02
1.059327414541533508e-07,8.607589837276570510e-02
1.063706730351303722e-07,8.632009679620911147e-02
1.059052510695023935e-07,8.628975261341437220e-02
1.007049806190259527e-07,8.421478849468805317e-02
1.010574427517977820e-07,8.383331876812555317e-02
1.012298988573479038e-07,8.378708001339070510e-02
1.011886813423850387e-07,8.381742419618544437e-02
1.012573531179717063e-07,8.377190792199332159e-02
1.014480879812529485e-07,8.386330171064892980e-02
1.014236681389086211e-07,8.357358701301338677e-02
1.011993740544174847e-07,8.383331876812555317e-02
1.011795419635194851e-07,8.380261334505943738e-02
1.016845919869162817e-07,8.407715595129759689e-02
1.011093168547659118e-07,8.364980871027161147e-02
1.009262402852376273e-07,8.371049707586110389e-02
9.554740876862497301e-08,8.192597013531305317e-02
9.602504065542510885e-08,8.152860583681044437e-02
9.625851024280895377e-08,8.146755623094958931e-02
9.626002745194869130e-08,8.168141047159825641e-02
9.646448944554184136e-08,8.159001668294266207e-02
9.645990169409550035e-08,8.143757328842621268e-02
9.643551797577830139e-08,8.165070504853215450e-02
9.610592235218394675e-08,8.149826165401570510e-02
9.650263641819808980e-08,8.149826165401570510e-02
9.643551797577830139e-08,8.128476865363838677e-02
9.619287288550174800e-08,8.136099035089661147e-02
9.656979098464504634e-08,8.172692674579037919e-02
9.108876459526293217e-08,7.931637041496503171e-02
9.170215057604240883e-08,7.902593323678676340e-02
9.160602453983192557e-08,7.879726814501208931e-02
9.156025539744984782e-08,7.902593323678676340e-02
9.153428222193862803e-08,7.904182780872687220e-02
9.149310083100290453e-08,7.902593323678676340e-02
9.173570979725230304e-08,7.922497662630943738e-02
9.189440264846340182e-08,7.922497662630943738e-02
9.186239676042037356e-08,7.925495956883281401e-02
9.204699053908840884e-08,7.904182780872687220e-02
9.178454948194099749e-08,7.922497662630943738e-02
9.161671725186435834e-08,7.933118126609103871e-02
8.663156538298635879e-08,7.727138923876208931e-02
8.712137106693153652e-08,7.650844978563708931e-02
8.709698734861432432e-08,7.653915520870320510e-02
8.730755430279356616e-08,7.664608232902753171e-02
8.659955949494333053e-08,7.624944051106766207e-02
8.694439945798931730e-08,7.650844978563708931e-02
8.701000069126938142e-08,7.666089318015353871e-02
8.702221061244155173e-08,7.638635057391537919e-02
8.655379035256126602e-08,7.644776142004759689e-02
8.674755963412198331e-08,7.655468854037193738e-02
8.730451988451409110e-08,7.673711487741176340e-02
8.726633678783070100e-08,7.679852572354399498e-02
8.679484598564379858e-08,7.667642651182228486e-02
8.153811368075284732e-08,7.414340972900386462e-02
8.184636000430946483e-08,7.385369503136832159e-02
8.207368850708007632e-08,7.370125163685187220e-02
8.234534119114731133e-08,7.345669197313708931e-02
8.225532011552290661e-08,7.382298960830221968e-02
8.277868502067797854e-08,7.388367797389169822e-02
8.216374570673162270e-08,7.359432451652753171e-02
8.259401899395567320e-08,7.379228418523610389e-02
8.251624396353058043e-08,7.392991672862654629e-02
8.234685840028704886e-08,7.385369503136832159e-02
8.169221878051757863e-08,7.357842994458743680e-02
8.249944629091204265e-08,7.357842994458743680e-02
7.702907648953525931e-08,7.142724412860287919e-02
7.790645686062900003e-08,7.141243327747687220e-02
7.760435162168560270e-08,7.103096355091437220e-02
7.794615716645212765e-08,7.121338988795419822e-02
7.775386897000400625e-08,7.132031700827853871e-02
7.752346992492675157e-08,7.112199609929860389e-02
7.822691310535777461e-08,7.109165191650386462e-02
7.778439377293442539e-08,7.089333100752392980e-02
7.766077735207298481e-08,7.106094649343774883e-02
7.803314382379705732e-08,7.098472479617952413e-02
7.810943776910955421e-08,7.112199609929860389e-02
7.779660369410659570e-08,7.110718524817259689e-02
7.246206023476341001e-08,6.895527695164531401e-02
7.315177628488252521e-08,6.855863513368544437e-02
7.349813345706824952e-08,6.890976067745320510e-02
7.311666373050575183e-08,6.842136383056636462e-02
7.352407050855231443e-08,6.863521807121503171e-02
7.331657409667968930e-08,6.857380722508281401e-02
7.345998648441200108e-08,6.875695604266537919e-02
7.345391764785305095e-08,6.878766146573149498e-02
7.328908371202873198e-08,6.775017940636832159e-02
7.328604929374927016e-08,6.842136383056636462e-02
7.374840071707061898e-08,6.883317773992360389e-02
7.354697314175693074e-08,6.855863513368544437e-02
6.828717029455936277e-08,6.668199192393904629e-02
6.860303878784179634e-08,6.608666795672787919e-02
6.896315921436657014e-08,6.622357801957559631e-02
6.879377365112305181e-08,6.633050513989993680e-02
6.874493396643435735e-08,6.613254547119136462e-02
6.890518015081232208e-08,6.623947259151570510e-02
6.844893368807706503e-08,6.587281371607919822e-02
6.875718001163368254e-08,6.630016095710518365e-02
6.902876044764663425e-08,6.634639971184003171e-02
6.910812493526574785e-08,6.643743226022426340e-02
6.893263441143615099e-08,6.619359507705221968e-02
6.885937488440311592e-08,6.614735632231737161e-02
6.374457388213186732e-08,6.427071311257097352e-02
6.439458962642785489e-08,6.414861390084926340e-02
6.475015842553341610e-08,6.410309762665715450e-02
6.452431100787538725e-08,6.411826971805452413e-02
6.439458962642785489e-08,6.402687592939892980e-02
6.478830539818966454e-08,6.416378599224664692e-02
6.468148664994673527e-08,6.408756429498840834e-02
6.461281487436005444e-08,6.430141853563708931e-02
6.461281487436005444e-08,6.402687592939892980e-02
6.499887235236890637e-08,6.427071311257097352e-02
6.455635301994555716e-08,6.405758135246503171e-02
6.468603827736594786e-08,6.410309762665715450e-02
6.489512414643259381e-08,6.421002474698149498e-02
5.951174100240072029e-08,6.211952729658642286e-02
6.032352014021440351e-08,6.184498469034826335e-02
6.051118446118904227e-08,6.211952729658642286e-02
6.057682181849623480e-08,6.211952729658642286e-02
6.032962510080048205e-08,6.173805757002392286e-02
6.080570365443373871e-08,6.179874593561341528e-02
6.056764631560355279e-08,6.193637847900386462e-02
6.069581436388420596e-08,6.193637847900386462e-02
6.054015593095259547e-08,6.192120638760648804e-02
6.059358336708763093e-08,6.196672266179860389e-02
6.089572473005815667e-08,6.227197069110287919e-02
6.048983516115131836e-08,6.207364978212294437e-02
5.545284531333229756e-08,5.993763605753576335e-02
5.607692400614421362e-08,5.964756011962886462e-02
5.632105018153334966e-08,5.964756011962886462e-02
5.636530211477569649e-08,5.946405006177492986e-02
5.611351764563358288e-08,5.938782836451670516e-02
5.648433078419078283e-08,5.949475548484103871e-02
5.641262459032463356e-08,5.967790430242360389e-02
5.595027316700328474e-08,5.920467954693413998e-02
5.651333837798148430e-08,5.970860972548971274e-02
5.635464552677039875e-08,5.947994463371503865e-02
5.627376383001154761e-08,5.922021287860287919e-02
5.618981159094607977e-08,5.941853378758281401e-02
5.114368236426151199e-08,5.720593712546603871e-02
5.161976091789477527e-08,5.657990773518875582e-02
5.206379745945786202e-08,5.683963949030091528e-02
5.193866382945667729e-08,5.674824570164531401e-02
5.177690043593898826e-08,5.644299767234103871e-02
5.227132999535762879e-08,5.679376197583742986e-02
5.222400751980869172e-08,5.664131858132098046e-02
5.188986026879513110e-08,5.654992479266537919e-02
5.210042722297437955e-08,5.661061315825486467e-02
5.227132999535762879e-08,5.700761621648610389e-02
5.222556085297556428e-08,5.662614648992360389e-02
5.202872102910822366e-08,5.682446739890353871e-02
4.694285537257339323e-08,5.481019164576670516e-02
4.780802582249497026e-08,5.395585840398610389e-02
4.801252394011526859e-08,5.415417931296603871e-02
4.811323772777211271e-08,5.441391106807819816e-02
4.755324305910052986e-08,5.426110643329037919e-02
4.802473386128743890e-08,5.413864598129730643e-02
4.821853926687529783e-08,5.426110643329037919e-02
4.808271292484168033e-08,5.458152655399202413e-02
4.815138470042836116e-08,5.441391106807819816e-02
4.827193057898319826e-08,5.442872191920420516e-02
4.818801446394487207e-08,5.423040101022427034e-02
4.787521651296904859e-08,5.421486767855553113e-02
4.792402007363059478e-08,5.420005682742952413e-02
4.308690446795839627e-08,5.238374074300125582e-02
4.392462065725615763e-08,5.218578107429269058e-02
4.399177522370310093e-08,5.192604931918053113e-02
4.404823707811760483e-08,5.197228807391537919e-02
4.386208996628270361e-08,5.233822446880913998e-02
4.395821600249320010e-08,5.184982762192230643e-02
4.394752329046076733e-08,5.180431134773019058e-02
4.439155983202386069e-08,5.213990355982920516e-02
4.413522373546254111e-08,5.210919813676309631e-02
4.400550235401500876e-08,5.195675474224663998e-02
4.401312452374083144e-08,5.201816558837886462e-02
4.415501970233339907e-08,5.209438728563708931e-02
3.839934233463171648e-08,4.965276429147427034e-02
3.981078032291296853e-08,4.956100926254730643e-02
3.993439674377442235e-08,4.971345265706375582e-02
3.980315815318715246e-08,4.962242010867952413e-02
3.999696355877501140e-08,4.962242010867952413e-02
3.995271162553267119e-08,4.950032089695781401e-02
4.057679031834458062e-08,4.972934722900386462e-02
4.008546742525967860e-08,4.950032089695781401e-02
4.033569856123491303e-08,4.985108520045420516e-02
4.032045422178326104e-08,4.965276429147427034e-02
4.052491621537642434e-08,4.924095038211702413e-02
4.046997157010165135e-08,4.972934722900386462e-02
3.511559601986047268e-08,4.785198153871474125e-02
3.606013095740116331e-08,4.719596920591407480e-02
3.610134847236402847e-08,4.716526378284796595e-02
3.626004132357510740e-08,4.670757235902724125e-02
3.579617269111402767e-08,4.716526378284796595e-02
3.638055107810280948e-08,4.711974750865585010e-02
3.608303359060576639e-08,4.725701881177492986e-02
3.630732767509692268e-08,4.731770717736442228e-02
3.625697078126849731e-08,4.710457541725848046e-02
3.628446116591945463e-08,4.725701881177492986e-02
3.647671323834044101e-08,4.744052886962886462e-02
3.640193650216767503e-08,4.760814435554269058e-02
3.103228048844770934e-08,4.531932599616769058e-02
3.235525073427142922e-08,4.480022372621474125e-02
3.228047399809866986e-08,4.467812451449303113e-02
3.236746065544360615e-08,4.467812451449303113e-02
3.208973913481742102e-08,4.431218811959927034e-02
3.225453694661458511e-08,4.477024078369136462e-02
3.237967057661576984e-08,4.458673072583742986e-02
3.248190157341235148e-08,4.492268417820781401e-02
3.230792825872248553e-08,4.483092914928085010e-02
3.248797040997130160e-08,4.472400202895650961e-02
3.255209055813876322e-08,4.477024078369136462e-02
3.272147612138228155e-08,4.487644542347296595e-02
2.743573622270064205e-08,4.295392469926309631e-02
2.834364139672482177e-08,4.264903791023019058e-02
2.810713739106149849e-08,4.245071700125024883e-02
2.848250215703791434e-08,4.235860073205192228e-02
2.901045481363932397e-08,4.255692164103185710e-02
2.870072740497011720e-08,4.261833248716407480e-02
2.844132076610219083e-08,4.234378988092591528e-02
2.833143147555264816e-08,4.234378988092591528e-02
2.863509004766291474e-08,4.228237903479369064e-02
2.883496428980972380e-08,4.246552785237625582e-02
2.852216633883389701e-08,4.238930615511803113e-02
2.891125823512222400e-08,4.280148130474663998e-02
2.879378289887399698e-08,4.267938209302492986e-02
2.341039975484212677e-08,4.022258700746474125e-02
2.482187386715051385e-08,4.032951412778907480e-02
2.506751725167939404e-08,4.008567694461702413e-02
2.489816781246301074e-08,4.040573582504730643e-02
2.481728611570416623e-08,4.005497152155091528e-02
2.506907058484626991e-08,4.032951412778907480e-02
2.505534345453436207e-08,4.016189864187524883e-02
2.539104403871478863e-08,4.028363661332559631e-02
2.510873476664225588e-08,4.011565988714040076e-02
2.527197924527255072e-08,4.017670949300125582e-02
2.533916993574662904e-08,4.016189864187524883e-02
2.534827319058505092e-08,4.042090791644467607e-02
1.978488401933150297e-08,3.764405395045420516e-02
2.109712542909564843e-08,3.785754695083150961e-02
2.162966583714341230e-08,3.755229892152724125e-02
2.154730305527196198e-08,3.752159349846113240e-02
2.168309327327844115e-08,3.807140119148019058e-02
2.156406460386334488e-08,3.791859655669236467e-02
2.129093083468350737e-08,3.747607722426900961e-02
2.195467370929140609e-08,3.770474231604369064e-02
2.186010100624778546e-08,3.738468343561341528e-02
2.159455328276663561e-08,3.747607722426900961e-02
2.138402245261452881e-08,3.723187880082559631e-02
2.167088335210627084e-08,3.756783225319598046e-02
1.673457116791696574e-08,3.532453016801309631e-02
1.771421865983443307e-08,3.501964337898019058e-02
1.792019786256732728e-08,3.466815659494106722e-02
1.810179334698301592e-08,3.471439534967591528e-02
1.805905862288041985e-08,3.483613332112625582e-02
1.817657008315577859e-08,3.480578913833150961e-02
1.799038684729374233e-08,3.485130541252363240e-02
1.823913689815637095e-08,3.469886201800717607e-02
1.815063303167170044e-08,3.483613332112625582e-02
1.844511610088926516e-08,3.497340462424533558e-02
1.841462742198597774e-08,3.480578913833150961e-02
1.825134681932854126e-08,3.479061704693413998e-02
1.289390072678075249e-08,3.273082501960519058e-02
1.436638832092285772e-08,3.268458626487033558e-02
1.474634083834561788e-08,3.256248705314863240e-02
1.430533871506200123e-08,3.236416614416869064e-02
1.466394193244703253e-08,3.262389789928085010e-02
1.451283512693463462e-08,3.237933823556606722e-02
1.472495541428075233e-08,3.253178163008251661e-02
1.499505476518111312e-08,3.260800332734074825e-02
1.491876081986861292e-08,3.224242817271835010e-02
1.484553741686272281e-08,3.248626535589040076e-02
1.466242472330729665e-08,3.222653360077824825e-02
1.505758545615456715e-08,3.257802038481736467e-02
9.857351129705261436e-09,3.050269502581967607e-02
1.118028525150183967e-08,3.012122529925717607e-02
1.122757160302364833e-08,2.996842066446935710e-02
1.133287314212684007e-08,2.993771524140324478e-02
1.115889982743697081e-08,2.996842066446935710e-02
1.171434286868933942e-08,3.016674157344929191e-02
1.196157571041223216e-08,3.039576790549533905e-02
1.134356585415927285e-08,3.016674157344929191e-02
1.174338658650716434e-08,3.004464236172758179e-02
1.142293034177838314e-08,3.007534778479369411e-02
1.192646315603545712e-08,3.016674157344929191e-02
1.179063681400183962e-08,3.009051987619106722e-02
1.199665214076187051e-08,3.012122529925717607e-02
6.425568551728224033e-09,2.790862863714040423e-02
7.531903006813747826e-09,2.723708297267100203e-02
8.029294736457598316e-09,2.752715891057790423e-02
8.137666817867398496e-09,2.755786433364401308e-02
8.282632538766576213e-09,2.746574806444568306e-02
8.188023711695820555e-09,2.777099609374995490e-02
8.596947698882135572e-09,2.772547981955783905e-02
8.348233772046641984e-09,2.752715891057790423e-02
8.456533605402170445e-09,2.731330466992923020e-02
8.235310063217629214e-09,2.743576512192230296e-02
8.763298843846180494e-09,2.743576512192230296e-02
8.616779789780130214e-09,2.769477439649173020e-02
3.605690869418062033e-09,2.580295909534796595e-02
4.464828606807828527e-09,2.529939015706375582e-02
5.207935969034835059e-09,2.537597309459335010e-02
5.416985714074341017e-09,2.546700564297758179e-02
5.032445445205229924e-09,2.516211885394467607e-02
5.258256738836119605e-09,2.522316845980553113e-02
5.401741374622696479e-09,2.529939015706375582e-02
5.679462895248879955e-09,2.531456224846112893e-02
5.366592696218783925e-09,2.520763512813679191e-02
5.371216571692269062e-09,2.551288315744106722e-02
5.418502923214078547e-09,2.517692970507068306e-02
5.558880892666907815e-09,2.534526767152724125e-02
4.653930664062544363e-10,2.363623994769467607e-02
1.490809700705792738e-09,2.311713767774173020e-02
1.675475727428093945e-09,2.322406479806606722e-02
2.030972278479378051e-09,2.319335937499995490e-02
1.684578982266517265e-09,2.305644931215224125e-02
1.893664851333160530e-09,2.305644931215224125e-02
2.143932111335527921e-09,2.307126016327824478e-02
2.450588977698127911e-09,2.310196558634435710e-02
2.166798620512995969e-09,2.301057179768875582e-02
2.401749293009444208e-09,2.311713767774173020e-02
2.256783572110267318e-09,2.307126016327824478e-02
2.284310080788356775e-09,2.314784310080783905e-02
-2.986149354414501910e-09,2.087383559255884605e-02
-2.134742158831967744e-09,2.041614416873811788e-02
-1.849362344452824486e-09,2.040097207734074478e-02
-1.231388612227002063e-09,2.033992247147989318e-02
-1.185619469844929281e-09,2.052307128906245490e-02
-1.254291245431606591e-09,2.032475038008252008e-02
-8.758920611757176478e-10,2.044684959180423020e-02
-1.150543039495290307e-09,2.026370077422166502e-02
-1.109325524532429287e-09,2.018711783669207074e-02
-1.188690012151540200e-09,2.037062789454600203e-02
-1.216144272775356491e-09,2.032475038008252008e-02
-7.644494374593054110e-10,2.061482631798941881e-02
-5.711418209653907424e-09,1.840259089614401308e-02
-5.024772701841407278e-09,1.791419404925717607e-02
-4.418972766760619094e-09,1.797488241484666502e-02
-4.624988093520650819e-09,1.776138941446935710e-02
-3.988663355509436046e-09,1.831047462694568306e-02
-4.429665478793053524e-09,1.814285914103185710e-02
-4.373203624378546311e-09,1.808180953517100203e-02
-4.565491820826670201e-09,1.808180953517100203e-02
-3.964279637192230467e-09,1.814285914103185710e-02
-4.400730133056636182e-09,1.770033980860850203e-02
-4.286216967033613336e-09,1.817356456409796595e-02
-3.874222437540685745e-09,1.811215371796574478e-02
-3.395145589655091541e-09,1.820354750662134605e-02
-8.644219600793082607e-09,1.586921287305423020e-02
-7.890419526533642473e-09,1.547257105509435710e-02
-7.244991533684003347e-09,1.559467026681606548e-02
-7.577621575557820645e-09,1.545703772342561788e-02
-7.272445794307820671e-09,1.541152144923350203e-02
-7.618802966493544151e-09,1.533493851170390949e-02
-7.118340694543081914e-09,1.548774314649172847e-02
-6.858934055675154723e-09,1.559467026681606548e-02
-6.753632516571965463e-09,1.538081602616739145e-02
-6.775017940636831841e-09,1.535083308364401308e-02
-6.785638404614993724e-09,1.532012766057790250e-02
-7.153417124892721922e-09,1.509110132853185710e-02
-1.213853286974357321e-08,1.303130930120290250e-02
-1.108262755654074402e-08,1.280228296915685710e-02
-1.066145752415512201e-08,1.325997439297758353e-02
-1.045396111228248862e-08,1.303130930120290250e-02
-1.064773039384321252e-08,1.280228296915685710e-02
-1.023725307349002329e-08,1.298507054646805443e-02
-9.889378692164559798e-09,1.301577596953416502e-02
-9.848161177201699605e-09,1.335136818163318306e-02
-9.726098089507128277e-09,1.292438218087856548e-02
-9.983987519235317110e-09,1.312270308985850203e-02
-9.655872980753574888e-09,1.310753099846112893e-02
-9.941216671105582701e-09,1.307682557539502008e-02
-1.509878852150656572e-08,1.098632812499995490e-02
-1.409324010213215693e-08,1.060485839843745490e-02
-1.387653206333969161e-08,1.037583206639140949e-02
-1.424124024131080971e-08,1.020821658047758353e-02
-1.329056421915689724e-08,1.077247388435128087e-02
-1.347674745501893349e-08,1.051346460978185710e-02
-1.351644776084205946e-08,1.074249094182790250e-02
-1.349199179447058217e-08,1.060485839843745490e-02
-1.290606007431492283e-08,1.068108009569568306e-02
-1.295945138642281830e-08,1.075730179295390949e-02
-1.308765555873061312e-08,1.069625218709305443e-02
-1.282824891986268345e-08,1.062003048983482800e-02
-1.806207859154903163e-08,8.911364006273628929e-03
-1.754481864698005147e-08,8.087013707016409494e-03
-1.722895015369761789e-08,8.025964101155554434e-03
-1.665977998213333979e-08,8.041497432824291913e-03
-1.677725531838156350e-08,8.056669524221665019e-03
-1.678184306982791112e-08,8.056669524221665019e-03
-1.667202602733264844e-08,8.041497432824291913e-03
-1.680933345447886844e-08,7.873159466367735462e-03
-1.632256218881317570e-08,8.148424553148628929e-03
-1.608757539228958995e-08,8.392261736320683063e-03
-1.590294548959442626e-08,8.178407495672007296e-03
-1.639730280095880334e-08,7.934570312499954897e-03
-2.127567204562099873e-08,5.950999982429228466e-03
-2.019379355690695637e-08,5.447431044145019212e-03
-2.021669619011155945e-08,5.508119409734508164e-03
-1.983060258807557579e-08,5.584341106992734595e-03
-1.945068619467995066e-08,5.783384496515403365e-03
-1.954374168858383376e-08,5.721973650383182196e-03
-1.959713300069172757e-08,5.767851164846665019e-03
-1.974823980620412547e-08,5.462603135542391450e-03
-1.931485985264633316e-08,5.676457376191065482e-03
-1.968719020034327064e-08,5.462603135542391450e-03
-1.934231411327014883e-08,5.676457376191065482e-03
-1.912560607447768350e-08,5.553996924197990986e-03
-1.909974127104787542e-08,5.508119409734508164e-03
-2.418246413722182240e-08,3.616304108590746077e-03
-2.316163525436863156e-08,3.524549079663781299e-03
-2.312655882401899321e-08,3.479032805471665019e-03
-2.315863696011629484e-08,3.173784776167391450e-03
-2.324099974198774516e-08,3.341400262081217418e-03
-2.328832221753669216e-08,3.158612684770019646e-03
-2.305181821187336888e-08,3.020980141379572045e-03
-2.255435423417524336e-08,3.479032805471665019e-03
-2.271611762769294232e-08,3.356933593749955765e-03
-2.242770339503432441e-08,3.097563078909165019e-03
-2.205078529589103600e-08,3.173784776167391450e-03
-2.234985611655495165e-08,3.448327382405554434e-03
-2.739298704898718271e-08,1.311952417547008164e-03
-2.659952279293175825e-08,8.235555706601710392e-04
-2.636760653871477598e-08,1.175042354699292781e-03
-2.590521899136629543e-08,1.220558628891409278e-03
-2.600744998816287377e-08,1.220558628891409278e-03
-2.572673017328435192e-08,1.128803599964444283e-03
-2.563667297363280554e-08,1.311952417547008164e-03
-2.516366496230616560e-08,1.571684172659164802e-03
-2.594640038230202224e-08,1.144336931633182413e-03
-2.568395932515461420e-08,1.159509023030554434e-03
-2.540016896796948226e-08,9.460160226532462937e-04
-2.505529288089636376e-08,1.128803599964444283e-03
-3.017316442547421915e-08,-1.205531033602672214e-03
-2.947430899648955035e-08,-1.831199183608590722e-03
-2.929426684524073428e-08,-1.541484485973055717e-03
-2.936138528766053593e-08,-1.785321669145108333e-03
-2.915695941809451428e-08,-1.861543366403335198e-03
-2.880749557957504154e-08,-1.632878274628654820e-03
-2.872206225539698444e-08,-1.724272063284253706e-03
-2.857099157391171826e-08,-1.373146519516497965e-03
-2.858468258019649106e-08,-1.754616246078997965e-03
-2.862897063746596300e-08,-1.907420880866817587e-03
-2.849469762859921806e-08,-1.800493760542480571e-03
-2.823836153203790179e-08,-1.739805394952991836e-03
-3.360339367028438482e-08,-5.508625146114509014e-03
-3.252920959935043190e-08,-6.012194084398718268e-03
-3.262374617836692080e-08,-6.455074657093439437e-03
-3.208513693376020350e-08,-6.500590931285555284e-03
-3.234147303032152308e-08,-6.775133537523718268e-03
-3.202867507934569960e-08,-6.546107205477671998e-03
-3.166244969223484727e-08,-6.485057599616817804e-03
-3.171128937692352849e-08,-5.813873175418782582e-03
-3.207899584914698332e-08,-6.866527326179317804e-03
-3.176926844047776992e-08,-6.515763022682927522e-03
-3.149002971071184726e-08,-6.271564599239509014e-03
-3.164261760133684766e-08,-6.500590931285555284e-03
-3.681084603974312511e-08,-8.972558108243119598e-03
-3.578849994775020006e-08,-9.445421623461219135e-03
-3.528034325801964507e-08,-9.002541050766497965e-03
-3.535056836677319185e-08,-9.338494503136882119e-03
-3.546807982704856051e-08,-9.079123988296090506e-03
-3.547263145446776648e-08,-9.369199926202990969e-03
-3.513237924286812733e-08,-9.079123988296090506e-03
-3.518728776411575867e-08,-9.476127046527329720e-03
-3.524067907622365910e-08,-9.643742532441153953e-03
-3.465015960462165049e-08,-9.262272805878653953e-03
-3.464253743489582780e-08,-9.307789080070771534e-03
-3.456931403188994100e-08,-9.583054166851666736e-03
-3.448380845965760722e-08,-9.613759589917775586e-03
-3.933931119514233787e-08,-1.141418110240593857e-02
-3.858854553916237114e-08,-1.168872370864410155e-02
-3.859461437572132126e-08,-1.179565082896843857e-02
-3.831541176998254025e-08,-1.179565082896843857e-02
-3.855646740306507281e-08,-1.176494540590232972e-02
-3.830164851564349076e-08,-1.187187252622666674e-02
-3.811701861294832707e-08,-1.152110822273027559e-02
-3.822842511263760396e-08,-1.203948801214049097e-02
-3.836118091236460476e-08,-1.193256089181615395e-02
-3.814299178845954024e-08,-1.153591907385628258e-02
-3.798578002236105719e-08,-1.168872370864410155e-02
-3.814447287357214274e-08,-1.194809422348489317e-02
-4.276646989764588682e-08,-1.348914522113226454e-02
-4.231780948060931080e-08,-1.394683664495299097e-02
-4.196686455697723888e-08,-1.393166455355561960e-02
-4.195469075983220360e-08,-1.414515755393292752e-02
-4.125735253998726572e-08,-1.379403201016517200e-02
-4.145415623982746468e-08,-1.399235291914510855e-02
-4.145263903068773377e-08,-1.390095913048950901e-02
-4.149230321248371975e-08,-1.402305834221121913e-02
-4.090637149232805876e-08,-1.364158861564871913e-02
-4.149533763076319481e-08,-1.422137925119115395e-02
-4.143125360662286160e-08,-1.402305834221121913e-02
-4.109100139502322245e-08,-1.396236997662173018e-02
-4.648507725108752875e-08,-1.594594030669245835e-02
-4.499886252663351734e-08,-1.573208606604378085e-02
-4.453954552159164358e-08,-1.614426121567239317e-02
-4.475928797866358727e-08,-1.618977748986450901e-02
-4.443424398248845183e-08,-1.623565500432799097e-02
-4.449832800662878504e-08,-1.608285036954017200e-02
-4.480350378787878584e-08,-1.637328754771844030e-02
-4.447849591573078543e-08,-1.597592324921583498e-02
-4.432897856741240174e-08,-1.623565500432799097e-02
-4.432897856741240174e-08,-1.580830776330200901e-02
-4.427558725530450793e-08,-1.612872788400365395e-02
-4.421298431627677723e-08,-1.585418527776549097e-02
-4.919203122456867839e-08,-1.841790748365002006e-02
-4.841688185027150609e-08,-1.886006557580200901e-02
-4.830702868374910837e-08,-1.875313845547767200e-02
-4.842909177144367639e-08,-1.907391981645068305e-02
-4.801554390878388037e-08,-1.881454930160989317e-02
-4.771036812753387957e-08,-1.881454930160989317e-02
-4.782936067292183750e-08,-1.896699269612634603e-02
-4.749524954593542515e-08,-1.896699269612634603e-02
-4.768901882749614905e-08,-1.915050275398027732e-02
-4.760810100671016289e-08,-1.896699269612634603e-02
-4.723121903159401282e-08,-1.902840354225856720e-02
-4.713054136796430373e-08,-1.902840354225856720e-02
-5.235371445164534756e-08,-2.125581105550134603e-02
-5.154800415039062769e-08,-2.150000947894476627e-02
-5.186538985281279218e-08,-2.165245287346121913e-02
-5.144273873531456436e-08,-2.169869162819606720e-02
-5.134350603277032274e-08,-2.174420790238818305e-02
-5.117267550844134357e-08,-2.179008541685166500e-02
-5.121537410851681122e-08,-2.174420790238818305e-02
-5.114514899976325783e-08,-2.160693659926910329e-02
-5.080796733047022877e-08,-2.156105908480561786e-02
-5.093151150327739267e-08,-2.174420790238818305e-02
-5.097731676968661207e-08,-2.154624823367961434e-02
-5.093916979703035700e-08,-2.130168856996482799e-02
-5.077130144292657620e-08,-2.159176450787173018e-02
-5.597312522656989613e-08,-2.362121235240594030e-02
-5.493701588023791497e-08,-2.375848365552502006e-02
-5.454185514739065109e-08,-2.360604026100856720e-02
-5.481036504109699933e-08,-2.397197665590232799e-02
-5.438164508703983463e-08,-2.378882783831976627e-02
-5.444565686312587791e-08,-2.389575495864410329e-02
-5.420615456321021791e-08,-2.365155653520068305e-02
-5.412223844817189834e-08,-2.386504953557799097e-02
-5.368730516144723015e-08,-2.374295032385628085e-02
-5.410999240297259300e-08,-2.401749293009444383e-02
-5.371324221293130829e-08,-2.366672862659805615e-02
-5.375445972789416683e-08,-2.365155653520068305e-02
-5.928887742938416819e-08,-2.581863692312533903e-02
-5.808652531016955548e-08,-2.609317952936350202e-02
-5.827874125856341344e-08,-2.626079501527732799e-02
-5.802392237114183139e-08,-2.592556404344967605e-02
-5.741967576922791494e-08,-2.577275940866185708e-02
-5.797970656192663283e-08,-2.610799038048950901e-02
-5.749748692368014936e-08,-2.589485862038356720e-02
-5.729761268153334692e-08,-2.591003071178094030e-02
-5.741664135094844650e-08,-2.612388495242961434e-02
-5.714347145774146734e-08,-2.600178574070790422e-02
-5.704279379411176487e-08,-2.581863692312533903e-02
-5.728543888438830503e-08,-2.598625240903916500e-02
-6.225834470806699263e-08,-2.798535607077863238e-02
-6.202028736923679348e-08,-2.864136840357929537e-02
-6.150761517611416755e-08,-2.839680873986450901e-02
-6.108492793458880471e-08,-2.818367697975856720e-02
-6.099942236235647092e-08,-2.845821958599673018e-02
-6.097503864403927196e-08,-2.832058704260628085e-02
-6.117339567704634349e-08,-2.830577619148027732e-02
-6.127714388298265605e-08,-2.841270331180461434e-02
-6.108492793458880471e-08,-2.853444128325495488e-02
-6.114438808325564864e-08,-2.841270331180461434e-02
-6.070493929313890289e-08,-2.835129246567239317e-02
-6.096434593200683918e-08,-2.876346761530100202e-02
-6.614940816705876298e-08,-3.085396506569606720e-02
-6.481267466689600684e-08,-3.070152167117961434e-02
-6.492863279400448971e-08,-3.094535885435166500e-02
-6.474403901533646767e-08,-3.086913715709344030e-02
-6.480505249717017754e-08,-3.102158055160989317e-02
-6.456092632178104150e-08,-3.057942245945790422e-02
-6.427251208912242360e-08,-3.073186585397435708e-02
-6.456547794920024086e-08,-3.100640846021252006e-02
-6.463870135220613427e-08,-3.115921309500033903e-02
-6.442817052205403409e-08,-3.099087512854378085e-02
-6.437626029505873616e-08,-3.082325964262995488e-02
-6.453802368857642519e-08,-3.096089218602040422e-02
-6.959788004557291404e-08,-3.268509200125033903e-02
-6.896462584986830936e-08,-3.309726715087894788e-02
-6.896621530706231695e-08,-3.328041596846151307e-02
-6.857708728674686154e-08,-3.337180975711711434e-02
-6.891885670748623161e-08,-3.332593224265362891e-02
-6.890668291034120295e-08,-3.337180975711711434e-02
-6.840770172350332998e-08,-3.320419427120328837e-02
-6.857708728674686154e-08,-3.329522681958752006e-02
-6.833140777819083309e-08,-3.321900512232929537e-02
-6.821237910877574675e-08,-3.335663766571973776e-02
-6.815898779666785294e-08,-3.346284230550134603e-02
-6.805368625756466119e-08,-3.349354772856745488e-02
-6.835586374456231535e-08,-3.367669654615002006e-02
-7.333790894710655654e-08,-3.535538008718783903e-02
-7.276111660581646238e-08,-3.617936914617369409e-02
-7.240247726440429771e-08,-3.547711805863818652e-02
-7.245745803370619911e-08,-3.543160178444606373e-02
-7.263135910034180162e-08,-3.587448235714078837e-02
-7.249867554866905103e-08,-3.613313039143884603e-02
-7.242238160335655414e-08,-3.588929320826679537e-02
-7.269703258167613580e-08,-3.628593502622666500e-02
-7.248184175202339807e-08,-3.555370099616777385e-02
-7.268326932733708631e-08,-3.567543896761812133e-02
-7.230179960077458862e-08,-3.569097229928686055e-02
-7.238571571581290158e-08,-3.569097229928686055e-02
-7.777065219301166090e-08,-3.834572705355562133e-02
-7.678952361598159438e-08,-3.881931304931644788e-02
-7.689168236472388611e-08,-3.868168050592600549e-02
-7.655757123773747376e-08,-3.836126038522436055e-02
-7.699243227640787850e-08,-3.878860762625033903e-02
-7.665369727394797026e-08,-3.826950535629738970e-02
-7.725639054269501414e-08,-3.862099214033651307e-02
-7.754632198449336958e-08,-3.868168050592600549e-02
-7.731288852113665308e-08,-3.820881699070790422e-02
-7.743188106652462424e-08,-3.848335959694606373e-02
-7.721062140031293640e-08,-3.833091620242961434e-02
-7.739680463617497927e-08,-3.831574411103223776e-02
-8.268102732571688785e-08,-4.084839965357929537e-02
-8.204470258770566646e-08,-4.139820734659835355e-02
-8.202183607852820503e-08,-4.122986938014179537e-02
-8.221405202692204314e-08,-4.112294225981745488e-02
-8.262297601410835650e-08,-4.138267401492961434e-02
-8.260621446551698684e-08,-4.136750192353223776e-02
-8.293736342227819420e-08,-4.144372362079046940e-02
-8.308995131290320122e-08,-4.133679650046612891e-02
-8.330051826708242982e-08,-4.129128022627401307e-02
-8.365756815130060013e-08,-4.144372362079046940e-02
-8.312502774325283295e-08,-4.122986938014179537e-02
-8.352026072415438013e-08,-4.115364768288356373e-02
-8.929884072506065256e-08,-4.310651258988818652e-02
-8.873274109580299118e-08,-4.344246604225856373e-02
-8.820020068775523723e-08,-4.336624434500033903e-02
-8.879985953822280606e-08,-4.353422107118553458e-02
-8.901960199529474314e-08,-4.336624434500033903e-02
-8.927900863416266619e-08,-4.341176061919245488e-02
-8.953989635814318513e-08,-4.374771407156283903e-02
-8.951096101240677358e-08,-4.376324740323157825e-02
-8.968031045162316349e-08,-4.347317146532467952e-02
-8.993819988135134901e-08,-4.344246604225856373e-02
-9.015487179611666938e-08,-4.356456525398027385e-02
-8.999617894490559706e-08,-4.324414513327862891e-02
-9.590444420323226020e-08,-4.573128440163356373e-02
-9.440757289077296428e-08,-4.602136033954046940e-02
-9.492024508389559021e-08,-4.596031073367961434e-02
-9.450062838467684407e-08,-4.559437433878585355e-02
-9.459216666944098633e-08,-4.576198982469967952e-02
-9.499198740178887451e-08,-4.576198982469967952e-02
-9.498584631717565432e-08,-4.585338361335527385e-02
-9.473868572350702999e-08,-4.559437433878585355e-02
-9.492638616850881039e-08,-4.576198982469967952e-02
-9.472799301147461045e-08,-4.565506270437533903e-02
-9.458606170885489456e-08,-4.554813558405100549e-02
-9.466235565416739145e-08,-4.544156970399803458e-02
-9.490655407761081079e-08,-4.580750609889179537e-02
-1.000640898039846621e-07,-4.785248727509473776e-02
-9.878385428226354488e-08,-4.853920503096151307e-02
-9.836423758304479874e-08,-4.800493066961119409e-02
-9.836423758304479874e-08,-4.823395700165723776e-02
-9.826959263194689813e-08,-4.829536784778946240e-02
-9.818719372604832270e-08,-4.853920503096151307e-02
-9.825889991991446535e-08,-4.835605621337894788e-02
-9.799645886276706724e-08,-4.849332751649803458e-02
-9.781334616921164107e-08,-4.846298333370328837e-02
-9.766231161175351324e-08,-4.829536784778946240e-02
-9.715877879749645414e-08,-4.831017869891546940e-02
-9.717705755522756133e-08,-4.823395700165723776e-02
-1.024383776115648668e-07,-5.064487457275394788e-02
-1.004074125578909246e-07,-5.059899705829046940e-02
-1.004760482094504637e-07,-5.072109627001217952e-02
-1.001189983252323067e-07,-5.072109627001217952e-02
-9.975432627128832027e-08,-5.072109627001217952e-02
-9.971917759288440524e-08,-5.064487457275394788e-02
-9.986876718925706561e-08,-5.067521875554869409e-02
-9.957728241429183099e-08,-5.076661254420429537e-02
-9.969631108370693057e-08,-5.084283424146252006e-02
-9.959711450518983060e-08,-5.050760326963486813e-02
-9.944304552945222770e-08,-5.050760326963486813e-02
-9.936368104183311410e-08,-5.087353966452862891e-02
-1.042099721503980277e-07,-5.272019993175164343e-02
-1.030746662255489466e-07,-5.293369293212894788e-02
-1.029495325955477552e-07,-5.281159372040723776e-02
-1.031860727252382036e-07,-5.308613632664540422e-02
-1.036331436850807919e-07,-5.288781541766546940e-02
-1.049408695914528532e-07,-5.299474253798980294e-02
-1.066682121970436738e-07,-5.304062005245328837e-02
-1.084687059575861046e-07,-5.304062005245328837e-02
-1.098390348029859098e-07,-5.293369293212894788e-02
-1.114534175757205810e-07,-5.319306344696973776e-02
-1.125611969918915764e-07,-5.297920920632106373e-02
-1.144075682668974834e-07,-5.282676581180461434e-02
-1.250736207673044062e-07,-5.471894235321973776e-02
-1.346455487337979317e-07,-5.506970665671612891e-02
-1.324070872682513643e-07,-5.532943841182828837e-02
-1.245501836140950377e-07,-5.511594541145097698e-02
-1.188799395705714321e-07,-5.513111750284835355e-02
-1.154512636589281522e-07,-5.490209117080230294e-02
-1.135042508443196513e-07,-5.499348495945790422e-02
-1.118059158325195255e-07,-5.525285547429869409e-02
-1.102311972415808403e-07,-5.519216710870920861e-02
-1.090622959714947233e-07,-5.552739808053686055e-02
-1.069779396057128872e-07,-5.505489580559012192e-02
-1.059449008016875228e-07,-5.540566010908651307e-02
-1.093949260133685530e-07,-5.749615755948157825e-02
-1.072404167868874270e-07,-5.793903813217629595e-02
-1.047684134859027314e-07,-5.766377304539540422e-02
-1.027878414500843230e-07,-5.751132965087894788e-02
-1.018768657337535465e-07,-5.795384898330230294e-02
-1.004958803003484369e-07,-5.801525982943452758e-02
-9.923395966038558175e-08,-5.792314356023619409e-02
-9.816891496831720227e-08,-5.789279937744144788e-02
-9.673302101366446135e-08,-5.777070016571973776e-02
-9.624169812057957256e-08,-5.787762728604407825e-02
-9.548482750401351406e-08,-5.796902107469967952e-02
-9.485157330830890938e-08,-5.763379010287202758e-02
-9.404134750366211196e-08,-5.789279937744144788e-02
-9.824520891362969917e-08,-5.998329682783651307e-02
-9.703516237663500032e-08,-6.034959446300164343e-02
-9.635920958085493461e-08,-6.047169367472335355e-02
-9.581445925163499712e-08,-6.031888903993553458e-02
-9.496908476858427143e-08,-6.018161773681644788e-02
-9.424580949725526202e-08,-6.073106418956414343e-02
-9.259627804611667579e-08,-6.034959446300164343e-02
-9.191118587147105647e-08,-6.028854485714078837e-02
-9.101242007631243697e-08,-6.092938509854407825e-02
-9.048443129568388238e-08,-6.056308746337894788e-02
-8.952165372443920635e-08,-6.042581616025986813e-02
-8.896006959857361591e-08,-6.004434643369736813e-02
-9.342333764740913941e-08,-6.228764851888025228e-02
-9.214613654396751050e-08,-6.274533994270098392e-02
-9.152205785115558783e-08,-6.276051203409835355e-02
-9.114976362748578538e-08,-6.286743915442269404e-02
-9.048295021057128650e-08,-6.247043609619144788e-02
-8.989546515724875956e-08,-6.236387021613847698e-02
-8.999921336318507212e-08,-6.277604536576708583e-02
-8.933698769771690101e-08,-6.269982366850886113e-02
-8.903329300157950932e-08,-6.288225000554870103e-02
-8.851755026615026669e-08,-6.295883294307828837e-02
-8.803077900048457725e-08,-6.291295542861480294e-02
-8.765693144364789563e-08,-6.276051203409835355e-02
-9.239640380396986673e-08,-6.497310869621512885e-02
-9.118791060014204707e-08,-6.504933039347335355e-02
-9.064008972861549287e-08,-6.492723118175164343e-02
-9.079726537068684089e-08,-6.498864202788386113e-02
-9.038982246861312341e-08,-6.498864202788386113e-02
-9.023268295056891704e-08,-6.508003581653945546e-02
-8.958266720627292946e-08,-6.503415830207598392e-02
-8.966354890303178059e-08,-6.526318463412202064e-02
-8.902874137416029673e-08,-6.500345287900986813e-02
-8.895699905626699920e-08,-6.518696293686379595e-02
-8.870373350201230956e-08,-6.503415830207598392e-02
-8.881055225025523883e-08,-6.512555209073157825e-02
-9.282216158780184628e-08,-6.672765269423980294e-02
-9.232162706779710737e-08,-6.695667902628585355e-02
-9.232469761010371084e-08,-6.724675496419274534e-02
-9.181502371123341833e-08,-6.706360614661019404e-02
-9.164719148115677918e-08,-6.749059214736480294e-02
-9.147170095732716908e-08,-6.767374096494736813e-02
-9.122298703049167880e-08,-6.793347272005952064e-02
-9.099262410944157901e-08,-6.745988672429870103e-02
-9.131911306670217530e-08,-6.755200299349702064e-02
-9.084303451306891864e-08,-6.761269135908651307e-02
-9.037764867146809476e-08,-6.730744332978223776e-02
-9.010910265373460487e-08,-6.749059214736480294e-02
-8.995189088763611520e-08,-6.756681384462302764e-02
-9.461199876033897270e-08,-6.953557332356774534e-02
-9.408408222776470141e-08,-6.985563220399802764e-02
-9.409477493979713418e-08,-6.990150971846151307e-02
-9.385364705866033155e-08,-7.017641356497104910e-02
-9.342637206568862770e-08,-6.999326474738848392e-02
-9.309981086037376135e-08,-6.970318880948157825e-02
-9.312426682674523037e-08,-6.994774847319636113e-02
-9.283278205178000899e-08,-6.996255932432236813e-02
-9.267871307604239286e-08,-6.990150971846151307e-02
-9.234452970100171045e-08,-6.984082135287202064e-02
-9.242082364631420734e-08,-6.987152677593813643e-02
-9.208967468955298675e-08,-6.973389423254769404e-02
-9.716333042491565350e-08,-7.203824592359142631e-02
-9.644312569589324756e-08,-7.216034513531313643e-02
-9.581901087905420971e-08,-7.231278852982958583e-02
-9.609059131506717466e-08,-7.193131880326708583e-02
-9.591513691526469297e-08,-7.238901022708781052e-02
-9.559775121284253510e-08,-7.212963971224702064e-02
-9.657281095331365150e-08,-7.216034513531313643e-02
-9.551838672522342150e-08,-7.229725519816085355e-02
-9.533679124080773287e-08,-7.238901022708781052e-02
-9.354847127741033075e-08,-7.220586140950524534e-02
-9.438770467584782303e-08,-7.214445056337302764e-02
-9.446862249663381581e-08,-7.217515598643914343e-02
-9.925686229359019806e-08,-7.406769376812563643e-02
-9.849392284046520268e-08,-7.438775264855591873e-02
-9.869686762491861521e-08,-7.457090146613848392e-02
-9.873042684612852265e-08,-7.435704722548980294e-02
-9.811552365620930846e-08,-7.432706428296642631e-02
-9.835657928929184103e-08,-7.466229525479407825e-02
-9.787287856593276830e-08,-7.429635885990031052e-02
-9.763944510257605180e-08,-7.447950767748287570e-02
-9.729305180636318585e-08,-7.437258055715854910e-02
-9.736934575167568274e-08,-7.469300067786019404e-02
-9.700156703139796447e-08,-7.449467976888024534e-02
-9.731591831554064728e-08,-7.435704722548980294e-02
-1.022460894151167454e-07,-7.699735236890392631e-02
-1.010970924839828849e-07,-7.714979576342037570e-02
-1.012985200592965863e-07,-7.731741124933420861e-02
-1.008392030542546861e-07,-7.713426243175164343e-02
-1.008362047600023659e-07,-7.748502673524802764e-02
-1.003967198458584785e-07,-7.754643758138024534e-02
-1.003997542641379668e-07,-7.789720188487664343e-02
-1.004531817002730023e-07,-7.743951046105591873e-02
-1.000518798828125050e-07,-7.739399418686379595e-02
-9.983213742574055469e-08,-7.736328876379769404e-02
-9.943997498714562423e-08,-7.740880503798980294e-02
-9.900204340616861601e-08,-7.698181903723519404e-02
-1.040848385203968231e-07,-7.995735515247695546e-02
-1.034378210703531690e-07,-8.021672566731774534e-02
-1.031571012554746637e-07,-8.006428227280129595e-02
-1.028030857895359816e-07,-8.017120939312563643e-02
-1.027328606807824216e-07,-8.027813651344997692e-02
-1.024627613298820526e-07,-8.010979854699341873e-02
-1.021499633789062489e-07,-8.050680160522465101e-02
-1.029602253075802012e-07,-8.029294736457598392e-02
-1.020874326879327883e-07,-8.027813651344997692e-02
-1.019607818487918726e-07,-8.030848069624471619e-02
-1.019134593732429157e-07,-8.039987448490031052e-02
-1.015029820528897232e-07,-8.036916906183420861e-02
-1.007721207358620394e-07,-8.024743109038386113e-02
-1.056107174266468271e-07,-8.241415023803715101e-02
-1.052673946727405779e-07,-8.276491454153354910e-02
-1.049576311400442361e-07,-8.267388199314930353e-02
-1.045059363047281784e-07,-8.265798742120920861e-02
-1.041168444084398646e-07,-8.252107735836149149e-02
-1.045440832773844268e-07,-8.261247114701708583e-02
-1.039383555903579079e-07,-8.256695487282497692e-02
-1.036346970182476578e-07,-8.244485566110326680e-02
-1.035126339305530832e-07,-8.247483860362664343e-02
-1.034714164155902313e-07,-8.250554402669274534e-02
-1.031021204861727490e-07,-8.238344481497104910e-02
-1.032898209311745427e-07,-8.258176572395098392e-02
-1.080140489520448551e-07,-8.451981977982958583e-02
-1.075272415623520241e-07,-8.483987866025986813e-02
-1.073045008110277536e-07,-8.450464768843221619e-02
-1.071320447054776185e-07,-8.493199492945820162e-02
-1.067231207182913052e-07,-8.476365696300164343e-02
-1.071594989661014342e-07,-8.499268329504769404e-02
-1.066346168518066380e-07,-8.448911435676348392e-02
-1.064087694341486091e-07,-8.477919029467037570e-02
-1.064698190400094739e-07,-8.474884611187563643e-02
-1.063263344042228788e-07,-8.474884611187563643e-02
-1.063828323826645310e-07,-8.491646159778945546e-02
-1.065140348492246592e-07,-8.493199492945820162e-02
-1.112718582153320340e-07,-8.696108153372104910e-02
-1.111299630367394598e-07,-8.770921013572004210e-02
-1.108094706679835436e-07,-8.755640550093221619e-02
-1.109254287950920132e-07,-8.735844583222364401e-02
-1.108994917436079615e-07,-8.769367680405129595e-02
-1.106095603018095929e-07,-8.732774040915754210e-02
-1.106919953317353232e-07,-8.754087216926348392e-02
-1.107408350164240044e-07,-8.734255126028354910e-02
-1.105424418593897912e-07,-8.717493577436971619e-02
-1.111238219521262396e-07,-8.754087216926348392e-02
-1.108658963983708992e-07,-8.735844583222364401e-02
-1.115953127543131420e-07,-8.722081328883320162e-02
-1.165102033904104532e-07,-8.950963164820820162e-02
-1.162951209328391404e-07,-8.984522386030721619e-02
-1.164248061902595179e-07,-8.982969052863848392e-02
-1.164552948691628218e-07,-8.976900216304899149e-02
-1.165407643173680140e-07,-8.992180679783680353e-02
-1.167559190229936100e-07,-8.984522386030721619e-02
-1.168383540529193404e-07,-8.984522386030721619e-02
-1.175097552212801802e-07,-8.986039595170458583e-02
-1.174273201913544632e-07,-8.992180679783680353e-02
-1.178301753419818396e-07,-8.998249516342629595e-02
-1.180926525231563662e-07,-8.975346883138024534e-02
-1.182345477017489272e-07,-8.999802849509504210e-02
-1.234866922551935242e-07,-9.170705621892760728e-02
-1.238773374846487436e-07,-9.175257249311971619e-02
-1.238773374846487436e-07,-9.214921431107958583e-02
-1.243091641050396468e-07,-9.205782052242399149e-02
-1.239826028997247937e-07,-9.179845000758320162e-02
-1.244449904470732709e-07,-9.188984379623879595e-02
-1.249133745829264150e-07,-9.216474764274833198e-02
-1.247974164558179454e-07,-9.178327791618583198e-02
-1.250674796826911728e-07,-9.205782052242399149e-02
-1.253619627519087408e-07,-9.199677091656313643e-02
-1.252414529973810321e-07,-9.210369803688747692e-02
-1.258792588205048494e-07,-9.207299261382136113e-02
-1.259418256355054517e-07,-9.208852594549010728e-02
-1.311802430586381276e-07,-9.385824203491215101e-02
-1.322102113203568754e-07,-9.448427142518943389e-02
-1.317036079637931863e-07,-9.449944351658680353e-02
-1.317265105969978159e-07,-9.431593345873287570e-02
-1.320134076205166698e-07,-9.413278464115031052e-02
-1.319295276295054852e-07,-9.419419548728254210e-02
-1.318501270178592565e-07,-9.427041718454076680e-02
-1.325153871016068894e-07,-9.425524509314339716e-02
-1.325246348525538547e-07,-9.431593345873287570e-02
-1.325108354741876768e-07,-9.430112260760686871e-02
-1.324848984227035987e-07,-9.440804972793120919e-02
-1.328144940462979269e-07,-9.454495979077892631e-02
-1.386235988501346317e-07,-9.663545724117399149e-02
-1.382207436995072817e-07,-9.741356878569636113e-02
-1.385992512558445744e-07,-9.713902617945820162e-02
-1.383046959385727230e-07,-9.704763239080260728e-02
-1.386662974502101059e-07,-9.729146957397465101e-02
-1.390966068614612716e-07,-9.707833781386870919e-02
-1.387686006950609643e-07,-9.665062933257136113e-02
-1.387258298469312332e-07,-9.701692696773649149e-02
-1.390752936854506894e-07,-9.697141069354436871e-02
-1.385000546773274744e-07,-9.672685102982958583e-02
-1.390264540007620081e-07,-9.703209905913386113e-02
-1.389379501342773542e-07,-9.681860605875655668e-02
-1.444236003991329378e-07,-9.921435153845589716e-02
-1.445501789902195701e-07,-9.954958251028354910e-02
-1.443289554480350239e-07,-9.973309256813747692e-02
-1.441672643025716050e-07,-9.945854996189930353e-02
-1.439047871213970652e-07,-9.938196702436971619e-02
-1.444144248962402293e-07,-9.964169877948186871e-02
-1.440604094303015340e-07,-9.947336081302531052e-02
-1.442770813450668676e-07,-9.967240420254798450e-02
-1.441275278727213489e-07,-9.954958251028354910e-02
-1.443747607144442301e-07,-9.938196702436971619e-02
-1.442206556146794988e-07,-9.965650963060787570e-02
-1.445730816234241732e-07,-9.950406623609142631e-02
-1.500693523522579460e-07,-1.017928845954664263e-01
-1.503944685964873184e-07,-1.026320457458496510e-01
-1.496315291433623230e-07,-1.017777125040690567e-01
-1.498969684947620545e-07,-1.018542954415986440e-01
-1.497428633949973497e-07,-1.017473683212743035e-01
-1.499396670948375288e-07,-1.021743543220289263e-01
-1.497443806041370607e-07,-1.017014908068108320e-01
-1.498206745494495576e-07,-1.019612225619229845e-01
-1.500877033580433100e-07,-1.020374442591812092e-01
-1.497428633949973497e-07,-1.018235900185325421e-01
-1.502433256669478053e-07,-1.021743543220289263e-01
-1.496772621617172723e-07,-1.019760334130489915e-01
-1.555138212261777928e-07,-1.039903091661858320e-01
-1.558327241377397014e-07,-1.045245835275361440e-01
-1.553490234143806155e-07,-1.041431138009736440e-01
-1.556115005955551552e-07,-1.042803851040927238e-01
-1.550255688753994943e-07,-1.041579246520996510e-01
-1.552330652872721194e-07,-1.040210145892519339e-01
-1.550392960057114153e-07,-1.040665308634440567e-01
-1.553475062052408780e-07,-1.041886300751657668e-01
-1.548134485880533732e-07,-1.042500409212979845e-01
-1.550851012721205950e-07,-1.042955571954900934e-01
-1.549752119815710755e-07,-1.041734579837683972e-01
-1.548119313789136357e-07,-1.042955571954900934e-01
-1.549141623757102372e-07,-1.042955571954900934e-01
-1.603860855102538997e-07,-1.064012267372825421e-01
-1.604943853436094249e-07,-1.067064747665868035e-01
-1.604959025527491624e-07,-1.067519910407789263e-01
-1.602655035076719342e-07,-1.065995476462624769e-01
-1.602548107956395147e-07,-1.066605972521233320e-01
-1.599557760990027076e-07,-1.066605972521233320e-01
-1.598122914632161390e-07,-1.065995476462624769e-01
-1.600289633779814726e-07,-1.064319321603486440e-01
-1.594415144486860741e-07,-1.065843755548650934e-01
-1.599999919082179194e-07,-1.065081538576068687e-01
-1.593377662427497615e-07,-1.066298918290572162e-01
-1.593254840735233211e-07,-1.064319321603486440e-01
-1.653314648252544884e-07,-1.088424884911739915e-01
-1.652368198741566010e-07,-1.091939752752131149e-01
-1.651499054648659414e-07,-1.088731939142400934e-01
-1.654047243522875367e-07,-1.091022202462861440e-01
-1.656213962670528438e-07,-1.090563427318226586e-01
-1.652429609587698344e-07,-1.090563427318226586e-01
-1.651285200408010758e-07,-1.089187101884322162e-01
-1.649790388165098139e-07,-1.092091473666104845e-01
-1.649591706015846859e-07,-1.091784419435443687e-01
-1.652322682467373884e-07,-1.091022202462861440e-01
-1.646235061414314076e-07,-1.090715148232200421e-01
-1.646631703232273804e-07,-1.091177535779548902e-01
-1.698497136433919265e-07,-1.112537673025420643e-01
-1.701853781035452048e-07,-1.114065719373298902e-01
-1.701686165549538351e-07,-1.114520882115219991e-01
-1.700190630826082899e-07,-1.112996448170055497e-01
-1.696909846681536993e-07,-1.112841114853368035e-01
-1.696269006440133859e-07,-1.111313068505489915e-01
-1.697764541163588782e-07,-1.114520882115219991e-01
-1.697489276076808057e-07,-1.116048928463098250e-01
-1.693552479599461377e-07,-1.114065719373298902e-01
-1.702021396521366009e-07,-1.114827936345881149e-01
-1.699213837132309275e-07,-1.112537673025420643e-01
-1.693919499715169187e-07,-1.112234231197473250e-01
-1.747752969915216439e-07,-1.131455826036858320e-01
-1.750483946366743729e-07,-1.134963469071822162e-01
-1.749874172788677649e-07,-1.135729298447118035e-01
-1.746700315764455938e-07,-1.135577577533144339e-01
-1.746059475523052805e-07,-1.134663639646588396e-01
-1.748500737276944033e-07,-1.138171282681552238e-01
-1.744259054010564446e-07,-1.132676818154075421e-01
-1.746302951465953378e-07,-1.134508306329900934e-01
-1.743098750258936916e-07,-1.137867840853604845e-01
-1.740031820355039665e-07,-1.133594368443344991e-01
-1.744319742376153947e-07,-1.137560786622943687e-01
-1.743998961015181096e-07,-1.137560786622943687e-01
-1.801678195144191041e-07,-1.159842086560798902e-01
-1.801372585874615301e-07,-1.161673574736624553e-01
-1.793178934039491394e-07,-1.158158706896233320e-01
-1.794063972704338198e-07,-1.160448970216693687e-01
-1.792202862826260602e-07,-1.156634272951068687e-01
-1.796306552308978411e-07,-1.161673574736624553e-01
-1.794246760281649535e-07,-1.161518241419937092e-01
-1.793026490644975073e-07,-1.161366520505963396e-01
-1.795193209792628409e-07,-1.162735621134440567e-01
-1.793194106130889034e-07,-1.161211187189275934e-01
-1.795407064033277064e-07,-1.162735621134440567e-01
-1.792400822494969314e-07,-1.164570721712979845e-01
-1.804211211927009354e-07,-1.159227978099476586e-01
-1.848736965295040394e-07,-1.183037324385209921e-01
-1.852917960195830215e-07,-1.188676285021233320e-01
-1.848462422688801972e-07,-1.186852021650834921e-01
-1.848218224265358566e-07,-1.190359664685798902e-01
-1.845258221481785775e-07,-1.190052610455137744e-01
-1.848905303261496923e-07,-1.191428935889042168e-01
-1.844617381240382377e-07,-1.190507773197058972e-01
-1.856854756673176895e-07,-1.188069401365338396e-01
-1.843441905397357208e-07,-1.188528176509973250e-01
-1.842572038823908044e-07,-1.189138672568581800e-01
-1.840435663859049458e-07,-1.190359664685798902e-01
-1.842816959727894018e-07,-1.187307184392756149e-01
-1.899916041981090066e-07,-1.210347088900479845e-01
-1.897627223621715160e-07,-1.213854731935443687e-01
-1.895200411478678209e-07,-1.213703011021469991e-01
-1.892286647449840113e-07,-1.215079336455374553e-01
-1.896070278052127638e-07,-1.217062545545173902e-01
-1.891919627334132303e-07,-1.215841553427956800e-01
-1.892698461359197215e-07,-1.217824762517756149e-01
-1.893399989966190115e-07,-1.215231057369348250e-01
-1.891356092510801182e-07,-1.214465227994052238e-01
-1.892713633450594855e-07,-1.215993274341930497e-01
-1.887250958066997973e-07,-1.212633739818226586e-01
-1.894743081295128981e-07,-1.216141382853190567e-01
-1.947645996556137568e-07,-1.235984310959325067e-01
-1.948622790249911192e-07,-1.239950729138923902e-01
-1.948286836797540701e-07,-1.240098837650183972e-01
-1.949416073885830912e-07,-1.240257783369584921e-01
-1.948149565494421755e-07,-1.241327054572828326e-01
-1.942397175413189341e-07,-1.238881457935680497e-01
-1.944334868228796646e-07,-1.237812186732437092e-01
-1.949827887795188279e-07,-1.239336620677601586e-01
-1.940733302723277624e-07,-1.239643674908262744e-01
-1.939940019087357904e-07,-1.239336620677601586e-01
-1.938643166513153997e-07,-1.238422682791045643e-01
-1.940855401934999195e-07,-1.239491953994289047e-01
-2.000259197119510358e-07,-1.262076695760091516e-01
-1.998626391092935960e-07,-1.264363346677838396e-01
-1.993590701710094085e-07,-1.260241595181552376e-01
-1.995925758824203951e-07,-1.266346555767637605e-01
-1.994644078341397154e-07,-1.261462587298769478e-01
-1.992934689377293576e-07,-1.263752850619229706e-01
-1.992385604164817263e-07,-1.259938153353604706e-01
-1.995239402308608427e-07,-1.260855703642874415e-01
-1.995696732492157920e-07,-1.263449408791282313e-01
-1.996352744824958429e-07,-1.266039501536976586e-01
-1.994751005461721614e-07,-1.262531858502012605e-01
-1.992491808804598625e-07,-1.263145966963334921e-01
-2.048538959387576741e-07,-1.281605344830137605e-01
-2.052643371350837382e-07,-1.285875204837683972e-01
-2.050690506443832966e-07,-1.289390072678075205e-01
-2.061493757999304631e-07,-1.285575375412450205e-01
-2.055557857860218312e-07,-1.288013747244170781e-01
-2.050431135928992185e-07,-1.289390072678075205e-01
-2.052842053500088927e-07,-1.287865638732910711e-01
-2.050110354568019069e-07,-1.290759173306552376e-01
-2.047515926939068422e-07,-1.291217948451187092e-01
-2.046463995268850490e-07,-1.289234739361387605e-01
-2.043335654518820905e-07,-1.289541793592048902e-01
-2.043808156793767509e-07,-1.287103421760328326e-01
-2.041657332218054645e-07,-1.285112987865101586e-01
-2.102296569130637117e-07,-1.308001171458851586e-01
-2.099168228380607797e-07,-1.310598489009973111e-01
-2.097809964960271555e-07,-1.308308225689512605e-01
-2.096131642659505296e-07,-1.306632070830374415e-01
-2.096772482900908165e-07,-1.309832659634677376e-01
-2.094896200931433459e-07,-1.308922334150834921e-01
-2.098924029957164655e-07,-1.309070442662094991e-01
-2.097489906079841273e-07,-1.310139713865338396e-01
-2.099976684107924891e-07,-1.309991605354078326e-01
-2.098084507566509712e-07,-1.309532830209443610e-01
-2.099884929078998071e-07,-1.311360705982555497e-01
-2.094925822633685641e-07,-1.308615279920173902e-01
-2.152025627367424258e-07,-1.326619495045055497e-01
-2.149904424493962783e-07,-1.329975417166045781e-01
-2.143419439142400415e-07,-1.328450983220881010e-01
-2.146349097743178720e-07,-1.330434192310680497e-01
-2.150957801125266117e-07,-1.329975417166045781e-01
-2.153673605485396031e-07,-1.333027897459088396e-01
-2.147264480590820275e-07,-1.330134362885446730e-01
-2.147386579802542110e-07,-1.329975417166045781e-01
-2.147692189072117586e-07,-1.330589525627367820e-01
-2.144945318048650353e-07,-1.333949060151071730e-01
-2.140657396027536071e-07,-1.331658796830611224e-01
-2.147874976649428658e-07,-1.332879788947828326e-01
-2.201159361636999861e-07,-1.352560158931848111e-01
-2.207476731502648533e-07,-1.357747569228663909e-01
-2.203982093117453706e-07,-1.357292406486742820e-01
-2.200762719819040134e-07,-1.357899290142637605e-01
-2.199694893576881728e-07,-1.357899290142637605e-01
-2.202181671604965876e-07,-1.357899290142637605e-01
-2.198825027003432564e-07,-1.357444127400716516e-01
-2.203509590842506838e-07,-1.356530189514160711e-01
-2.205874992139411719e-07,-1.358661507115219991e-01
-2.202105811147978471e-07,-1.357137073170055497e-01
-2.202227910359700571e-07,-1.360037832549124415e-01
-2.198656689036976034e-07,-1.358206344373298902e-01
-2.257999073375354864e-07,-1.382470853400953326e-01
-2.259769150705048472e-07,-1.383839954029430497e-01
-2.260623845187100526e-07,-1.382774295228900718e-01
-2.261920697761304168e-07,-1.384147008260091516e-01
-2.259448369344075621e-07,-1.383839954029430497e-01
-2.257419643980084064e-07,-1.380942807053075205e-01
-2.260058865402684004e-07,-1.385371612780022244e-01
-2.257876974163633293e-07,-1.383688233115456800e-01
-2.251056035359700699e-07,-1.380332310994466516e-01
-2.255359129472212355e-07,-1.382774295228900718e-01
-2.248843799937854972e-07,-1.382774295228900718e-01
-2.250674565633138082e-07,-1.385371612780022244e-01
-2.307698509909889557e-07,-1.405051982764042307e-01
-2.309941089514529770e-07,-1.406883470939867820e-01
-2.309131911306669842e-07,-1.404289765791459921e-01
-2.312047120296593869e-07,-1.408259796373772244e-01
-2.312214735782507831e-07,-1.406883470939867820e-01
-2.310383247606682153e-07,-1.406576416709206800e-01
-2.305684234156753072e-07,-1.407035191853841516e-01
-2.305546240373091293e-07,-1.408714959115693610e-01
-2.306797576673103074e-07,-1.408407904885032313e-01
-2.309956261605927145e-07,-1.408407904885032313e-01
-2.309010534575491104e-07,-1.407645687912450205e-01
-2.307301145611387262e-07,-1.407035191853841516e-01
-2.305332386132442373e-07,-1.407952742143111224e-01
-2.360113028324011597e-07,-1.428095499674479629e-01
-2.365377021558356935e-07,-1.431296088478782313e-01
-2.363073031107584388e-07,-1.429923375447591516e-01
-2.372014450304436153e-07,-1.431754863623417307e-01
-2.365086584380178834e-07,-1.432824134826660711e-01
-2.364369883681788560e-07,-1.433893406029903839e-01
-2.352956136067708512e-07,-1.430685592420173902e-01
-2.360265471718527918e-07,-1.431447809392756010e-01
-2.360769040656812106e-07,-1.430078708764278839e-01
-2.366170305194276919e-07,-1.432210026365338396e-01
-2.362783316409949120e-07,-1.431603142709443610e-01
-2.362294919563062044e-07,-1.431296088478782313e-01
-2.418356519756895231e-07,-1.449459249323065135e-01
-2.416738885821718208e-07,-1.453729109330611224e-01
-2.419058770844430434e-07,-1.454950101447828326e-01
-2.422674785960803998e-07,-1.455712318420410711e-01
-2.425162286469430715e-07,-1.454798380533854629e-01
-2.424399347016305481e-07,-1.454798380533854629e-01
-2.417074839274088435e-07,-1.454491326303193610e-01
-2.422552686749082692e-07,-1.454643047217167307e-01
-2.415655165007620124e-07,-1.454036163561272244e-01
-2.415960774277195600e-07,-1.454036163561272244e-01
-2.416922395879571849e-07,-1.454036163561272244e-01
-2.421652475992838248e-07,-1.454798380533854629e-01
-2.478354916428074569e-07,-1.475548021721117820e-01
-2.479377226396040319e-07,-1.480431990189986224e-01
-2.480674801450787324e-07,-1.481046098651308540e-01
-2.478263161399147484e-07,-1.479976827448065135e-01
-2.476767626675692297e-07,-1.481345928076542307e-01
-2.475852243828051007e-07,-1.481808315623890648e-01
-2.470938653656930438e-07,-1.480887152931907313e-01
-2.472678386803829296e-07,-1.478907556244821730e-01
-2.473837968074914257e-07,-1.478448781100186737e-01
-2.470115025838216232e-07,-1.478448781100186737e-01
-2.474158749435887108e-07,-1.478600502014160711e-01
-2.474769245494495755e-07,-1.477379509896943610e-01
-2.535606442075787204e-07,-1.497673988342285711e-01
-2.537010944250858139e-07,-1.502706065322413909e-01
-2.534508271650834577e-07,-1.504082390756318610e-01
-2.539314212221087853e-07,-1.503013119553075205e-01
-2.532936153989849680e-07,-1.503775336525657313e-01
-2.528786225752397178e-07,-1.502557956811153839e-01
-2.538536823157108077e-07,-1.504541165900953326e-01
-2.539772264885179914e-07,-1.503775336525657313e-01
-2.532707850138346218e-07,-1.503627228014397244e-01
-2.534797986348470373e-07,-1.503013119553075205e-01
-2.534309589501583032e-07,-1.502250902580492820e-01
-2.533363862471146991e-07,-1.503775336525657313e-01
-2.593789245143080807e-07,-1.521783164053252813e-01
-2.593774073051683432e-07,-1.528802062525894123e-01
-2.597878485014944338e-07,-1.526818853436094636e-01
-2.600076270825935257e-07,-1.527888124639338041e-01
-2.598245505130652148e-07,-1.522852435256495940e-01
-2.594888138048576796e-07,-1.525142698576956446e-01
-2.594125198595451563e-07,-1.524225148287686737e-01
-2.592019167813387728e-07,-1.522545381025834921e-01
-2.593270504113399244e-07,-1.524683923432321730e-01
-2.590829242359508546e-07,-1.524380481604374338e-01
-2.594185886961041064e-07,-1.526818853436094636e-01
-2.593179471565014992e-07,-1.526515411608147244e-01
-2.590798175696170433e-07,-1.525142698576956446e-01
-2.648798191186153229e-07,-1.547875548854019123e-01
-2.653177145755652556e-07,-1.550165812174479629e-01
-2.655619129990086617e-07,-1.554132230354078326e-01
-2.656214453957297360e-07,-1.552759517322887528e-01
-2.653086113207268305e-07,-1.555811997615930142e-01
-2.654841018445564008e-07,-1.553673455209443610e-01
-2.649774984879927383e-07,-1.549403595201897244e-01
-2.650903499487674231e-07,-1.550317533088453326e-01
-2.652139663696288901e-07,-1.552149021264278839e-01
-2.657266385627515028e-07,-1.554132230354078326e-01
-2.649332104307232167e-07,-1.549403595201897244e-01
-2.651361552151766822e-07,-1.553980509440104629e-01
-2.713984720634691558e-07,-1.579921173326897244e-01
-2.719645355686997152e-07,-1.581293886358088041e-01
-2.716304605657403783e-07,-1.581138553041400718e-01
-2.719538428566672162e-07,-1.582056103330670427e-01
-2.715694109598795665e-07,-1.579462398182262528e-01
-2.709849242008093597e-07,-1.580531669385505933e-01
-2.710094162912079572e-07,-1.579614119096236224e-01
-2.713923309788559753e-07,-1.580228227557558540e-01
-2.714610388784697051e-07,-1.580835111213453326e-01
-2.714915275573730223e-07,-1.580990444530140648e-01
-2.717585563659667747e-07,-1.580072894240870940e-01
-2.716884035052675377e-07,-1.581600940588749338e-01
-2.770519545584013917e-07,-1.598077109365752813e-01
-2.774394931215228528e-07,-1.598691217827074851e-01
-2.770366379708954498e-07,-1.599453434799657237e-01
-2.765193419022993412e-07,-1.598535884510387528e-01
-2.769634506919166848e-07,-1.599146380568995940e-01
-2.769863533251213144e-07,-1.600215651772239345e-01
-2.770107009194113982e-07,-1.598994659655022244e-01
-2.768138972195711661e-07,-1.598077109365752813e-01
-2.767269105622262497e-07,-1.597929000854492743e-01
-2.766979390924627229e-07,-1.599146380568995940e-01
-2.773952773123076145e-07,-1.600215651772239345e-01
-2.773769263065222505e-07,-1.596552675420588041e-01
-2.832944031917687637e-07,-1.618982083869703326e-01
-2.823834274754379607e-07,-1.623255556279963041e-01
-2.829434221441095171e-07,-1.622645060221354629e-01
-2.830929756164550887e-07,-1.621882843248772244e-01
-2.828289812261407585e-07,-1.620510130217581446e-01
-2.829846757830995636e-07,-1.622796781135328326e-01
-2.830929756164550887e-07,-1.622952114452015648e-01
-2.830166816711425654e-07,-1.623103835365989345e-01
-2.833447600855971825e-07,-1.622952114452015648e-01
-2.833019892374674514e-07,-1.622645060221354629e-01
-2.831829966920794802e-07,-1.621727509932084921e-01
-2.828182885141083654e-07,-1.622645060221354629e-01
-2.893659129287257250e-07,-1.642332655010801667e-01
-2.893842639345111420e-07,-1.643705368041992743e-01
-2.893293554132634577e-07,-1.644008809869940135e-01
-2.895032564798990602e-07,-1.644312251697887528e-01
-2.890454928080240789e-07,-1.643857088955966439e-01
-2.887937083388819851e-07,-1.643398313811331446e-01
-2.890150041291208146e-07,-1.643398313811331446e-01
-2.892683058074026459e-07,-1.643705368041992743e-01
-2.896512927431048943e-07,-1.646450794104374338e-01
-2.897520065307617318e-07,-1.646147352276426667e-01
-2.897886362942782295e-07,-1.645684964729078326e-01
-2.897077907215465465e-07,-1.645840298045765648e-01
-2.895002943096738684e-07,-1.647823507135565135e-01
-2.959639664852257867e-07,-1.669338977698124338e-01
-2.959105751731178928e-07,-1.669797752842759053e-01
-2.960357088031190974e-07,-1.671625628615870940e-01
-2.962096098697546999e-07,-1.673001954049775641e-01
-2.955749107129645881e-07,-1.668269706494880933e-01
-2.959182334668708638e-07,-1.672239737077193256e-01
-2.961531841393672781e-07,-1.671322186787923547e-01
-2.959959723732687884e-07,-1.672239737077193256e-01
-2.963454362117882976e-07,-1.672543178905140648e-01
-2.962904554424863829e-07,-1.671322186787923547e-01
-2.963392951271750642e-07,-1.673153674963749338e-01
-2.962127165360884054e-07,-1.671625628615870940e-01
-3.017761057073419665e-07,-1.686273921619762528e-01
-3.026062358509410866e-07,-1.692989378264456446e-01
-3.027771747473514444e-07,-1.693141099178430142e-01
-3.026870814236727696e-07,-1.693903316151012528e-01
-3.026733542933608485e-07,-1.691923719463926667e-01
-3.026352073207046133e-07,-1.693296432495117743e-01
-3.024444724574233314e-07,-1.693751595237038832e-01
-3.020370656793767688e-07,-1.693141099178430142e-01
-3.027526826569528469e-07,-1.691923719463926667e-01
-3.024108771121863087e-07,-1.693599874323065135e-01
-3.029922572049227571e-07,-1.691616665233265648e-01
-3.026977741357051626e-07,-1.694365703698360870e-01
-3.079621286103219697e-07,-1.709927934588808540e-01
-3.089997551657936619e-07,-1.717098553975423547e-01
-3.091401331352464721e-07,-1.714201406999068256e-01
-3.090821179476651354e-07,-1.711604089447946730e-01
-3.091737284804835477e-07,-1.713439190026485870e-01
-3.093919176043886188e-07,-1.715115344885624338e-01
-3.089783697417288228e-07,-1.713439190026485870e-01
-3.086151787728973926e-07,-1.714046073682380933e-01
-3.096192822311863985e-07,-1.714963623971650641e-01
-3.096543225375088753e-07,-1.714656569740989345e-01
-3.096940589673591313e-07,-1.715574120030259053e-01
-3.086106271454782330e-07,-1.714963623971650641e-01
-3.147478103637695549e-07,-1.733730056069114345e-01
-3.154039671926787362e-07,-1.741969946658973034e-01
-3.156358834468957284e-07,-1.741359450600364345e-01
-3.155870437622070472e-07,-1.735864986072887528e-01
-3.154161771138509197e-07,-1.738917466365930142e-01
-3.156984502618962777e-07,-1.738003528479374338e-01
-3.158678719491669510e-07,-1.740445512713808540e-01
-3.156832059224446721e-07,-1.738003528479374338e-01
-3.164339354543974575e-07,-1.742428721803607750e-01
-3.160967537851044681e-07,-1.740597233627782237e-01
-3.163469487970525410e-07,-1.741818225744999338e-01
-3.162005019910407807e-07,-1.738462303624009053e-01
-3.193072405728426768e-07,-1.764861742655436661e-01
-3.199389775594075440e-07,-1.767300114487157237e-01
-3.199404225204929982e-07,-1.765775680541992743e-01
-3.199313192656545730e-07,-1.770049152952252458e-01
-3.199038650050307838e-07,-1.769742098721591439e-01
-3.199404225204929982e-07,-1.771266532666755933e-01
-3.199404225204929982e-07,-1.768217664776426667e-01
-3.199435291868267566e-07,-1.765775680541992743e-01
-3.199313192656545730e-07,-1.767758889631791952e-01
-3.199542218988592026e-07,-1.769286935979670072e-01
-3.199206265536221800e-07,-1.767914222948479275e-01
-3.199602907354180998e-07,-1.768676439921061661e-01
-3.199420119776870190e-07,-1.768521106604374338e-01
-3.199129682598692090e-07,-1.786377213217995863e-01
-3.198672352415142332e-07,-1.792478561401367743e-01
-3.198733763261274666e-07,-1.792478561401367743e-01
-3.198763384963527113e-07,-1.790495352311568256e-01
-3.199022755478367630e-07,-1.790954127456202971e-01
-3.198687524506540237e-07,-1.791868065342759053e-01
-3.198915828358043699e-07,-1.793699553518584844e-01
-3.198794451626864168e-07,-1.791716344428785357e-01
-3.198901378747188628e-07,-1.790191910483620863e-01
-3.199175921353426520e-07,-1.794617103807854275e-01
-3.199343536839341010e-07,-1.790340018994880933e-01
-3.199496702714399900e-07,-1.791409290198124338e-01
-3.198809623718261543e-07,-1.814145752877900641e-01
-3.198657180323744957e-07,-1.815670186823065135e-01
-3.198626836140950736e-07,-1.816132574370413477e-01
-3.198488842357288692e-07,-1.814604528022535357e-01
-3.198672352415142332e-07,-1.814907969850482750e-01
-3.198168783476858145e-07,-1.813080094077370863e-01
-3.198534358631480818e-07,-1.812465985616048547e-01
-3.198352293534712314e-07,-1.813842311049952971e-01
-3.198626836140950736e-07,-1.813690590135979275e-01
-3.198397809808904440e-07,-1.815518465909091439e-01
-3.197741797476103667e-07,-1.821012930436568256e-01
-3.198046684265136839e-07,-1.815215024081143769e-01
-3.197634870355779207e-07,-1.831998247088808540e-01
-3.197222333965879271e-07,-1.836882215557676667e-01
-3.197161645600290299e-07,-1.834899006467877458e-01
-3.197115406845555340e-07,-1.836423440413041952e-01
-3.197161645600290299e-07,-1.838103207674893769e-01
-3.196902275085449253e-07,-1.835661223440459844e-01
-3.197039546388568464e-07,-1.839782974936745863e-01
-3.196749831690932667e-07,-1.837796153444232750e-01
-3.196947791359641379e-07,-1.837492711616285357e-01
-3.196535977450284276e-07,-1.836423440413041952e-01
-3.196932619268243474e-07,-1.835661223440459844e-01
-3.196765003782330042e-07,-1.836423440413041952e-01
-3.195910309300278253e-07,-1.857483748233680065e-01
-3.195711627151026708e-07,-1.864806088534268769e-01
-3.195834448843290847e-07,-1.861601887327252458e-01
-3.196338017781575564e-07,-1.860536228526722680e-01
-3.196108991449529269e-07,-1.863281654589104275e-01
-3.196032408512000089e-07,-1.862212383385860870e-01
-3.195834448843290847e-07,-1.858245965206262174e-01
-3.196184851906516145e-07,-1.861753608241226154e-01
-3.195879965117483503e-07,-1.862671158530495863e-01
-3.196291779026840605e-07,-1.862822879444469559e-01
-3.196215918569853729e-07,-1.859925732468114268e-01
-3.195773037997159042e-07,-1.856566197944410357e-01
-3.194887999332312503e-07,-1.883879574862393769e-01
-3.195528839573715901e-07,-1.884948846065637174e-01
-3.194887999332312503e-07,-1.886321559096827971e-01
-3.195468151208125870e-07,-1.882199807600541952e-01
-3.195208058212742521e-07,-1.885866396354906882e-01
-3.195071509390166143e-07,-1.884186629093055065e-01
-3.195269469058874855e-07,-1.886014504866166952e-01
-3.194994926452636963e-07,-1.884948846065637174e-01
-3.194964582269841683e-07,-1.884641791834976154e-01
-3.195208058212742521e-07,-1.884031295776367743e-01
-3.194903171423709349e-07,-1.885559342124245863e-01
-3.195162541938550395e-07,-1.884186629093055065e-01
-3.194887999332312503e-07,-1.887390830300071376e-01
-3.193758762244021763e-07,-1.904939882683031882e-01
-3.194185748244776770e-07,-1.903715278163101154e-01
-3.193911205638538349e-07,-1.905546766338926667e-01
-3.194094715696392519e-07,-1.905853820569587964e-01
-3.194185748244776770e-07,-1.904022332393762174e-01
-3.194079543604995143e-07,-1.907074812686805065e-01
-3.193911205638538349e-07,-1.905243324510979275e-01
-3.193911205638538349e-07,-1.907529975428726154e-01
-3.194156126542524853e-07,-1.907685308745413477e-01
-3.194185748244776770e-07,-1.907988750573360870e-01
-3.194049199422200922e-07,-1.906616037542170072e-01
-3.194094715696392519e-07,-1.910582455721768769e-01
-3.193057233637029393e-07,-1.926758795073538477e-01
-3.193117922002618894e-07,-1.932556701428962964e-01
-3.193148266185413645e-07,-1.932556701428962964e-01
-3.192705385612718959e-07,-1.935760902635979275e-01
-3.193057233637029393e-07,-1.934998685663397167e-01
-3.192797863122188347e-07,-1.933318918401545072e-01
-3.193193782459605771e-07,-1.931946205370354275e-01
-3.193041339065089185e-07,-1.935457460808031882e-01
-3.193010994882294434e-07,-1.933318918401545072e-01
-3.193133094094016270e-07,-1.934388189604788477e-01
-3.193315881671327606e-07,-1.933470639315518769e-01
-3.192492253852612871e-07,-1.937592390811805065e-01
-3.192354982549493661e-07,-1.957276373198538477e-01
-3.192202539154977604e-07,-1.963377721381910357e-01
-3.192659869338526833e-07,-1.961701566522772167e-01
-3.192019029097123434e-07,-1.962767225323301667e-01
-3.192171472491640020e-07,-1.963229612870650287e-01
-3.191836241519812627e-07,-1.964139938354492743e-01
-3.192400498823685787e-07,-1.958190311085094559e-01
-3.192507425944010247e-07,-1.960632295319528762e-01
-3.192095612034653144e-07,-1.958800807143702971e-01
-3.192217711246374979e-07,-1.960787628636216084e-01
-3.192110784126050519e-07,-1.961242791378137174e-01
-3.192446737578420745e-07,-1.964602325901841084e-01
-3.191546526822176831e-07,-1.981996044968114268e-01
-3.191103646249482144e-07,-1.986724680120295072e-01
-3.191378911336263399e-07,-1.984130974971887174e-01
-3.191103646249482144e-07,-1.985507300405791875e-01
-3.191821069428415252e-07,-1.988404447382147167e-01
-3.191133990432276895e-07,-1.987642230409564781e-01
-3.191454771793249746e-07,-1.988404447382147167e-01
-3.191805897337017347e-07,-1.988252726468173470e-01
-3.191805897337017347e-07,-1.987490509495591084e-01
-3.191653453942500761e-07,-1.987945672237512174e-01
-3.192080439943255769e-07,-1.987031734350956369e-01
-3.191866585702606848e-07,-1.988863222526781882e-01
-3.191896929885401599e-07,-1.986880013436982673e-01
-3.191179506706469021e-07,-2.005343003706498983e-01
-3.191118818340879520e-07,-2.011140910061923470e-01
-3.191027063311952435e-07,-2.010837468233975800e-01
-3.191393360947117412e-07,-2.010837468233975800e-01
-3.190768415277654222e-07,-2.008850646741462964e-01
-3.191210573369806075e-07,-2.010530414003314781e-01
-3.191133990432276895e-07,-2.011292630975897167e-01
-3.191286433826793481e-07,-2.013124119151722680e-01
-3.190981547037760309e-07,-2.011447964292584489e-01
-3.191271984215938409e-07,-2.009461142800071376e-01
-3.190890514489376057e-07,-2.008698925827489268e-01
-3.190920858672170808e-07,-2.008698925827489268e-01
-3.190874619917435849e-07,-2.011751406120531882e-01
-3.190600077311197957e-07,-2.009157700972123983e-01
-3.190234502156575813e-07,-2.009612863714045072e-01
-3.190523494373668247e-07,-2.012210181265166875e-01
-3.190539388945608455e-07,-2.009919917944706369e-01
-3.190859447826038473e-07,-2.008395483999541875e-01
-3.190798036979906139e-07,-2.011140910061923470e-01
-3.190523494373668247e-07,-2.010837468233975800e-01
-3.190493150190873497e-07,-2.007781375538219559e-01
-3.190432461825283995e-07,-2.010682134917288477e-01
-3.191256089643998730e-07,-1.993591857678962964e-01
-3.191225745461203450e-07,-1.987183455264930065e-01
-3.191744486490885013e-07,-1.988097393151485870e-01
-3.191393360947117412e-07,-1.988404447382147167e-01
-3.191515460158839247e-07,-1.985200246175130578e-01
-3.191317500490131064e-07,-1.986421238292347680e-01
-3.191332672581528440e-07,-1.988097393151485870e-01
-3.191332672581528440e-07,-1.986421238292347680e-01
-3.191790002765077668e-07,-1.988252726468173470e-01
-3.191592043096368427e-07,-1.988097393151485870e-01
-3.191698970216693417e-07,-1.987031734350956369e-01
-3.191683798125296041e-07,-1.983675812229966084e-01
-3.191973512822931309e-07,-1.985507300405791875e-01
-3.192019029097123434e-07,-1.964446992585153762e-01
-3.192584008881539956e-07,-1.962463783495354275e-01
-3.192492253852612871e-07,-1.961701566522772167e-01
-3.192614353064334707e-07,-1.960632295319528762e-01
-3.192812312733043419e-07,-1.959414915605025287e-01
-3.192751624367453388e-07,-1.961242791378137174e-01
-3.191958340731533933e-07,-1.960632295319528762e-01
-3.192461909669818121e-07,-1.960021799260920072e-01
-3.192385326732288411e-07,-1.962005008350719559e-01
-3.192430843006481067e-07,-1.961701566522772167e-01
-3.192339810458096815e-07,-1.961853287436745863e-01
-3.192721280184659167e-07,-1.964905767729788477e-01
-3.193286259969075689e-07,-1.939116824756969559e-01
-3.193789106426817043e-07,-1.932860143256910357e-01
-3.193315881671327606e-07,-1.930573492339163477e-01
-3.193606318849505706e-07,-1.930876934167110870e-01
-3.193651835123697832e-07,-1.930573492339163477e-01
-3.193728418061227542e-07,-1.933929414460153762e-01
-3.193606318849505706e-07,-1.930573492339163477e-01
-3.193362120426062565e-07,-1.935457460808031882e-01
-3.193667729695638041e-07,-1.932404980514989268e-01
-3.193621490940903082e-07,-1.934539910518762174e-01
-3.193468325065843663e-07,-1.933470639315518769e-01
-3.193468325065843663e-07,-1.930114717194528762e-01
-3.194537596269087205e-07,-1.911803447838985870e-01
-3.194399602485425161e-07,-1.909516796921239268e-01
-3.194506529605750151e-07,-1.909058021776604275e-01
-3.194919065995650086e-07,-1.907074812686805065e-01
-3.195101131092418590e-07,-1.906312595714222680e-01
-3.194903171423709349e-07,-1.909209742690577971e-01
-3.194185748244776770e-07,-1.907837029659387174e-01
-3.194842483058120377e-07,-1.906312595714222680e-01
-3.194583112543279331e-07,-1.909820238749186661e-01
-3.194796244303385418e-07,-1.909820238749186661e-01
-3.194552045879941747e-07,-1.905702099655614268e-01
-3.194430669148763274e-07,-1.907529975428726154e-01
-3.195330157424464356e-07,-1.889218706073183540e-01
-3.195421912453390912e-07,-1.888915264245235870e-01
-3.195818554271351168e-07,-1.887390830300071376e-01
-3.194887999332312503e-07,-1.884797125151663477e-01
-3.195575078328450860e-07,-1.886321559096827971e-01
-3.195635766694039832e-07,-1.882506861831202971e-01
-3.195254296967477480e-07,-1.884031295776367743e-01
-3.195437084544788816e-07,-1.886628613327489268e-01
-3.195605422511245081e-07,-1.885559342124245863e-01
-3.195696455059629333e-07,-1.886776721838749338e-01
-3.195482600818980942e-07,-1.887083776069410357e-01
-3.195635766694039832e-07,-1.887845993041992743e-01
-3.195864070545543294e-07,-1.888153047272653762e-01
-3.196429050329959287e-07,-1.864350925792347680e-01
-3.196444944901900024e-07,-1.861298445499305065e-01
-3.196459394512754567e-07,-1.859925732468114268e-01
-3.195940653483073004e-07,-1.862822879444469559e-01
-3.196306951118237981e-07,-1.864502646706321376e-01
-3.196551149541681122e-07,-1.863126321272416952e-01
-3.196231090661251104e-07,-1.863126321272416952e-01
-3.196719487508137916e-07,-1.863281654589104275e-01
-3.196581493724475873e-07,-1.863433375503077971e-01
-3.196276606935443230e-07,-1.862671158530495863e-01
-3.196688420844800333e-07,-1.863585096417051667e-01
-3.196352467392430106e-07,-1.864350925792347680e-01
-3.197421016115130816e-07,-1.841766184026545072e-01
-3.197695558721368708e-07,-1.839475920706084844e-01
-3.197741797476103667e-07,-1.837492711616285357e-01
-3.197848002115885294e-07,-1.839782974936745863e-01
-3.197970823808149962e-07,-1.839020757964163477e-01
-3.198152888904918466e-07,-1.838713703733502458e-01
-3.198259816025242926e-07,-1.839934695850719559e-01
-3.198245366414388384e-07,-1.836578773729729275e-01
-3.198229471842447646e-07,-1.837492711616285357e-01
-3.198397809808904440e-07,-1.838254928588867743e-01
-3.198275710597182605e-07,-1.836578773729729275e-01
-3.197650042447176582e-07,-1.839782974936745863e-01
-3.198886206655791252e-07,-1.819029721346768769e-01
-3.198809623718261543e-07,-1.813535256819291952e-01
-3.198717868689334458e-07,-1.816280682881673547e-01
-3.199191093444824424e-07,-1.817349954084916952e-01
-3.198977239204175504e-07,-1.814756248936509053e-01
-3.198763384963527113e-07,-1.814297473791874338e-01
-3.198717868689334458e-07,-1.815670186823065135e-01
-3.198748212872129209e-07,-1.819181442260742743e-01
-3.198779279535466792e-07,-1.814907969850482750e-01
-3.198657180323744957e-07,-1.817505287401604275e-01
-3.198839967901056293e-07,-1.816894791342995863e-01
-3.198610941569010527e-07,-1.816436016198360870e-01
-3.198931722929983378e-07,-1.796141537753018769e-01
-3.199313192656545730e-07,-1.793547832604610870e-01
-3.199587735262784152e-07,-1.792782003229315135e-01
-3.199313192656545730e-07,-1.790954127456202971e-01
-3.199587735262784152e-07,-1.790647073225541952e-01
-3.199206265536221800e-07,-1.790954127456202971e-01
-3.199633251536976278e-07,-1.792630282315341439e-01
-3.199450463959664941e-07,-1.790495352311568256e-01
-3.199923688715154378e-07,-1.790191910483620863e-01
-3.199664318200313332e-07,-1.791716344428785357e-01
-3.199969204989346504e-07,-1.792937336546002458e-01
-3.199572563171386776e-07,-1.795682762608384053e-01
-3.145219629461114599e-07,-1.770811369924834844e-01
-3.143022566130667041e-07,-1.770352594780199851e-01
-3.133271968725955613e-07,-1.768824548432321730e-01
-3.135148973175973682e-07,-1.767300114487157237e-01
-3.131898533214222261e-07,-1.769590377807617743e-01
-3.129075801733768151e-07,-1.768521106604374338e-01
-3.126725572528261175e-07,-1.763637138135505933e-01
-3.131975116151751970e-07,-1.769742098721591439e-01
-3.125520474982984088e-07,-1.766844951745235870e-01
-3.119050661722818831e-07,-1.765927401455966439e-01
-3.122209346655643166e-07,-1.768824548432321730e-01
-3.118669191996256479e-07,-1.770504315694173547e-01
-3.111908941557913121e-07,-1.769893819635565135e-01
-3.048492489439068401e-07,-1.746243419069232750e-01
-3.047501246134439705e-07,-1.741207729686390648e-01
-3.043503038810960955e-07,-1.739986737569173547e-01
-3.043060880718809102e-07,-1.740904287858443256e-01
-3.042755993929776459e-07,-1.740293791799834844e-01
-3.036239941914876243e-07,-1.738917466365930142e-01
-3.040374698060931900e-07,-1.742121667572946730e-01
-3.036682100007028096e-07,-1.742428721803607750e-01
-3.031250491286768797e-07,-1.739986737569173547e-01
-3.036453073674981801e-07,-1.741818225744999338e-01
-3.025664994210907776e-07,-1.739835016655199851e-01
-3.022827090639056820e-07,-1.738769357854670072e-01
-2.960722663185813118e-07,-1.718626600323301667e-01
-2.957595044916326366e-07,-1.716488057916815135e-01
-2.957488117796001906e-07,-1.717253887292110870e-01
-2.954848173892859133e-07,-1.717405608206084844e-01
-2.953460288770271239e-07,-1.716488057916815135e-01
-2.952544183442087116e-07,-1.718471267006614345e-01
-2.949553113995176212e-07,-1.716184616088867743e-01
-2.930158846306078344e-07,-1.714201406999068256e-01
-2.935880892204515743e-07,-1.714353127913041952e-01
-2.935637416261615435e-07,-1.716336337002841439e-01
-2.932051745328036091e-07,-1.715418786713571730e-01
-2.934111537355364967e-07,-1.715881174260920072e-01
-2.867779876246596750e-07,-1.698180400963985870e-01
-2.871732567295883903e-07,-1.695276029182203326e-01
-2.865216515280983686e-07,-1.693296432495117743e-01
-2.859601396502870747e-07,-1.695431362498890648e-01
-2.861707427284934052e-07,-1.696193579471473034e-01
-2.856305440266927201e-07,-1.695127920670943256e-01
-2.853528225060665217e-07,-1.696652354616107750e-01
-2.853497880877870466e-07,-1.697566292502663832e-01
-2.845975413466944708e-07,-1.698787284619880933e-01
-2.841672319354433316e-07,-1.694972587354255933e-01
-2.837308536876331364e-07,-1.694210370381673547e-01
-2.832440462979403450e-07,-1.692989378264456446e-01
-2.771480444705847863e-07,-1.676664930401426667e-01
-2.765545267047304376e-07,-1.673612450108384053e-01
-2.764339447021484456e-07,-1.669642419526071730e-01
-2.762309999176950331e-07,-1.670559969815341439e-01
-2.758953354575416754e-07,-1.673457116791696730e-01
-2.753856254346443074e-07,-1.672694899819114345e-01
-2.750758980259751073e-07,-1.671780961932558540e-01
-2.748866803718335629e-07,-1.671932682846532237e-01
-2.747752738721442793e-07,-1.672694899819114345e-01
-2.739009279193300269e-07,-1.670101194670706446e-01
-2.740230271310517035e-07,-1.673153674963749338e-01
-2.738002141316731894e-07,-1.674067612850305142e-01
-2.714946342237067807e-07,-1.651027708342581446e-01
-2.667093565969755637e-07,-1.649499661994703326e-01
-2.661691578951748785e-07,-1.646909569249009053e-01
-2.663736921368223119e-07,-1.647975228049538832e-01
-2.656671784140846589e-07,-1.646754235932321730e-01
-2.657389207319779697e-07,-1.650417212283973034e-01
-2.652872258966619384e-07,-1.648892778338808540e-01
-2.649484547701748753e-07,-1.647213011076956446e-01
-2.646325862768924417e-07,-1.645381522901130933e-01
-2.644235726558800791e-07,-1.647213011076956446e-01
-2.633051005276766509e-07,-1.643705368041992743e-01
-2.634088487336129635e-07,-1.646909569249009053e-01
-2.631830013159549214e-07,-1.646909569249009053e-01
-2.565224531925085937e-07,-1.629512237780022244e-01
-2.564568519592285163e-07,-1.623407277193936737e-01
-2.558190461361046991e-07,-1.622796781135328326e-01
-2.559014089179761196e-07,-1.624169494166519123e-01
-2.550530000166459718e-07,-1.624779990225127813e-01
-2.547310626868045352e-07,-1.622952114452015648e-01
-2.544120875271883962e-07,-1.623255556279963041e-01
-2.536918466741388221e-07,-1.622645060221354629e-01
-2.529899568268747180e-07,-1.622796781135328326e-01
-2.530113422509395570e-07,-1.623714331424598034e-01
-2.526115937666459654e-07,-1.623714331424598034e-01
-2.521202347495339085e-07,-1.621120626276190135e-01
-2.451117399967078092e-07,-1.604333790865811737e-01
-2.454336773265491929e-07,-1.600977868744821730e-01
-2.451727896025686740e-07,-1.601588364803430142e-01
-2.451331254207726483e-07,-1.604489124182499338e-01
-2.442602966770981334e-07,-1.602047139948065135e-01
-2.443610104647549709e-07,-1.601281310572769123e-01
-2.437155463478781827e-07,-1.601891806631377813e-01
-2.432089429913145201e-07,-1.600674426916874338e-01
-2.425162286469430715e-07,-1.599908597541578326e-01
-2.422842401446718489e-07,-1.602198860862038832e-01
-2.417914361664743378e-07,-1.601588364803430142e-01
-2.416616786609996373e-07,-1.602198860862038832e-01
-2.353185162399754278e-07,-1.584953250307025718e-01
-2.350957754886511705e-07,-1.581752661502723034e-01
-2.346028270143451193e-07,-1.581293886358088041e-01
-2.345693039171623535e-07,-1.582666599389278839e-01
-2.340031681638775372e-07,-1.583125374533913832e-01
-2.337224122249718638e-07,-1.581600940588749338e-01
-2.333196293223987706e-07,-1.582818320303252813e-01
-2.325886957573168035e-07,-1.584498087565104629e-01
-2.326878923358339299e-07,-1.584649808479078326e-01
-2.317249702684807138e-07,-1.580990444530140648e-01
-2.315022295171564036e-07,-1.583277095447887528e-01
-2.308247595122366136e-07,-1.581752661502723034e-01
-2.243533567948774940e-07,-1.559319640650894123e-01
-2.241641391407359761e-07,-1.557795206705729629e-01
-2.238437190200343299e-07,-1.555504943385269123e-01
-2.231341708790172284e-07,-1.555811997615930142e-01
-2.233493255846428244e-07,-1.556270772760565135e-01
-2.222125024506540058e-07,-1.556725935502486224e-01
-2.223452943744081548e-07,-1.552456075494940135e-01
-2.218691796967477565e-07,-1.554435672182025718e-01
-2.212648969708066786e-07,-1.553062959150834921e-01
-2.205203085234671001e-07,-1.553673455209443610e-01
-2.195345560709635377e-07,-1.552456075494940135e-01
-2.196505864461263171e-07,-1.557032989733147244e-01
-2.130800593983043545e-07,-1.529871333729137528e-01
-2.136568156155672805e-07,-1.528343287381259408e-01
-2.127031412991610297e-07,-1.526667132522120940e-01
-2.124788110906427251e-07,-1.524835644346295427e-01
-2.119951103672836921e-07,-1.527429349494703326e-01
-2.108888481602524475e-07,-1.525290807088216516e-01
-2.107179092638420367e-07,-1.526818853436094636e-01
-2.094651280027447220e-07,-1.523614652229078326e-01
-2.097612005291563108e-07,-1.526208357377486224e-01
-2.092393528331409632e-07,-1.524073427373713041e-01
-2.085862304225112305e-07,-1.526970574350068610e-01
-2.082322149565725617e-07,-1.526208357377486224e-01
-2.073502107100053118e-07,-1.526056636463512528e-01
-2.010559602217240668e-07,-1.509273413455848034e-01
-2.012176513671875123e-07,-1.503013119553075205e-01
-2.008697769858620240e-07,-1.505610437104196730e-01
-2.005966070926550647e-07,-1.502099181666519123e-01
-1.996444499853885513e-07,-1.503168452869762528e-01
-1.996292056459368927e-07,-1.502406235897180142e-01
-1.989546978112423210e-07,-1.505458716190223034e-01
-1.977675900314793404e-07,-1.501029910463275718e-01
-1.981536113854610639e-07,-1.503471894697709921e-01
-1.973723931746049349e-07,-1.505758545615456800e-01
-1.967238946394486716e-07,-1.503168452869762528e-01
-1.969771240696762460e-07,-1.503627228014397244e-01
-1.892210064512310668e-07,-1.483177416252367820e-01
-1.899106863773230139e-07,-1.479669773217403839e-01
-1.899397300951408504e-07,-1.481194207162568610e-01
-1.895185239387281099e-07,-1.482263478365811737e-01
-1.887998002948182998e-07,-1.478755835330848034e-01
-1.882978208137281067e-07,-1.479976827448065135e-01
-1.881635839288884769e-07,-1.481194207162568610e-01
-1.877927346663041552e-07,-1.480583711103959921e-01
-1.866437738591974363e-07,-1.479669773217403839e-01
-1.860287984212239388e-07,-1.478448781100186737e-01
-1.861951134421608536e-07,-1.481652982307203326e-01
-1.852856549349697881e-07,-1.479055664756081800e-01
-1.787151278871478254e-07,-1.458613077799479629e-01
-1.795422236124674439e-07,-1.456626256306966516e-01
-1.790538990136348886e-07,-1.452659838127367820e-01
-1.781475471727775549e-07,-1.452811559041341516e-01
-1.780971902789491362e-07,-1.457088643854315135e-01
-1.771923556472315930e-07,-1.456781589623653839e-01
-1.769069758328524502e-07,-1.455860426931670781e-01
-1.765590292034727050e-07,-1.455253543275775718e-01
-1.764858419244939400e-07,-1.456781589623653839e-01
-1.754512497873017229e-07,-1.455405264189749415e-01
-1.750712972698789495e-07,-1.457088643854315135e-01
-1.747264573068329892e-07,-1.456019372651071730e-01
-1.681193004954944759e-07,-1.436024723630963396e-01
-1.686640508247144266e-07,-1.434655623002486224e-01
-1.687434514363606819e-07,-1.434655623002486224e-01
-1.680872223593971908e-07,-1.432210026365338396e-01
-1.676951321688565172e-07,-1.432517080595999415e-01
-1.666575056133848250e-07,-1.433434630885269123e-01
-1.661829803929184210e-07,-1.430533871506200205e-01
-1.658090967120546242e-07,-1.433279297568581800e-01
-1.655130964336973186e-07,-1.434655623002486224e-01
-1.650965141527580211e-07,-1.431447809392756010e-01
-1.646906245838511960e-07,-1.435569560889042307e-01
-1.641885728547067460e-07,-1.432365359682025718e-01
-1.576821298310250967e-07,-1.411005222436153839e-01
-1.586083498868075319e-07,-1.408714959115693610e-01
-1.589318766738429100e-07,-1.409022013346354629e-01
-1.580224181666518444e-07,-1.408104463057084921e-01
-1.577004808368104872e-07,-1.408259796373772244e-01
-1.575036048889160248e-07,-1.410391113974831800e-01
-1.566734747453169312e-07,-1.411460385178075205e-01
-1.565484133633700100e-07,-1.408559625799006010e-01
-1.560326345039136389e-07,-1.410084059744170781e-01
-1.555047179713393676e-07,-1.407497579401190135e-01
-1.552330652872721194e-07,-1.410546447291519123e-01
-1.551018628207119911e-07,-1.410243005463571730e-01
-1.544746774615663366e-07,-1.408866680029667307e-01
-1.485709277066317444e-07,-1.391010573416045781e-01
-1.490699450174967193e-07,-1.384609395807440135e-01
-1.486915097092137099e-07,-1.386133829752604629e-01
-1.484671795006954318e-07,-1.384609395807440135e-01
-1.475944230050751738e-07,-1.384302341576778839e-01
-1.475059191385904669e-07,-1.386285550666578326e-01
-1.471427281697591161e-07,-1.385826775521943610e-01
-1.467246286796801075e-07,-1.386740713408499415e-01
-1.462867332227302277e-07,-1.385064558549361224e-01
-1.455573168667879981e-07,-1.385064558549361224e-01
-1.453483032457756089e-07,-1.386285550666578326e-01
-1.453955534732702958e-07,-1.385371612780022244e-01
-1.386876828742749715e-07,-1.364307692556670781e-01
-1.400533878442012808e-07,-1.356985352256081800e-01
-1.399953726566198911e-07,-1.358968561345881010e-01
-1.393316297820120222e-07,-1.357899290142637605e-01
-1.389959653218587174e-07,-1.358361677689986224e-01
-1.387701179042006753e-07,-1.358661507115219991e-01
-1.383046959385727230e-07,-1.361107103752367820e-01
-1.383642283352938503e-07,-1.361713987408262605e-01
-1.379324017149029206e-07,-1.360344886779785711e-01
-1.379598559755267627e-07,-1.360651941010446730e-01
-1.369817618167761448e-07,-1.360951770435680497e-01
-1.362447594151352276e-07,-1.359886111635150718e-01
-1.303257653207490032e-07,-1.338525974389278839e-01
-1.321477167534105828e-07,-1.333334951689749415e-01
-1.318241899663751783e-07,-1.335166439865575205e-01
-1.315953081304376612e-07,-1.335473494096236224e-01
-1.309803326924641902e-07,-1.334404222892992820e-01
-1.301228205362955642e-07,-1.335928656838157313e-01
-1.296558813615278744e-07,-1.333486672603723111e-01
-1.293202169013745961e-07,-1.331658796830611224e-01
-1.293674671288692565e-07,-1.334711277123653839e-01
-1.292301235776958948e-07,-1.330741246541341516e-01
-1.287891214544122831e-07,-1.335011106548887605e-01
-1.283481915791829283e-07,-1.334859385634913909e-01
-1.221591342579234501e-07,-1.313954411130963396e-01
-1.238559520605838516e-07,-1.311667760213216516e-01
-1.236453489823774946e-07,-1.309832659634677376e-01
-1.229633273500384655e-07,-1.311667760213216516e-01
-1.230639688896410462e-07,-1.312429977185798902e-01
-1.228915850321451547e-07,-1.311823093529903839e-01
-1.223269664880001289e-07,-1.311667760213216516e-01
-1.221408555001923694e-07,-1.313347527475068610e-01
-1.218738266915986170e-07,-1.311823093529903839e-01
-1.217669718193285461e-07,-1.312585310502486224e-01
-1.209780953147194461e-07,-1.312122922955137605e-01
-1.206667784488562251e-07,-1.310753822326660711e-01
-1.146959102515018313e-07,-1.293811653599594991e-01
-1.165315888144753187e-07,-1.289848847822709921e-01
-1.165987795049493904e-07,-1.292442552971117820e-01
-1.158357678037701117e-07,-1.288472522388805497e-01
-1.158083135431462961e-07,-1.292897715713038909e-01
-1.151552633805708467e-07,-1.288927685130726586e-01
-1.149843244841604492e-07,-1.291373281767874415e-01
-1.146425189393939507e-07,-1.291373281767874415e-01
-1.145494634454900444e-07,-1.288320801474831800e-01
-1.141832380583792053e-07,-1.287865638732910711e-01
-1.137331326802571552e-07,-1.287710305416223111e-01
-1.136293122262665726e-07,-1.290611064795292307e-01
-1.132448080814245866e-07,-1.287103421760328326e-01
-1.077119075890743426e-07,-1.267108772740219991e-01
-1.088929465322783466e-07,-1.261462587298769478e-01
-1.091049945715701843e-07,-1.263601129705256010e-01
-1.090745058926668936e-07,-1.266194834853663909e-01
-1.087281487204811825e-07,-1.264363346677838396e-01
-1.081391825820460465e-07,-1.263145966963334921e-01
-1.085679025361032178e-07,-1.266346555767637605e-01
-1.083680644179835504e-07,-1.265891393025716516e-01
-1.077134247982140669e-07,-1.268329764857437092e-01
-1.075272415623520241e-07,-1.267415826970881010e-01
-1.074479131987600653e-07,-1.266501889084325205e-01
-1.069748329393791289e-07,-1.265584338795055497e-01
-1.011901479778867647e-07,-1.241782217314749553e-01
-1.029953378619569614e-07,-1.240098837650183972e-01
-1.027008547927394066e-07,-1.240864667025479845e-01
-1.024398948207045911e-07,-1.240098837650183972e-01
-1.017364877643007097e-07,-1.240257783369584921e-01
-1.015426823587128640e-07,-1.238422682791045643e-01
-1.014618006619539997e-07,-1.240098837650183972e-01
-1.015197797255082477e-07,-1.238881457935680497e-01
-1.015564456130519003e-07,-1.240098837650183972e-01
-1.007537697300766356e-07,-1.238422682791045643e-01
-1.007751551541415012e-07,-1.241327054572828326e-01
-1.007186932997270039e-07,-1.240257783369584921e-01
-9.431141073053532614e-08,-1.220115025838216516e-01
-9.648582429596870860e-08,-1.214924003138687092e-01
-9.648434321085611272e-08,-1.215534499197295643e-01
-9.628132617834843012e-08,-1.214010065252131149e-01
-9.658809141679243852e-08,-1.215231057369348250e-01
-9.627832788409608348e-08,-1.219656250693581800e-01
-9.588916373975348642e-08,-1.215841553427956800e-01
-9.562675880663321672e-08,-1.218279925259677238e-01
-9.583277413339324596e-08,-1.215379165880608320e-01
-9.488209811123934176e-08,-1.214317119482792168e-01
-9.489893190788499472e-08,-1.215231057369348250e-01
-9.489893190788499472e-08,-1.214465227994052238e-01
-8.881817441998105490e-08,-1.194936578924006149e-01
-9.106429417928059325e-08,-1.191273602572354845e-01
-9.083996397076230193e-08,-1.189900889541164047e-01
-9.081706133755769885e-08,-1.190507773197058972e-01
-9.067516615896513784e-08,-1.190814827427719991e-01
-9.037457812916149128e-08,-1.192035819544937092e-01
-9.022661411400996692e-08,-1.192490982286858320e-01
-9.019453597791266859e-08,-1.193560253490101586e-01
-8.970317696080062492e-08,-1.192191152861624553e-01
-8.984207384514085252e-08,-1.191121881658381149e-01
-8.953075697927763153e-08,-1.192191152861624553e-01
-8.953989635814318513e-08,-1.191728765314275934e-01
-8.349280646353056446e-08,-1.168385418978604845e-01
-8.503085916692559712e-08,-1.164874163540927238e-01
-8.508583993622749852e-08,-1.162587512623180497e-01
-8.582587675614790406e-08,-1.163501450509736440e-01
-8.572364575935131579e-08,-1.166550318400065567e-01
-8.485540476712312867e-08,-1.162280458392519339e-01
-8.484933593056417855e-08,-1.163656783826423902e-01
-8.468143145243326933e-08,-1.165332938685562092e-01
-8.445103240735602790e-08,-1.165788101427483320e-01
-8.479742570356888062e-08,-1.166709264119466516e-01
-8.430303226817737512e-08,-1.166095155658144339e-01
-8.414437554099341798e-08,-1.162435791709206800e-01
-8.429537397442441740e-08,-1.165788101427483320e-01
-7.825742345867735033e-08,-1.142293034177838396e-01
-8.047605283332593136e-08,-1.136491515419700421e-01
-8.037537516969622227e-08,-1.140154491771351586e-01
-8.202028274536132585e-08,-1.139085220568108320e-01
-8.071407404812898886e-08,-1.141223762974594991e-01
-7.999997427969267470e-08,-1.137560786622943687e-01
-8.029297626379764685e-08,-1.139085220568108320e-01
-7.962764393199573061e-08,-1.137560786622943687e-01
-7.979399507695977387e-08,-1.140306212685325421e-01
-7.961395292571096442e-08,-1.138778166337447162e-01
-7.947198549906412011e-08,-1.141223762974594991e-01
-7.908903468738902654e-08,-1.135122414791223250e-01
-7.308157285054523696e-08,-1.116197036974358320e-01
-7.555350390347567575e-08,-1.114827936345881149e-01
-7.586171410300513837e-08,-1.116352370291045643e-01
-7.549700592503402358e-08,-1.115283099087802238e-01
-7.537039120992023635e-08,-1.117418029091575421e-01
-7.529716780691435617e-08,-1.115434820001775934e-01
-7.571219675468676130e-08,-1.117418029091575421e-01
-7.526357246167732031e-08,-1.116655812118993035e-01
-7.475696910511363127e-08,-1.112996448170055497e-01
-7.454640215093438944e-08,-1.116959253946940567e-01
-7.462421330538662386e-08,-1.115889982743697162e-01
-7.506521542867023555e-08,-1.118180246064157668e-01
-6.875557610482879182e-08,-1.097885767618815567e-01
-7.125806808471679140e-08,-1.095292062470407668e-01
-7.080944379170735041e-08,-1.093464186697295643e-01
-7.099255648526277657e-08,-1.093767628525243035e-01
-7.124130653612540850e-08,-1.091939752752131149e-01
-7.104901833967728709e-08,-1.094685178814512744e-01
-7.085066130667021556e-08,-1.093308853380608320e-01
-7.047681374983353394e-08,-1.092853690638687092e-01
-7.064316489479757721e-08,-1.093160744869348250e-01
-7.019454060178813622e-08,-1.094992233045173902e-01
-7.066754861311478940e-08,-1.094378124583851586e-01
-7.005109209002869603e-08,-1.093922961841930497e-01
-6.408177722584116813e-08,-1.073017987337979845e-01
-6.621193885803222362e-08,-1.069506731900302238e-01
-6.687420064752750991e-08,-1.068589181611032668e-01
-6.663003834811123222e-08,-1.068589181611032668e-01
-6.695656342939895692e-08,-1.068744514927719991e-01
-6.652473680900804048e-08,-1.069506731900302238e-01
-6.645299449111475618e-08,-1.069351398583614915e-01
-6.624394474607523864e-08,-1.072252157962683972e-01
-6.581518866799093891e-08,-1.071334607673414263e-01
-6.574348247412479626e-08,-1.070727724017519339e-01
-6.608073639147208215e-08,-1.068744514927719991e-01
-6.548100529295024326e-08,-1.070572390700832016e-01
-5.967497103142015516e-08,-1.045393943786621510e-01
-6.293581471298679588e-08,-1.046618548306552238e-01
-6.244145740162241879e-08,-1.044176564072118035e-01
-6.256503769845673096e-08,-1.046463214989864915e-01
-6.198976256630637433e-08,-1.046618548306552238e-01
-6.188142660892370753e-08,-1.046921990134499769e-01
-6.218660239017370833e-08,-1.046921990134499769e-01
-6.169676058220140219e-08,-1.045549277103308972e-01
-6.143431952505400407e-08,-1.046008052247943687e-01
-6.165713252443255786e-08,-1.045856331333969991e-01
-6.164492260326037432e-08,-1.047384377681848250e-01
-6.097348531087239278e-08,-1.042803851040927238e-01
-6.118253505591189708e-08,-1.045700998017282668e-01
-5.597767685398910210e-08,-1.026934565919818687e-01
-5.779659386837120666e-08,-1.021136659564394339e-01
-5.859312866673323790e-08,-1.020829605333733320e-01
-5.824821645563298106e-08,-1.023426922884854845e-01
-5.777369123516660358e-08,-1.018084179271351586e-01
-5.780728658040363944e-08,-1.022357651681611440e-01
-5.789727153200091575e-08,-1.020681496822473250e-01
-5.747154987219608446e-08,-1.022205930767637744e-01
-5.737390662684585043e-08,-1.023267977165453757e-01
-5.734796957536176567e-08,-1.021591822306315567e-01
-5.706873084559584963e-08,-1.022050597450950421e-01
-5.738759763313061662e-08,-1.022505760192871510e-01
-5.152510151718601138e-08,-1.003587607181433972e-01
-5.466998707164416923e-08,-1.001756119005608320e-01
-5.459524645949854490e-08,-1.001600785688920858e-01
-5.452046972332577892e-08,-1.000231685060443687e-01
-5.441516818422259380e-08,-1.000993902033025934e-01
-5.399251706672436598e-08,-9.967240420254798450e-02
-5.391318870313240065e-08,-9.971792047674009341e-02
-5.407646930578983383e-08,-9.997729099158089716e-02
-5.371938329754452848e-08,-9.988553596265392631e-02
-5.367816578258166332e-08,-9.982484759706443389e-02
-5.383837584293249302e-08,-9.988553596265392631e-02
-5.349357200391364790e-08,-9.982484759706443389e-02
-4.787820035761052534e-08,-9.764223387747104910e-02
-5.065841385812469681e-08,-9.735288042010686871e-02
-5.053934906468246220e-08,-9.707833781386870919e-02
-5.083390438195430691e-08,-9.741356878569636113e-02
-4.998549548062410616e-08,-9.729146957397465101e-02
-4.980545332937529008e-08,-9.684931148182265859e-02
-5.039138504953094446e-08,-9.726076415090854910e-02
-4.998704881379097872e-08,-9.726076415090854910e-02
-5.036389466487999376e-08,-9.700211611661048450e-02
-5.009079701972729790e-08,-9.709314866499471619e-02
-4.998090772917775853e-08,-9.764223387747104910e-02
-4.970777395999792764e-08,-9.726076415090854910e-02
-4.400090015295779786e-08,-9.507887291185787570e-02
-4.714885624972256581e-08,-9.462118148803715101e-02
-4.726477825280391365e-08,-9.466705900250063643e-02
-4.713816353769013304e-08,-9.463671481970589716e-02
-4.715192679202917590e-08,-9.449944351658680353e-02
-4.657358111757219595e-08,-9.449944351658680353e-02
-4.698405843792538849e-08,-9.471329775723548450e-02
-4.656440561467950732e-08,-9.420900633840854910e-02
-4.624394936995071950e-08,-9.462118148803715101e-02
-4.634014765421549268e-08,-9.466705900250063643e-02
-4.640415943030154258e-08,-9.472810860836149149e-02
-4.599675265225496675e-08,-9.443803267045458583e-02
-4.043029293869480872e-08,-9.240858482592037570e-02
-4.325324116331157626e-08,-9.227131352280129595e-02
-4.337068037553266824e-08,-9.222543600833781052e-02
-4.393529891967772713e-08,-9.237824064312563643e-02
-4.366978732022371892e-08,-9.237824064312563643e-02
-4.373690576264352057e-08,-9.275971036968813643e-02
-4.350343617525967565e-08,-9.239377397479436871e-02
-4.356296857198078965e-08,-9.242375691731774534e-02
-4.354010206280332160e-08,-9.256138946070820162e-02
-4.297089576721190847e-08,-9.237824064312563643e-02
-4.338592471498430699e-08,-9.245446234038386113e-02
-4.326693216959634906e-08,-9.233236312866215101e-02
-4.277716260967831960e-08,-9.248516776344997692e-02
-3.642785910404089651e-08,-9.051640828450524534e-02
-4.022124319365529779e-08,-9.039430907278354910e-02
-4.048520145994244006e-08,-9.048642534198186871e-02
-4.053404114463112128e-08,-9.037949822165754210e-02
-4.060423012935753963e-08,-9.042501449584965101e-02
-4.015715916951496459e-08,-8.998249516342629595e-02
-3.992975841869006980e-08,-9.002873391816114401e-02
-3.976499673092004074e-08,-9.007425019235326680e-02
-3.983215129736697742e-08,-9.036396488998879595e-02
-4.017695513638582916e-08,-8.996732307202892631e-02
-3.999543190002441060e-08,-9.037949822165754210e-02
-3.971463983709161537e-08,-9.008942228375063643e-02
-3.419091484763405340e-08,-8.842627207438155668e-02
-3.725184816302674342e-08,-8.795304731889208583e-02
-3.740288272048487787e-08,-8.761709386652170861e-02
-3.702751795450845872e-08,-8.743466752948186871e-02
-3.725184816302674342e-08,-8.754087216926348392e-02
-3.709163810267592034e-08,-8.744947838060787570e-02
-3.701841469967004016e-08,-8.787682562163386113e-02
-3.729454676310221107e-08,-8.770921013572004210e-02
-3.706418384205210467e-08,-8.778543183297826680e-02
-3.679708278540408225e-08,-8.792234189582598392e-02
-3.695729284575490533e-08,-8.802926901615031052e-02
-3.697257330923369234e-08,-8.789235895330260728e-02
-3.121689594153201637e-08,-8.555730183919274534e-02
-3.433736165364582700e-08,-8.531346465602070162e-02
-3.412679469946658517e-08,-8.497751120365031052e-02
-3.428852196895714578e-08,-8.523724295876247692e-02
-3.421222802364464889e-08,-8.529793132435195546e-02
-3.437095699888286948e-08,-8.500821662671642631e-02
-3.435412320223721652e-08,-8.503892204978254210e-02
-3.431752956274783401e-08,-8.520653753569636113e-02
-3.428700475981740825e-08,-8.526758714155721619e-02
-3.374532497290408086e-08,-8.514512668956414343e-02
-3.398334618770714498e-08,-8.503892204978254210e-02
-3.412524136629971261e-08,-8.502338871811379595e-02
-2.840464042894767499e-08,-8.322296720562563643e-02
-3.198138872782389094e-08,-8.281079205599702064e-02
-3.191423416137694764e-08,-8.281079205599702064e-02
-3.175857572844533715e-08,-8.282632538766576680e-02
-3.196000330375901877e-08,-8.262764323841445546e-02
-3.195541555231267115e-08,-8.285630833018914343e-02
-3.171435991923013858e-08,-8.288701375325524534e-02
-3.198445927013050103e-08,-8.288701375325524534e-02
-3.136948383215701677e-08,-8.262764323841445546e-02
-3.145032940488872626e-08,-8.258176572395098392e-02
-3.147626645637280440e-08,-8.273457035873879595e-02
-3.129011934453790317e-08,-8.259729905561971619e-02
-2.579077807339754678e-08,-8.096449302904537570e-02
-2.934155319676254294e-08,-8.053750702829076680e-02
-2.934155319676254294e-08,-8.052197369662202064e-02
-2.911267136082504234e-08,-8.050680160522465101e-02
-2.932479164817116005e-08,-8.065960624001247692e-02
-2.916302825465346109e-08,-8.058302330248287570e-02
-2.900437152746951388e-08,-8.061372872554899149e-02
-2.929426684524073428e-08,-8.046128533103254210e-02
-2.940260280262339447e-08,-8.064371166807236813e-02
-2.891431432781797081e-08,-8.052197369662202064e-02
-2.903486020637280461e-08,-8.044575199936379595e-02
-2.892807758215701368e-08,-8.072029460560195546e-02
-2.877848798578435000e-08,-8.061372872554899149e-02
-2.311283169370708537e-08,-7.838559873176348392e-02
-2.710150227402195471e-08,-7.780580809622104910e-02
-2.699775406808563884e-08,-7.811105612552531052e-02
-2.709080956198952194e-08,-7.783651351928715101e-02
-2.720376939484566808e-08,-7.798931815407497692e-02
-2.692911841652609966e-08,-7.782098018761841873e-02
-2.684668338660037266e-08,-7.812622821692269404e-02
-2.690166415590227738e-08,-7.818727782278354910e-02
-2.659648837465227658e-08,-7.800412900520098392e-02
-2.661324992324366609e-08,-7.791273521654537570e-02
-2.659489891745826898e-08,-7.769888097589670861e-02
-2.680553811969178419e-08,-7.814176154859142631e-02
-2.096128463745116765e-08,-7.530313549619736813e-02
-2.464940331198952215e-08,-7.502859288995920861e-02
-2.445104627898244731e-08,-7.470853400952892631e-02
-2.463260563937100091e-08,-7.486097740404537570e-02
-2.488287289937336706e-08,-7.484544407237664343e-02
-2.494547583840109446e-08,-7.490685491850886113e-02
-2.446325620015461762e-08,-7.473851695205230294e-02
-2.452278859687573492e-08,-7.499824870716445546e-02
-2.476384422995827080e-08,-7.493756034157497692e-02
-2.448308829105261392e-08,-7.478475570678715101e-02
-2.464329835140343369e-08,-7.495237119270098392e-02
-2.430304613980379454e-08,-7.463231231227070162e-02
-1.864497589342521425e-08,-7.267872492472335355e-02
-2.221103148026899412e-08,-7.270943034778945546e-02
-2.270849545796711632e-08,-7.254181486187563643e-02
-2.270387158249363036e-08,-7.261803655913386113e-02
-2.250854896776603389e-08,-7.251110943880952064e-02
-2.273594971859093530e-08,-7.278565204504769404e-02
-2.239262696468468275e-08,-7.231278852982958583e-02
-2.273136196714458768e-08,-7.267872492472335355e-02
-2.269624941276781099e-08,-7.248040401574341873e-02
-2.245515765565814008e-08,-7.243488774155129595e-02
-2.227818604671593410e-08,-7.273977453058420861e-02
-2.225373008034445515e-08,-7.252592028993552764e-02
-1.694967529990456020e-08,-7.083242589777170861e-02
-2.058440266233501758e-08,-7.010019186771281052e-02
-2.079496961651425941e-08,-7.020711898803715101e-02
-2.069577303799715282e-08,-7.023710193056052764e-02
-2.068815086827133345e-08,-7.037473447395098392e-02
-2.050048654729669139e-08,-7.020711898803715101e-02
-2.060120033495353551e-08,-7.022229107943452064e-02
-2.075075380729906085e-08,-7.028334068529537570e-02
-2.050966205018938994e-08,-7.010019186771281052e-02
-2.057678049260919159e-08,-7.023710193056052764e-02
-2.042267539284445697e-08,-7.005395311297796246e-02
-2.078431302850896498e-08,-7.052753910873879595e-02
-1.501794294877485293e-08,-6.826906493215854910e-02
-1.882657137784090288e-08,-6.770444638801348392e-02
-1.871057712670528168e-08,-6.779584017666907825e-02
-1.919279676495175852e-08,-6.811662153764208583e-02
-1.865415139631791281e-08,-6.758270841656313643e-02
-1.895932717756791030e-08,-6.790276729699341873e-02
-1.879604657491047712e-08,-6.782654559973519404e-02
-1.868312286608146270e-08,-6.816213781183420861e-02
-1.870757883245294165e-08,-6.785725102280129595e-02
-1.909052964412804184e-08,-6.804039984038386113e-02
-1.856868194811271405e-08,-6.776513475360296246e-02
-1.856716473897297652e-08,-6.770444638801348392e-02
-1.849238800280021385e-08,-6.808591611457598392e-02
-1.301284269853071376e-08,-6.604093493837302764e-02
-1.706874009334679150e-08,-6.552255514896281052e-02
-1.743951710787685972e-08,-6.552255514896281052e-02
-1.698327064514159605e-08,-6.552255514896281052e-02
-1.732966394135445870e-08,-6.549184972589670861e-02
-1.707173838759913153e-08,-6.578156442353223776e-02
-1.723353790514396551e-08,-6.540009469696973776e-02
-1.719080318104136614e-08,-6.555253809148620103e-02
-1.715265620838511769e-08,-6.559877684622104910e-02
-1.724878224459560757e-08,-6.553772724036019404e-02
-1.691308166041518431e-08,-6.565946521181052764e-02
-1.698482397830847192e-08,-6.546150554310195546e-02
-1.124132040775182957e-08,-6.370660030480591873e-02
-1.522088773322827539e-08,-6.320303136652170861e-02
-1.502249457619406552e-08,-6.335583600130952064e-02
-1.548632708462801353e-08,-6.346276312163386113e-02
-1.568934411713570936e-08,-6.300507169781313643e-02
-1.577781185959324483e-08,-6.349274606415723776e-02
-1.564657326900597164e-08,-6.300507169781313643e-02
-1.530480384826659496e-08,-6.335583600130952064e-02
-1.540855205420291083e-08,-6.298917712587302764e-02
-1.548484599951541103e-08,-6.324890888098519404e-02
-1.553061514189748547e-08,-6.317268718372695546e-02
-1.556421048713452463e-08,-6.308129339507136113e-02
-9.846643968061963729e-09,-6.091421300714670861e-02
-1.372246308760209036e-08,-6.073106418956414343e-02
-1.387198043592048067e-08,-6.059343164617369409e-02
-1.405964475689511777e-08,-6.056308746337894788e-02
-1.406726692662094211e-08,-6.051720994891546940e-02
-1.387804927247942914e-08,-6.053274328058420861e-02
-1.420002272634794621e-08,-6.082245797821973776e-02
-1.374832789103189678e-08,-6.028854485714078837e-02
-1.379109873916163119e-08,-6.041028282859112891e-02
-1.415270025079900252e-08,-6.067001458370328837e-02
-1.388874198451186191e-08,-6.060932621811379595e-02
-1.384752446954900172e-08,-6.071553085789540422e-02
-8.638078516179860768e-09,-5.854917295051347698e-02
-1.226059595743814619e-08,-5.832050785873879595e-02
-1.271687854420054655e-08,-5.792314356023619409e-02
-1.261005979595761728e-08,-5.821358073841446240e-02
-1.296862688931551189e-08,-5.835049080126217952e-02
-1.275957714427600758e-08,-5.819768616647436055e-02
-1.287860581369110551e-08,-5.804524277195790422e-02
-1.273212288365219191e-08,-5.838119622432828837e-02
-1.234147765419699401e-08,-5.796902107469967952e-02
-1.266648552634498946e-08,-5.758755134813717952e-02
-1.248037453853722326e-08,-5.792314356023619409e-02
-1.234909982392281670e-08,-5.812146446921612891e-02
-1.237503687540689649e-08,-5.801525982943452758e-02
-7.032871246337886469e-09,-5.584817944150986813e-02
-1.119551514134262176e-08,-5.534497174349702758e-02
-1.129012396841337742e-08,-5.548188180634473776e-02
-1.094680121450712817e-08,-5.522251129150394788e-02
-1.110701127485794960e-08,-5.535978259462303458e-02
-1.125504753806373741e-08,-5.540566010908651307e-02
-1.144271185903837782e-08,-5.552739808053686055e-02
-1.131457993478485637e-08,-5.545117638327862891e-02
-1.119551514134262176e-08,-5.517663377704046940e-02
-1.160599246169581099e-08,-5.578712983564901307e-02
-1.107955701423413393e-08,-5.534497174349702758e-02
-1.105817159016926672e-08,-5.545117638327862891e-02
-5.903706406102031314e-09,-5.354382775046612891e-02
-9.816155289158671344e-09,-5.325447429310196240e-02
-1.029523213704426638e-08,-5.336067893288356373e-02
-1.017772067676890433e-08,-5.333069599036018710e-02
-9.889378692164559798e-09,-5.320823553836711434e-02
-9.904623031616206817e-09,-5.313165260083752006e-02
-1.032116918852834452e-08,-5.339138435594967952e-02
-1.044482173341692840e-08,-5.357453317353223776e-02
-1.023725307349002329e-08,-5.351312232740002006e-02
-1.011063835837623772e-08,-5.320823553836711434e-02
-1.005721092224120722e-08,-5.313165260083752006e-02
-1.037459662466337832e-08,-5.337621226455230294e-02
-4.966793638287164190e-09,-5.154508532899803458e-02
-8.764801603375054747e-09,-5.134712566028946240e-02
-8.587757746378575395e-09,-5.094976136178686055e-02
-8.934151042591438043e-09,-5.119432102550164343e-02
-9.294271469116206871e-09,-5.128571481415723776e-02
-9.314103560014199859e-09,-5.130088690555461434e-02
-9.156964041969988523e-09,-5.136193651141546940e-02
-8.836471673214070638e-09,-5.114808227076679537e-02
-8.935704375758310605e-09,-5.104187763098518710e-02
-8.818192915482950212e-09,-5.098046678485296940e-02
-9.053143587979399279e-09,-5.128571481415723776e-02
-9.050145293727060905e-09,-5.122430396802502006e-02
-3.671313777114400799e-09,-4.969842506177502006e-02
-7.463180657589070345e-09,-4.893548560865002006e-02
-7.769909772005943707e-09,-4.907311815204046940e-02
-7.687474742080221668e-09,-4.887479724306053458e-02
-7.643222808837886415e-09,-4.885926391139179537e-02
-7.942329753528937095e-09,-4.902760187784835355e-02
-7.852272553877392373e-09,-4.882928096886841179e-02
-7.583726536143904143e-09,-4.898172436338486813e-02
-8.070461677782458544e-09,-4.892067475752401307e-02
-7.997238274776570091e-09,-4.884445306026578837e-02
-8.393952340790714803e-09,-4.914933984929869409e-02
-8.081154389814892974e-09,-4.881374763719967952e-02
-2.476547703598480288e-09,-4.672325018680461434e-02
-6.393475966020059948e-09,-4.609758203679869409e-02
-6.803989410400386696e-09,-4.576198982469967952e-02
-7.162556503758281307e-09,-4.592960531061350549e-02
-6.639191598603215163e-09,-4.603653243093783903e-02
-6.655953147194597231e-09,-4.592960531061350549e-02
-6.726178255948149793e-09,-4.597584406534835355e-02
-6.649884310635649593e-09,-4.611275412819606373e-02
-6.752115307432228760e-09,-4.631107503717600549e-02
-6.576588659575486939e-09,-4.618897582545429537e-02
-6.744493137706404423e-09,-4.592960531061350549e-02
-6.967270013057820698e-09,-4.625038667158651307e-02
-6.851311885949332041e-09,-4.606723785400394788e-02
-1.063556382150356505e-09,-4.406849543253585355e-02
-5.748047973170420821e-09,-4.400708458640362891e-02
-5.587837912819597738e-09,-4.397637916333752006e-02
-5.871628270004730507e-09,-4.391569079774803458e-02
-5.802956494418052990e-09,-4.390015746607929537e-02
-6.137139869458742850e-09,-4.394603498054277385e-02
-6.048672127001209032e-09,-4.396156831221151307e-02
-5.671754027857920621e-09,-4.396156831221151307e-02
-5.734284718831375472e-09,-4.396156831221151307e-02
-5.995244690866176880e-09,-4.354939316258290422e-02
-6.045601584694598112e-09,-4.367149237430461434e-02
-6.065433675592591927e-09,-4.382393576882106373e-02
-1.678611292983501932e-10,-4.188588171294245488e-02
-4.653995687311341534e-09,-4.156582283251217952e-02
-4.701282038833151019e-09,-4.159652825557828837e-02
-4.995801232077854077e-09,-4.153511740944606373e-02
-4.888982483834927287e-09,-4.142819028912173018e-02
-4.969864180593775109e-09,-4.155065074111480294e-02
-5.041570374459926860e-09,-4.159652825557828837e-02
-4.528862057310157631e-09,-4.135196859186350549e-02
-4.983555186878546258e-09,-4.124540271181053458e-02
-5.192604931918053043e-09,-4.171826622702862891e-02
-4.814205747662163789e-09,-4.150441198637995488e-02
-4.867597059770059255e-09,-4.147442904385657825e-02
5.737651478160555985e-10,-3.921559362700495488e-02
-3.495823253284796492e-09,-3.900246186689901307e-02
-3.779685858524202634e-09,-3.906315023248850549e-02
-3.860531431255913770e-09,-3.891034559770068652e-02
-3.962762428052492937e-09,-3.903244480942238970e-02
-4.000909400708743037e-09,-3.924629905007106373e-02
-4.081791097467591687e-09,-3.930770989620328837e-02
-3.799481825395059762e-09,-3.892624016964078837e-02
-3.830006628325486352e-09,-3.895622311216416500e-02
-3.778096401330192557e-09,-3.900246186689901307e-02
-4.011565988714039953e-09,-3.889553474657467952e-02
-3.854390346642691930e-09,-3.866650841452862891e-02
1.249717943596121833e-09,-3.622524666063717952e-02
-2.330028649532429181e-09,-3.593517072273027385e-02
-2.766479145396834895e-09,-3.588929320826679537e-02
-2.960248426957559215e-09,-3.598068699692238970e-02
-3.373760165590223922e-09,-3.630146835789540422e-02
-3.318851644342591340e-09,-3.605690869418062133e-02
-3.054821130001179014e-09,-3.602692575165723776e-02
-2.853393554687495325e-09,-3.607244202584936055e-02
-3.041130123716407865e-09,-3.581307151100856373e-02
-3.242557699030091554e-09,-3.613313039143884603e-02
-3.407319386800125573e-09,-3.633217378096151307e-02
-2.882401148478185625e-09,-3.604209784305461434e-02
2.130168856996482986e-09,-3.404335542158651307e-02
-1.454165487578416477e-09,-3.361564694028916500e-02
-2.343791903871474116e-09,-3.369186863754738970e-02
-2.073692552971112910e-09,-3.369186863754738970e-02
-2.307126016327824446e-09,-3.372257406061350549e-02
-2.435330188635619268e-09,-3.343285936297796940e-02
-2.427708018909796585e-09,-3.378362366647436055e-02
-2.284259507150356811e-09,-3.370740196921612891e-02
-2.508553591641508135e-09,-3.375327948367961434e-02
-2.459713906952824432e-09,-3.340215393991186055e-02
-2.198826182972296398e-09,-3.355495857469967952e-02
-2.529939015706375753e-09,-3.367669654615002006e-02
-2.388007713086673096e-09,-3.360047484889179537e-02
3.382950118093784099e-09,-3.118991851806645135e-02
-1.120018236564862890e-09,-3.137234485510628085e-02
-1.348900072502362870e-09,-3.129612315784805615e-02
-1.458789363051901407e-09,-3.111333558053685708e-02
-1.628138802268283875e-09,-3.126614021532467952e-02
-1.559467026681606565e-09,-3.141858360984112891e-02
-1.922621871485850039e-09,-3.138787818677502006e-02
-1.724228714451640790e-09,-3.125060688365594030e-02
-1.699844996134435626e-09,-3.134236191258290422e-02
-1.602165626757068221e-09,-3.140305027817238970e-02
-1.528942223751179147e-09,-3.173900373054277385e-02
-1.419052933201641024e-09,-3.111333558053685708e-02
3.788803562973488610e-09,-2.940430785670429537e-02
-1.525806658195682446e-10,-2.885486140395660329e-02
-6.134148800011792275e-10,-2.877827846642700901e-02
-9.551843007405554977e-10,-2.899213270707568305e-02
-7.126114585182839555e-10,-2.887039473562533903e-02
-8.438139250784165307e-10,-2.893108310121482799e-02
-1.315304727265324739e-09,-2.922115903912173018e-02
-7.491689739805234624e-10,-2.909905982740002006e-02
-8.514360948042391100e-10,-2.891591100981745488e-02
-7.644494374593054110e-10,-2.891591100981745488e-02
-7.965275735566065281e-10,-2.896178852428094030e-02
-1.191688306403878160e-09,-2.906871564460527732e-02
4.805080818407467681e-09,-2.658157637625033903e-02
1.026977192271843899e-09,-2.595554698597305615e-02
1.831199183608590685e-10,-2.620010664968783903e-02
7.785450328480557728e-11,-2.618457331801910329e-02
-8.235555706601710496e-11,-2.653569886178685708e-02
-3.295522747617734991e-10,-2.650535467899211434e-02
4.884690949411547027e-11,-2.653569886178685708e-02
1.098603913278335150e-10,-2.603176868323128085e-02
-4.580526640916487109e-12,-2.624562292387995488e-02
-6.711121761437173959e-11,-2.639842755866777732e-02
-3.658641468394442562e-11,-2.652016553011811786e-02
2.395817727753654794e-10,-2.613869580355561786e-02
5.545117638327863293e-09,-2.453659520004739317e-02
1.078815171212865354e-09,-2.395680456450495488e-02
7.522900899251345528e-10,-2.421653631961711434e-02
7.888837294145108497e-10,-2.389575495864410329e-02
6.455074657093439321e-10,-2.406373168482929537e-02
5.035400390625043813e-10,-2.418583089655100202e-02
5.829045266816155010e-10,-2.417029756488226627e-02
7.156603264086217760e-10,-2.413995338208752006e-02
6.546107205477672514e-10,-2.421653631961711434e-02
2.182324727376346513e-10,-2.418583089655100202e-02
5.050933722293782878e-10,-2.365155653520068305e-02
7.415973778927009505e-10,-2.384987744418061786e-02
5.760308467980591091e-09,-2.241539232658621913e-02
2.246163108132106675e-09,-2.175937999378555615e-02
1.341256228360267191e-09,-2.182079083991777732e-02
1.232956395004739351e-09,-2.194252881136811786e-02
1.310767549456976461e-09,-2.186630711410989317e-02
1.390095913048950894e-09,-2.194252881136811786e-02
1.297040419145068212e-09,-2.179008541685166500e-02
1.512195124770660150e-09,-2.171386371959344030e-02
1.380992658210527574e-09,-2.171386371959344030e-02
1.220746473832568218e-09,-2.200393965750033903e-02
1.214641513246483066e-09,-2.179008541685166500e-02
1.101681680390333402e-09,-2.182079083991777732e-02
1.589970155195760780e-09,-2.168315829652732799e-02
6.788759520559604608e-09,-1.965371045199311786e-02
2.822919325395068285e-09,-1.943985621134444383e-02
1.747181921294245902e-09,-1.962300502892700901e-02
1.818924239187533926e-09,-1.937916784575495835e-02
2.117958935824311853e-09,-1.971512129812533903e-02
2.195770090276549170e-09,-1.913460818204017200e-02
1.878384387854378064e-09,-1.951607790860267200e-02
1.939433993715232899e-09,-1.933365157156283903e-02
1.631187670158622006e-09,-1.942504536021844030e-02
1.976063757231745882e-09,-1.972993214925134603e-02
1.913460818204017245e-09,-1.953197248054277732e-02
1.499985203598489224e-09,-1.956231666333752006e-02
7.579153234308421452e-09,-1.693790609186350202e-02
3.274614160711119365e-09,-1.652573094223489317e-02
2.644394383285989331e-09,-1.632741003325495835e-02
2.780220725319606835e-09,-1.637328754771844030e-02
2.830577619148027654e-09,-1.646432009610267200e-02
2.378882783831976574e-09,-1.641880382191055615e-02
2.397197665590232859e-09,-1.655643636530100202e-02
2.301071629379739257e-09,-1.652573094223489317e-02
2.624562292387995515e-09,-1.673886270234083498e-02
2.432274095939872039e-09,-1.661712473089049097e-02
2.490289283521251814e-09,-1.641880382191055615e-02
2.491806492660989344e-09,-1.629670461018884603e-02
7.927063739661019975e-09,-1.457286603523027559e-02
3.517223126960527387e-09,-1.425208467425726454e-02
3.537019093831384516e-09,-1.382473743323128258e-02
3.114367976333160423e-09,-1.397754206801910155e-02
3.022793567541878171e-09,-1.422137925119115395e-02
3.132682858091416294e-09,-1.429760094844938212e-02
2.850373586018884783e-09,-1.417550173672767200e-02
2.984646594885628071e-09,-1.432830637151549097e-02
2.684094689109113234e-09,-1.422137925119115395e-02
2.934325825084343938e-09,-1.431313428011811960e-02
2.839680873986450767e-09,-1.431313428011811960e-02
2.900730479847305601e-09,-1.429760094844938212e-02
8.859388756029536996e-09,-1.213124304106745661e-02
4.348798231645068978e-09,-1.197879964655100375e-02
4.060456247040723619e-09,-1.219193140665694557e-02
3.506530414928094198e-09,-1.199361049767700901e-02
3.480629487471151504e-09,-1.223780892112042752e-02
3.364635236335527401e-09,-1.222263682972305615e-02
3.550782348170429451e-09,-1.200878258907438212e-02
3.788803562973488610e-09,-1.191738880041878258e-02
3.453102978793062046e-09,-1.219193140665694557e-02
3.636215672348489037e-09,-1.202431592074311960e-02
3.381432908954046983e-09,-1.194809422348489317e-02
3.630146835789540571e-09,-1.205502134380923018e-02
8.889913558959964413e-09,-9.872407624215834981e-03
4.441925973603223793e-09,-9.857596773089829720e-03
4.342729395086119685e-09,-9.521643320719445566e-03
4.495317285711119258e-09,-9.430249532063846030e-03
4.318309552741777420e-09,-9.872407624215834981e-03
4.065007874459936210e-09,-9.964523893414166736e-03
4.283196998365002381e-09,-9.979334744540171998e-03
3.617936914617369438e-09,-1.023906649965232972e-02
3.872719678011812320e-09,-1.020836107658621913e-02
4.063526789347335366e-09,-9.704792138302009014e-03
3.743034420591416654e-09,-9.948990561745427522e-03
3.796425732699312120e-09,-9.735497561368119598e-03
3.831574411103223846e-09,-9.674447955507264538e-03
9.741356878569636919e-09,-7.415973778927009014e-03
5.239941857077862493e-09,-6.805838960589828852e-03
4.968361421064901684e-09,-6.912766080914165868e-03
4.919521736376217981e-09,-6.912766080914165868e-03
4.887479724306053861e-09,-7.111086989894102421e-03
4.567059603604407695e-09,-7.171775355483590506e-03
4.834088412198157568e-09,-7.065209475430619598e-03
4.719647494229408095e-09,-7.111086989894102421e-03
4.516666585748850603e-09,-7.034504052364509014e-03
4.577680067582568751e-09,-7.034504052364509014e-03
4.425092176957568351e-09,-7.111086989894102421e-03
4.890550266612663954e-09,-7.171775355483590506e-03
1.028766054095644366e-08,-3.219806786739509447e-03
6.100560679580230244e-09,-1.785321669145108333e-03
5.545117638327863293e-09,-1.816027092211218701e-03
5.444439974698157515e-09,-2.151980544581601987e-03
5.409363544348518335e-09,-2.243013092965834981e-03
5.214004805593783525e-09,-2.960436271898718701e-03
5.198724342115002300e-09,-1.419024033979980571e-03
4.975983590790723539e-09,-2.838337060177009447e-03
5.398670832316085559e-09,-2.365112304687544235e-03
5.291852084073157942e-09,-2.228202241839828852e-03
5.140781402587895072e-09,-2.212668910171090939e-03
5.256775653723518762e-09,-2.640377391468439437e-03
1.296557079661976507e-08,1.052581902706217418e-03
7.272496367945819808e-09,1.708955475778246294e-03
6.752129757043092038e-09,1.861760110566065916e-03
6.604093493837302573e-09,1.785538413307839051e-03
6.269982366850886086e-09,1.708955475778246294e-03
6.181442376339078894e-09,1.586495023785170931e-03
6.396597081964670832e-09,2.227696505459827569e-03
6.208896636962894565e-09,1.815521355831217418e-03
6.413358630556052900e-09,1.769643841367735029e-03
6.228764851888025066e-09,1.983498082016409061e-03
6.106701764193452911e-09,1.586495023785170931e-03
5.951043331261841591e-09,2.212524414062455765e-03
1.168540752295292125e-08,3.585959925796002035e-03
7.463231231227070309e-09,3.951535080418397579e-03
7.121389562433421079e-09,4.379243561715746511e-03
7.185509710600886006e-09,4.150578469941065482e-03
6.811662153764208515e-09,4.119873046874955765e-03
6.741437045010657608e-09,4.287488532788781732e-03
6.808591611457598423e-09,4.287488532788781732e-03
6.402665918523620125e-09,4.089167623808845180e-03
6.672765269423980091e-09,3.890846714828909061e-03
6.512555209073157835e-09,3.936724229292391450e-03
6.799416108564901523e-09,4.135045138272328002e-03
6.625478917902170605e-09,3.906018806226281299e-03
1.252157037908381005e-08,5.889589136297008164e-03
8.049126827355591304e-09,6.530790617971665019e-03
7.486097740404538357e-09,6.363175132057839051e-03
7.454019604307236722e-09,6.057927102753565482e-03
8.046128533103254584e-09,6.423863497647328002e-03
7.116837935014208488e-09,6.363175132057839051e-03
7.303021170876248053e-09,6.317297617594356228e-03
7.095452510949342111e-09,6.408691406249955765e-03
7.220586140950524359e-09,6.347280560117734595e-03
6.918480902007136133e-09,5.783384496515403365e-03
7.016088023330230164e-09,5.798195347641409494e-03
7.121389562433421079e-09,6.072737953879571611e-03
7.211446762084964974e-09,6.134148800011792781e-03
1.318383216857910793e-08,8.224646250406857095e-03
8.340611602320820955e-09,8.361556313254572478e-03
8.125420772668091504e-09,8.559877222234507296e-03
7.605126409819636279e-09,8.438139250784165019e-03
7.557767810243552593e-09,8.712681857022328002e-03
7.873636303525986169e-09,8.804436885949291913e-03
7.650895552201709062e-09,9.048274069121346047e-03
7.592916488647464320e-09,8.895830674604891450e-03
7.531903006813747826e-09,8.728215188691065482e-03
7.620370749271281645e-09,8.666804342558846047e-03
7.576118816028944738e-09,8.621288068366728466e-03
7.182439168294274259e-09,8.407433827718054434e-03
1.326160719900420731e-08,1.066626924456967607e-02
8.459604147708780537e-09,1.086422891327824651e-02
8.186470378528946339e-09,1.069625218709305443e-02
8.201714717980591704e-09,1.103184439919207248e-02
8.497751120365030637e-09,1.091010642774172847e-02
8.308533466223519321e-09,1.103184439919207248e-02
8.151357824152171299e-09,1.103184439919207248e-02
7.843147624622695438e-09,1.103184439919207248e-02
7.400628292199342084e-09,1.074249094182790250e-02
7.887399557865030691e-09,1.101703354806606548e-02
7.989666678688747372e-09,1.081871263908612893e-02
8.064371166807236669e-09,1.086422891327824651e-02
1.328906145962802298e-08,1.277157754609074651e-02
9.160012909860326860e-09,1.213073730468745490e-02
8.726632956302531238e-09,1.318375269571935710e-02
8.488611741499472079e-09,1.336690151330192054e-02
8.638165213844997419e-09,1.309199766679239145e-02
8.751088922674010189e-09,1.333655733050717607e-02
8.096449302904538303e-09,1.315304727265324651e-02
8.294842459938748173e-09,1.322963021018283905e-02
8.293253002744737269e-09,1.319892478711672847e-02
8.203268051147465921e-09,1.300060387813679191e-02
8.302464629664570855e-09,1.300060387813679191e-02
8.508443832397465067e-09,1.322963021018283905e-02
1.418941671198065174e-08,1.527425014611442054e-02
9.416349006421643131e-09,1.564018654100818306e-02
9.256138946070820048e-09,1.574711366133252008e-02
8.731220707748878860e-09,1.547257105509435710e-02
8.984522386030721725e-09,1.567089196407429191e-02
8.822758992513024426e-09,1.562537568988217607e-02
8.926579446503613669e-09,1.574711366133252008e-02
8.748018380367398442e-09,1.536564393477002008e-02
8.662548932162201343e-09,1.576228575272989318e-02
8.625955292672827114e-09,1.550327647816046768e-02
8.581667235403355174e-09,1.532012766057790250e-02
8.714459159157497619e-09,1.618999423402724125e-02
1.479210998072769066e-08,1.795971032344929191e-02
1.001300956263687027e-08,1.824978626135619411e-02
9.282075997554899843e-09,1.867713350238217607e-02
9.224096934000655101e-09,1.818873665549533905e-02
9.433182803067297745e-09,1.837188547307790423e-02
9.388894745797827460e-09,1.850879553592561788e-02
9.240858482592037996e-09,1.835635214140916502e-02
9.217991973414569948e-09,1.824978626135619411e-02
8.659550637909864623e-09,1.803593202070752008e-02
9.770364472360326807e-09,1.853950095899173020e-02
9.329362349076708501e-09,1.808180953517100203e-02
9.417902339588515693e-09,1.831047462694568306e-02
9.390411954937563336e-09,1.864642807931606722e-02
1.478907556244821726e-08,2.006537986524173020e-02
1.026782845005845067e-08,2.059929298632068306e-02
1.021288380478368099e-08,2.055377671212856722e-02
9.942784453883320195e-09,2.070622010664502008e-02
1.006640087474476574e-08,2.066070383245290423e-02
1.004808599298650863e-08,2.070622010664502008e-02
9.869561050877430087e-09,2.069140925551901308e-02
9.985483053958781231e-09,2.085902474143283905e-02
9.979414217399832765e-09,2.084385265003546595e-02
9.901566938920458348e-09,2.076763095277724125e-02
9.585770693692298146e-09,2.052307128906245490e-02
9.967240420254799146e-09,2.082831931836673020e-02
1.579310677268288851e-08,2.276637337424533905e-02
1.110251022107673863e-08,2.307126016327824478e-02
1.088731939142400917e-08,2.328511440392691881e-02
1.070879444931493063e-08,2.310196558634435710e-02
1.047532486193108241e-08,2.320889270666869411e-02
1.059283632220644280e-08,2.316337643247657826e-02
1.062791275255608281e-08,2.337650819258252008e-02
1.058214361017401003e-08,2.325477022113217607e-02
1.061115120396469992e-08,2.333099191839040423e-02
1.026320457458496471e-08,2.339204152425125582e-02
1.033342968333851644e-08,2.304091598048350203e-02
1.027696782892400923e-08,2.304091598048350203e-02
1.624631881713867712e-08,2.516211885394467607e-02
1.197989059217048927e-08,2.540595603711673020e-02
1.127034245115338439e-08,2.536007852265324478e-02
1.102621627576423843e-08,2.534526767152724125e-02
1.124895702708851553e-08,2.558910485469929191e-02
1.098806930310798833e-08,2.543666146018283905e-02
1.153126629916104829e-08,2.528385682539502008e-02
1.137409065708970026e-08,2.542148936878546595e-02
1.132069934498180480e-08,2.545219479185157826e-02
1.095447395787094916e-08,2.522316845980553113e-02
1.100938247911858381e-08,2.532973433985850203e-02
1.116959253946940524e-08,2.545219479185157826e-02
1.718778321237275766e-08,2.720673878987625582e-02
1.231559117635091584e-08,2.749645348751179191e-02
1.238422682791045667e-08,2.778652942541869411e-02
1.194322470462684002e-08,2.772547981955783905e-02
1.185475696216930454e-08,2.777099609374995490e-02
1.161366520505963364e-08,2.784721779100818306e-02
1.173572829275420662e-08,2.771030772816046595e-02
1.174179712931315509e-08,2.798485033439862893e-02
1.183799541357792165e-08,2.784721779100818306e-02
1.204549182545055504e-08,2.796967824300125582e-02
1.157096660498417095e-08,2.786275112267691881e-02
1.199058330420292205e-08,2.774101315122657826e-02
1.778744206284032318e-08,3.007534778479369411e-02
1.315637790795528895e-08,3.021298032818413998e-02
1.294732816291578299e-08,3.050269502581967607e-02
1.285112987865101643e-08,3.010605320785980296e-02
1.253070975794937026e-08,3.013675863092591528e-02
1.274283004529548962e-08,3.028920202544236814e-02
1.287103421760328279e-08,3.034989039103185710e-02
1.258410107005726573e-08,2.980080517855553113e-02
1.242237380056670677e-08,3.009051987619106722e-02
1.270009532119288859e-08,2.986149354414502008e-02
1.258565440322413829e-08,3.016674157344929191e-02
1.243765426404548882e-08,3.018227490511803113e-02
1.265584338795055499e-08,3.022815241958151308e-02
1.834136789495294929e-08,3.202857393206967607e-02
1.399709239150538868e-08,3.245555993282429191e-02
1.322197914123535637e-08,3.250179868755913998e-02
1.367667227080374417e-08,3.277634129379730643e-02
1.341116067134973100e-08,3.233346072110258179e-02
1.344323880744703263e-08,3.286773508245290076e-02
1.353022546479196726e-08,3.270011959653907480e-02
1.365991072221236293e-08,3.260800332734074825e-02
1.376517613728841468e-08,3.285256299105553113e-02
1.362783258611505964e-08,3.273082501960519058e-02
1.349355957724831801e-08,3.254731496175125582e-02
1.362176374955611283e-08,3.266941417347296595e-02
1.935457460808031744e-08,3.477508371526540076e-02
1.505151661959561703e-08,3.511067592736442228e-02
1.472650874744762489e-08,3.488201083558974125e-02
1.434348568771825133e-08,3.497340462424533558e-02
1.437552769978841462e-08,3.524830847075486467e-02
1.464410984154903788e-08,3.549214565392692228e-02
1.465021480213512469e-08,3.503445423010619064e-02
1.449300303603663833e-08,3.521760304768875582e-02
1.429619933619644102e-08,3.508033174456967607e-02
1.459068240541400739e-08,3.520206971602001661e-02
1.423666693947532371e-08,3.512584801876179191e-02
1.450221466295647191e-08,3.533970225941046595e-02
2.024871652776545098e-08,3.744537180120290076e-02
1.595331683303370828e-08,3.772027564771242986e-02
1.580835111213453387e-08,3.800999034534796595e-02
1.572443499709621099e-08,3.762852061878546595e-02
1.587702288772120808e-08,3.791859655669236467e-02
1.577937964237098067e-08,3.796447407115585010e-02
1.564969438495058666e-08,3.781166943636803113e-02
1.560999407912745904e-08,3.808621204260619064e-02
1.546044060678193701e-08,3.776615316217591528e-02
1.603723294807203447e-08,3.787308028250024883e-02
1.558250369447650833e-08,3.822384458599663998e-02
1.561458183057380997e-08,3.772027564771242986e-02
2.180208581866640569e-08,3.997874982429269058e-02
1.768217664776426647e-08,4.026810328165685710e-02
1.759822440869880855e-08,4.031434203639170516e-02
1.762112704190341494e-08,4.051266294537163998e-02
1.729304862744880775e-08,4.029880870472296595e-02
1.756007743604256011e-08,4.025329243053085010e-02
1.747616132100423392e-08,4.023812033913348046e-02
1.767148393573183700e-08,4.032951412778907480e-02
1.787139430190578109e-08,4.060405673402724125e-02
1.760891712073124464e-08,4.025329243053085010e-02
1.771728920214104316e-08,4.040573582504730643e-02
1.792478561401367821e-08,4.029880870472296595e-02
2.409245751120827764e-08,4.240447824651540076e-02
1.995271624940814874e-08,4.266384876135619064e-02
1.977722572557854195e-08,4.280148130474663998e-02
1.984130974971887184e-08,4.270972627581967607e-02
2.003204461300012069e-08,4.293839136759435710e-02
1.992981361620354235e-08,4.281665339614400961e-02
2.007477933710272007e-08,4.287770300200486467e-02
1.999848539179022318e-08,4.274007045861442228e-02
2.006105220679081223e-08,4.260316039576670516e-02
2.044252193335331323e-08,4.283218672781274883e-02
2.056003339362867528e-08,4.287770300200486467e-02
2.035708860917525282e-08,4.257245497270059631e-02
2.053409634214459383e-08,4.266384876135619064e-02
2.673077583312988810e-08,4.467812451449303113e-02
2.304265715859153360e-08,4.498337254379730643e-02
2.279849485917525261e-08,4.483092914928085010e-02
2.323187481273304823e-08,4.498337254379730643e-02
2.293735561948834517e-08,4.480022372621474125e-02
2.358892469695120531e-08,4.507512757272427034e-02
2.355839989402077955e-08,4.501407796686341528e-02
2.363776438163988984e-08,4.473953536062524883e-02
2.348058873956854182e-08,4.493785626960519058e-02
2.405282945343942669e-08,4.513581593831375582e-02
2.407266154433741968e-08,4.499890587546603871e-02
2.422217889265580999e-08,4.496820045239992986e-02
3.028151483246774923e-08,4.689072117660980643e-02
2.680706977844238830e-08,4.737911802349663998e-02
2.652017275492350462e-08,4.736394593209927034e-02
2.691995736324426108e-08,4.731770717736442228e-02
2.729839267152728702e-08,4.736394593209927034e-02
2.702067115090110520e-08,4.718079711451670516e-02
2.766916968605735525e-08,4.727219090317230643e-02
2.785994067336573912e-08,4.715009169145059631e-02
2.794844453985041294e-08,4.734841260043053113e-02
2.776226130398837337e-08,4.736394593209927034e-02
2.831925767840761620e-08,4.745533972075486467e-02
2.835126356645064115e-08,4.762295520666869064e-02
3.431906122149843482e-08,4.945408214222296595e-02
3.106891025196422687e-08,4.962242010867952413e-02
3.133593906055797923e-08,4.975933017152724125e-02
3.170826940825491671e-08,4.988179062352031401e-02
3.176624847180915814e-08,4.960652553673942228e-02
3.216144532868357029e-08,4.988179062352031401e-02
3.243306188872367026e-08,4.989696271491769058e-02
3.257954481876257889e-08,4.956100926254730643e-02
3.267111922755386280e-08,4.962242010867952413e-02
3.319907188415527574e-08,4.982037977738809631e-02
3.335624752622662376e-08,4.979003559459335010e-02
3.310139251477791330e-08,4.986625729185157480e-02
3.954833926576557042e-08,5.162080128987625582e-02
3.633023030830152576e-08,5.194158265084927034e-02
3.687801505580093169e-08,5.209438728563708931e-02
3.716946370673902465e-08,5.247585701219958931e-02
3.721371563998135825e-08,5.210919813676309631e-02
3.747922723943537308e-08,5.233822446880913998e-02
3.763029792092063595e-08,5.212509270870319816e-02
3.789732672951438830e-08,5.145318580396242986e-02
3.840544729521780825e-08,5.236892989187524883e-02
3.871521082791415668e-08,5.218578107429269058e-02
3.845276977076675194e-08,5.192604931918053113e-02
3.907529513041178882e-08,5.233822446880913998e-02
4.543987909952799892e-08,5.395585840398610389e-02
4.264286792639530290e-08,5.426110643329037919e-02
4.301061052264589938e-08,5.455082113092591528e-02
4.309456276171136060e-08,5.461187073678677034e-02
4.369725603045839787e-08,5.455082113092591528e-02
4.352331883979566695e-08,5.464257615985287919e-02
4.397653088425145556e-08,5.436767231334335010e-02
4.431374867757161965e-08,5.459633740511803113e-02
4.410011118108576773e-08,5.449013276533642286e-02
4.446174881675026581e-08,5.424557310162163998e-02
4.456246260440710993e-08,5.456635446259465450e-02
4.519264625780511114e-08,5.452011570785980643e-02
4.511176456104626001e-08,5.442872191920420516e-02
5.137715195164536353e-08,5.656509688406274883e-02
4.921646551652388228e-08,5.667202400438708931e-02
4.964525771863533028e-08,5.712971542820781401e-02
4.978411847894842284e-08,5.691586118755913998e-02
4.991380373636882016e-08,5.659580230712886462e-02
5.020218184500030304e-08,5.693139451922787919e-02
5.048600832621257332e-08,5.677895112471142286e-02
5.106431787664240501e-08,5.690068909616177034e-02
5.087206580422142525e-08,5.676341779304268365e-02
5.141985055172082456e-08,5.682446739890353871e-02
5.154957193316835691e-08,5.671754027857920516e-02
5.163045362992720804e-08,5.699208288481736467e-02
5.830472888368549651e-08,5.925091830166898804e-02
5.638668753884056204e-08,5.961685469656274883e-02
5.649498737219608057e-08,5.940336169618544437e-02
5.668879277778394613e-08,5.957097718209927034e-02
5.668424115036473354e-08,5.949475548484103871e-02
5.723354310700388361e-08,5.952546090790715450e-02
5.740292867024740194e-08,5.946405006177492986e-02
5.746549548524799762e-08,5.952546090790715450e-02
5.765012538794315469e-08,5.947994463371503865e-02
5.791408365423029695e-08,5.970860972548971274e-02
5.791870752970378623e-08,5.944923921064892286e-02
5.828948454423385114e-08,5.954063299930452413e-02
6.449226899580523057e-08,6.164594130082559631e-02
6.346533515236595789e-08,6.215023271965253865e-02
6.295110962607643955e-08,6.211952729658642286e-02
6.361181808240485991e-08,6.237889781142721274e-02
6.312201239845970865e-08,6.228714278250024883e-02
6.379034302451394506e-08,6.202741102738809631e-02
6.419930313572738684e-08,6.213433814771242986e-02
6.457770231998329429e-08,6.210399396491768365e-02
6.458229007142962206e-08,6.204330559932819816e-02
6.410776485096324458e-08,6.213433814771242986e-02
6.500649452209472244e-08,6.205811645045420516e-02
6.497596971916430329e-08,6.167664672389170516e-02
7.161520466660008844e-08,6.375233332316075641e-02
6.975969401272861461e-08,6.410309762665715450e-02
7.042499022050337597e-08,6.396546508326669822e-02
7.062486446265018502e-08,6.433212395870320510e-02
7.047382990519207042e-08,6.433212395870320510e-02
7.093004024390018583e-08,6.408756429498840834e-02
7.068591406851104979e-08,6.413380304972325641e-02
7.146868561253403154e-08,6.419449141531274883e-02
7.125963586749452724e-08,6.440834565596142980e-02
7.190051223292494798e-08,6.436246814149794437e-02
7.193714199644147213e-08,6.416378599224664692e-02
7.245136752273097724e-08,6.433212395870320510e-02
7.196307904792555027e-08,6.431622938676309631e-02
7.831086534442324245e-08,6.611737337979399498e-02
7.720608422250459370e-08,6.631569428877392980e-02
7.680019465359775540e-08,6.652954852942259689e-02
7.756161689758301325e-08,6.640708807742952413e-02
7.781491857586485777e-08,6.649884310635649498e-02
7.812619931770093711e-08,6.648330977468774883e-02
7.801175839973219177e-08,6.616288965398610389e-02
7.884795737989020899e-08,6.677338571259465450e-02
7.837798378684304410e-08,6.628498886570781401e-02
7.813078706914729135e-08,6.631569428877392980e-02
7.850922237743031398e-08,6.619359507705221968e-02
7.863128546512488862e-08,6.613254547119136462e-02
8.555124022743919230e-08,6.837548631610287919e-02
8.411538239681359302e-08,6.874214519153937220e-02
8.408026984243683287e-08,6.877212813406274883e-02
8.374763980056301640e-08,6.860451264814892980e-02
8.412300456653942232e-08,6.886388316298971968e-02
8.415197603630297553e-08,6.904703198057228486e-02
8.461129304134484929e-08,6.898598237471142980e-02
8.461129304134484929e-08,6.904703198057228486e-02
8.400704643943092622e-08,6.900079322583743680e-02
8.413673169685133016e-08,6.909290949503575641e-02
8.419012300895922397e-08,6.904703198057228486e-02
8.473794388048576493e-08,6.918430328369136462e-02
9.066759456287730685e-08,7.106094649343774883e-02
8.999926393682307043e-08,7.154934334032458931e-02
8.963303854971221811e-08,7.135102243134465450e-02
8.917523875381008187e-08,7.125962864268904629e-02
8.903030915693803257e-08,7.121338988795419822e-02
8.894180529045336538e-08,7.104577440204037919e-02
8.914016232346043690e-08,7.156487667199332159e-02
8.921493905963319627e-08,7.132031700827853871e-02
8.920883409904711773e-08,7.150346582586110389e-02
8.895098079334606062e-08,7.151863791725847352e-02
8.846417340365322954e-08,7.150346582586110389e-02
8.824598427974817164e-08,7.107647982510649498e-02
9.406426458647757170e-08,7.348739739620320510e-02
9.293051199479536975e-08,7.362466869932228486e-02
9.264058055299701431e-08,7.380745627663347352e-02
9.171894824866092014e-08,7.359432451652753171e-02
9.205006108139501232e-08,7.389921130556044437e-02
9.201039689959902634e-08,7.368535706491176340e-02
9.165027647307425255e-08,7.368535706491176340e-02
9.121234489209724434e-08,7.376194000244136462e-02
9.096818259268096665e-08,7.394508882002392980e-02
9.031661351521809989e-08,7.357842994458743680e-02
9.010145880959251705e-08,7.368535706491176340e-02
9.003282315803296464e-08,7.367054621378575641e-02
9.547111482331247612e-08,7.614251339074332159e-02
9.412834861061791152e-08,7.652398311730582159e-02
9.378502585671166227e-08,7.673711487741176340e-02
9.331042838819098826e-08,7.675300944935187220e-02
9.276419697385845489e-08,7.664608232902753171e-02
9.303274299159194478e-08,7.666089318015353871e-02
9.257956707116329120e-08,7.702755205559003171e-02
9.187153613928592716e-08,7.663091023763016207e-02
9.109486955584902394e-08,7.643222808837886462e-02
9.130847092830774083e-08,7.702755205559003171e-02
9.087509097474994521e-08,7.638635057391537919e-02
9.038683862397165990e-08,7.655468854037193738e-02
9.035783103018096505e-08,7.638635057391537919e-02
9.616697195804481151e-08,7.899595029426338677e-02
9.471428033077355927e-08,7.925495956883281401e-02
9.434502052538323189e-08,7.936188668915715450e-02
9.417411775299997603e-08,7.934671459775978486e-02
9.367210214788264123e-08,7.940740296334926340e-02
9.316853320959842725e-08,7.948398590087886462e-02
9.313038623694217880e-08,7.937742002082588677e-02
9.255666443795868812e-08,7.925495956883281401e-02
9.252003467444217720e-08,7.910251617431636462e-02
9.245902119260845409e-08,7.936188668915715450e-02
9.252306909272165226e-08,7.934671459775978486e-02
9.180896932428533810e-08,7.925495956883281401e-02
9.824218894496108077e-08,8.091847101847325641e-02
9.677884072968455064e-08,8.161999962546603871e-02
9.657130819378478387e-08,8.157448335127392980e-02
9.609371243101177644e-08,8.166623838020088677e-02
9.627375458226059913e-08,8.192597013531305317e-02
9.683989033554540217e-08,8.192597013531305317e-02
9.665370709968335929e-08,8.166623838020088677e-02
9.605556545835552800e-08,8.172692674579037919e-02
9.605708266749526553e-08,8.157448335127392980e-02
9.648587486960672014e-08,8.157448335127392980e-02
9.608912467956543544e-08,8.165070504853215450e-02
9.640499317284786901e-08,8.171211589466437220e-02
1.033508849866462376e-07,8.375673583059595195e-02
1.013611374479351605e-07,8.410786137436371268e-02
1.013824867479728976e-07,8.392435131650978486e-02
1.012146545178962452e-07,8.426030476888016207e-02
1.008896105217211164e-07,8.381742419618544437e-02
1.005126924225778313e-07,8.390954046538377786e-02
1.010269540728944781e-07,8.386330171064892980e-02
1.005768125707452863e-07,8.378708001339070510e-02
1.002945032986727734e-07,8.401574510516537919e-02
1.002640146197694827e-07,8.419889392274794437e-02
1.002243143139463551e-07,8.416854973995320510e-02
9.997560038711086478e-08,8.401574510516537919e-02
1.061844897992683161e-07,8.618282549309003171e-02
1.041016506426262176e-07,8.638078516179860389e-02
1.038147536191073504e-07,8.671673861416899498e-02
1.034485643560236133e-07,8.632009679620911147e-02
1.032105070171934274e-07,8.670156652277161147e-02
1.033875147501627618e-07,8.673227194583772726e-02
1.023727908278956594e-07,8.636597431067259689e-02
1.022476571978944813e-07,8.630456346454037919e-02
1.022964968825831493e-07,8.635080221927522726e-02
1.019913211013331485e-07,8.645736809932820510e-02
1.018753268501975372e-07,8.647290143099693738e-02
1.018326282501220761e-07,8.647290143099693738e-02
1.081574757893880103e-07,8.839506091493544437e-02
1.067109252467300048e-07,8.896004069935187220e-02
1.066636027711810478e-07,8.896004069935187220e-02
1.068024635314941470e-07,8.873101436730582159e-02
1.065476446440725650e-07,8.853269345832588677e-02
1.069184577826297583e-07,8.876171979037193738e-02
1.073212768092300064e-07,8.888345776182228486e-02
1.082352869438402580e-07,8.854786554972325641e-02
1.087114016215006563e-07,8.897485155047787919e-02
1.088319113760283518e-07,8.870030894423971968e-02
1.096910129893909853e-07,8.863962057865022726e-02
1.104997577089252001e-07,8.847164385246503171e-02
1.117845448580655299e-07,8.866960352117360389e-02
1.194461258974942467e-07,9.047074751420450256e-02
1.197802731485077874e-07,9.124885905872687220e-02
1.201419107841722855e-07,9.094361102942259689e-02
1.211383559487082675e-07,9.120298154426338677e-02
1.223193948919122715e-07,9.126439239039560447e-02
1.228854945211699461e-07,9.109605442393904629e-02
1.239536097555449555e-07,9.112675984700516207e-02
1.250599080866033418e-07,9.106534900087294437e-02
1.257755250641793935e-07,9.100466063528345195e-02
1.263965693387118411e-07,9.097431645248871268e-02
1.274265737244577040e-07,9.130990866458772726e-02
1.284443681890314099e-07,9.114193193840253171e-02
1.356343861782189674e-07,9.286649299390384305e-02
1.358159816626346561e-07,9.347698905251237977e-02
1.356878136143540029e-07,9.329347899465845195e-02
1.353902600028298182e-07,9.349179990363838677e-02
1.352712313334147318e-07,9.353767741810187220e-02
1.353749795393510179e-07,9.367494872122095195e-02
1.349737138459176887e-07,9.326313481186371268e-02
1.348211259552926685e-07,9.333935650912193738e-02
1.349279085795084826e-07,9.327794566298971968e-02
1.347829789826364333e-07,9.301893638842029244e-02
1.347432786768132924e-07,9.337006193218805317e-02
1.345555782318115120e-07,9.333935650912193738e-02
1.418417583812366945e-07,9.553678107984134305e-02
1.413672331607703170e-07,9.604035001812555317e-02
1.408316222104159331e-07,9.608586629231766207e-02
1.407538110559636987e-07,9.600964459505943738e-02
1.403768929568204004e-07,9.607069420092029244e-02
1.398001367395574478e-07,9.581132368607950256e-02
1.394629189462372904e-07,9.576580741188737977e-02
1.391104206894383326e-07,9.576580741188737977e-02
1.386587619781494166e-07,9.573510198882127786e-02
1.380224372401381952e-07,9.578061826301338677e-02
1.378652615980668472e-07,9.573510198882127786e-02
1.379125840736157909e-07,9.585683996027161147e-02
1.447653842694831645e-07,9.785630486228244496e-02
1.457160241676099403e-07,9.840539007475877786e-02
1.468055248260498152e-07,9.849678386341437220e-02
1.494926467086329653e-07,9.857300556067259689e-02
1.521385510762532369e-07,9.845090634895088677e-02
1.553856676275079963e-07,9.839021798336139435e-02
1.594873341647061634e-07,9.823777458884494496e-02
1.639994057742032264e-07,9.845090634895088677e-02
1.688853610645641128e-07,9.840539007475877786e-02
1.735546083161325239e-07,9.858853889234134305e-02
1.768490112189090588e-07,9.843609549782487977e-02
1.801541429577451814e-07,9.851231719508310447e-02
1.903914032560406231e-07,1.006327975880015463e-01
1.936431075587417102e-07,1.008925293431137127e-01
1.963393688201904271e-07,1.011974161321466115e-01
1.980010740684740420e-07,1.008466518286502273e-01
1.994918765443744142e-07,1.009842843720406697e-01
2.015320171009410650e-07,1.009380456173058216e-01
2.026688221729163128e-07,1.012588269782788430e-01
2.026917067441073186e-07,1.006790363427363943e-01
2.044129263270984899e-07,1.010298006462327924e-01
2.048905040278579133e-07,1.008318409775242203e-01
2.053879860675696328e-07,1.010904890118222849e-01
2.054230624979192513e-07,1.005872813138094374e-01
2.060303796421398043e-07,1.007856022227893722e-01
2.134722001624830000e-07,1.026163679180722849e-01
2.147600578539299332e-07,1.033030856739390463e-01
2.152407060969959468e-07,1.033337910970051621e-01
2.159472017577200290e-07,1.031206593368992203e-01
2.159990758606881853e-07,1.031506422794225969e-01
2.162615530418627515e-07,1.029830267935087779e-01
2.165697813034057585e-07,1.032575693997469374e-01
2.174044450124104938e-07,1.031813477024887127e-01
2.178088173721775813e-07,1.032731027314156697e-01
2.173983581138379993e-07,1.029523213704426621e-01
2.174914316697554102e-07,1.030592484907670026e-01
2.180422869595614263e-07,1.028916330048531697e-01
2.249622417218757299e-07,1.048903754263212779e-01
2.256275198676369602e-07,1.053025505759498798e-01
2.256321256810968852e-07,1.052566730614863943e-01
2.261783751574429762e-07,1.053935831243341115e-01
2.267521330804535688e-07,1.054094776962742203e-01
2.262562043739087814e-07,1.051956234556255532e-01
2.268406188849247049e-07,1.051190405180959520e-01
2.267704299001982998e-07,1.052566730614863943e-01
2.273258729414506436e-07,1.053787722732081045e-01
2.269916895664099612e-07,1.054242885474002273e-01
2.279301195433645534e-07,1.054856993935324450e-01
2.273334951111764729e-07,1.055005102446584520e-01
2.350118196371830150e-07,1.075606635122587779e-01
2.357213858402136609e-07,1.078052231759735607e-01
2.357686902537490338e-07,1.077438123298413430e-01
2.355947169390591745e-07,1.079576665704900101e-01
2.350881135824955119e-07,1.078659115415630532e-01
2.357244202584931095e-07,1.079576665704900101e-01
2.356649239857991769e-07,1.077286402384439595e-01
2.360830234758781855e-07,1.078200340270995677e-01
2.366277557430845124e-07,1.080797657822117203e-01
2.366308082233775848e-07,1.077745177529074450e-01
2.364522832812685129e-07,1.079421332388212779e-01
2.361928766424005898e-07,1.076982960556492203e-01
2.430228283911040728e-07,1.099712198430841115e-01
2.440985838572184294e-07,1.105517329591692854e-01
2.438498699303828994e-07,1.101850740837327924e-01
2.439170064348162851e-07,1.103833949927127273e-01
2.446814811590946154e-07,1.104596166899709520e-01
2.436713269262602832e-07,1.104755112619110607e-01
2.441397833101677105e-07,1.104292725071762127e-01
2.439933003801288085e-07,1.103989283243814595e-01
2.446235020955403673e-07,1.105054942044344374e-01
2.446143446546612297e-07,1.103989283243814595e-01
2.440756812240137999e-07,1.100174585978189595e-01
2.443656126658121818e-07,1.100174585978189595e-01
2.513450817628340419e-07,1.122145219282670026e-01
2.518867796117609467e-07,1.124283761689156697e-01
2.522301204276807403e-07,1.124590815919817854e-01
2.517830314058246341e-07,1.123976707458495677e-01
2.520759972659024382e-07,1.127791404724120677e-01
2.525688554301406088e-07,1.127643296212860607e-01
2.534492882815274352e-07,1.130081668044581045e-01
2.524971492362744927e-07,1.124435482603130532e-01
2.525292093103582069e-07,1.125353032892400101e-01
2.524162675395156151e-07,1.125197699575712779e-01
2.520332625417998487e-07,1.125660087123061259e-01
2.523796558380126882e-07,1.125197699575712779e-01
2.526283878268617890e-07,1.125660087123061259e-01
2.600000193624785531e-07,1.147020224368933000e-01
2.597756891539602485e-07,1.149917371345288430e-01
2.595681746800740526e-07,1.147171945282906697e-01
2.597207806327126701e-07,1.149462208603367203e-01
2.600564631548794928e-07,1.147478999513567854e-01
2.598062139568906545e-07,1.148548270716811259e-01
2.600183161822232576e-07,1.152207634665748798e-01
2.603997859087857156e-07,1.147934162255488943e-01
2.600320433125351787e-07,1.147627108024827924e-01
2.601098725290009045e-07,1.146864891052245677e-01
2.595269752271247715e-07,1.145340457107081045e-01
2.600122112216371658e-07,1.150372534087209520e-01
2.673151890436808067e-07,1.172043337966456045e-01
2.678065119367657219e-07,1.174637043114863943e-01
2.674433570919614863e-07,1.173419663400360607e-01
2.682200417374119471e-07,1.174488934603604012e-01
2.678202571290912138e-07,1.173567771911620677e-01
2.682368213480169141e-07,1.174788764028837779e-01
2.674158847693241263e-07,1.173723105228308000e-01
2.679774327711625618e-07,1.174488934603604012e-01
2.681101705088759720e-07,1.178451740380488943e-01
2.683985666795210455e-07,1.176313197974002273e-01
2.678461941805753184e-07,1.177382469177245677e-01
2.681345903512203390e-07,1.176927306435324450e-01
2.756847648909597723e-07,1.201646978204900101e-01
2.756664319471879262e-07,1.202867970322117203e-01
2.756252505562522159e-07,1.201339923974238943e-01
2.757839434074633015e-07,1.202716249408143506e-01
2.748745029622858597e-07,1.200425986087683000e-01
2.753414240750399258e-07,1.201032869743577924e-01
2.754085786414869353e-07,1.203478466380725753e-01
2.764034524108424143e-07,1.203785520611386911e-01
2.759197336254697575e-07,1.202102140946821329e-01
2.761989723552356934e-07,1.203630187294699450e-01
2.762142347567009228e-07,1.203630187294699450e-01
2.760402975660381787e-07,1.202102140946821329e-01
2.832272811369462347e-07,1.222244898478189595e-01
2.838864723841348910e-07,1.227735750602952924e-01
2.831784595142711243e-07,1.224686882712623798e-01
2.837430419343890879e-07,1.223621223912094158e-01
2.837583043358542643e-07,1.228501579978248798e-01
2.831464175022009809e-07,1.224383440884676405e-01
2.838147661902687749e-07,1.226825425119110607e-01
2.836515036496249059e-07,1.226366649974475753e-01
2.834546457637440143e-07,1.223465890595406697e-01
2.835645169922799895e-07,1.227894696322354012e-01
2.827649477756384699e-07,1.225449099685206045e-01
2.831403125416148891e-07,1.222096789966929525e-01
2.903273141745365160e-07,1.248337283278956045e-01
2.908522324128584538e-07,1.249861717224120677e-01
2.911879149350252765e-07,1.249406554482199450e-01
2.906111406557487531e-07,1.248799670826304525e-01
2.906675844481496928e-07,1.250475825685442854e-01
2.904997522180730405e-07,1.249861717224120677e-01
2.907713507160996292e-07,1.251086321744051266e-01
2.905394163998690661e-07,1.249713608712860607e-01
2.906370777072328578e-07,1.247730399623061259e-01
2.903471462654345288e-07,1.247730399623061259e-01
2.908506971417051455e-07,1.248947779337564595e-01
2.901701565944786858e-07,1.247423345392400101e-01
2.899580363071326177e-07,1.249561887798886911e-01
2.968093373558737982e-07,1.269697420524827924e-01
2.978942683248809162e-07,1.274126226251775240e-01
2.982375910787871390e-07,1.273671063509853874e-01
2.977996594978101705e-07,1.275195497455018367e-01
2.975783998315984297e-07,1.270618583216811259e-01
2.972198146762269775e-07,1.271532521103367341e-01
2.973830772168708465e-07,1.272757125623298069e-01
2.977493026039816988e-07,1.273364009279192854e-01
2.969527858676332251e-07,1.270925637447472278e-01
2.975829695210312661e-07,1.272757125623298069e-01
2.975707595998590825e-07,1.275347218368992341e-01
2.972930561412464550e-07,1.270925637447472278e-01
3.038483207876032147e-07,1.292285774693344158e-01
3.048447478901256258e-07,1.296862688931551266e-01
3.044403755303584853e-07,1.295793417728308139e-01
3.049729159384063054e-07,1.296100471958969158e-01
3.049149368748520574e-07,1.294117262869169671e-01
3.049896955490112195e-07,1.297014409845525240e-01
3.049317345474705422e-07,1.297931960134794671e-01
3.042572808988166565e-07,1.296100471958969158e-01
3.050263253125277171e-07,1.297469572587446329e-01
3.048569578112978093e-07,1.298390735279429664e-01
3.046860550389145403e-07,1.296559247103603874e-01
3.042481234579375717e-07,1.294883092244465683e-01
3.110109025781804745e-07,1.315325679201067854e-01
3.118638992309570295e-07,1.319295709783380177e-01
3.114992091149994855e-07,1.317612330118814734e-01
3.113404982017748291e-07,1.317157167376893367e-01
3.118745738809759046e-07,1.320516701900597278e-01
3.114915688832600854e-07,1.319750872525301266e-01
3.119920672792377091e-07,1.320820143728544671e-01
3.110612594720088932e-07,1.315780841942988943e-01
3.113588311455466223e-07,1.319447430697353874e-01
3.118257522583007943e-07,1.320664810411857348e-01
3.117403008721091332e-07,1.322496298587683139e-01
3.121431379607229654e-07,1.322041135845761772e-01
3.182864261396003261e-07,1.339738296739982348e-01
3.192080584439364335e-07,1.344315210978189734e-01
3.191058274471398585e-07,1.343097831263686259e-01
3.183016704790519847e-07,1.342335614291103874e-01
3.186953501267866792e-07,1.343404885494347278e-01
3.187426726023356229e-07,1.343708327322294671e-01
3.186968853979399875e-07,1.344011769150242341e-01
3.184481714711045105e-07,1.341876839146469158e-01
3.191180373683119891e-07,1.344622265208850753e-01
3.185458147164546783e-07,1.342946110349712563e-01
3.184359615499323270e-07,1.343860048236268367e-01
3.183581323334664952e-07,1.342639056119051266e-01
3.253543991031068931e-07,1.363388697306314734e-01
3.254184831272472329e-07,1.364154526681610469e-01
3.261936325015443854e-07,1.367510448802600753e-01
3.250827825430667865e-07,1.364457968509558139e-01
3.255359765255089844e-07,1.368272665775183139e-01
3.249149322509765633e-07,1.364002805767636772e-01
3.254566300999034681e-07,1.364457968509558139e-01
3.255619135769930891e-07,1.367055286060679664e-01
3.254367980090054553e-07,1.367665782119288076e-01
3.256351550420125665e-07,1.367055286060679664e-01
3.256855119358409853e-07,1.367665782119288076e-01
3.253345670122088803e-07,1.369341936978426266e-01
3.257358688296694040e-07,1.368124557263923069e-01
3.315022569714170373e-07,1.392082012060916196e-01
3.327153559887047820e-07,1.397720972696939734e-01
3.327199256781376184e-07,1.396351872068462563e-01
3.322346896836251711e-07,1.391774957830255177e-01
3.326680515751694091e-07,1.395134492353959088e-01
3.320759968324140856e-07,1.394672104806610469e-01
3.319691780841712092e-07,1.394213329661975753e-01
3.326543244448575410e-07,1.394065221150715683e-01
3.324528968695438660e-07,1.394520383892636772e-01
3.315953305273345276e-07,1.394213329661975753e-01
3.318181254646994709e-07,1.390250523885090683e-01
3.316624850937814312e-07,1.394368662978663076e-01
3.326451489419647796e-07,1.416953404744465683e-01
3.326756737448952384e-07,1.417715621717048069e-01
3.327077157569654348e-07,1.416494629599830968e-01
3.326832959146210677e-07,1.417256846572413076e-01
3.327214428872773030e-07,1.417101513255725753e-01
3.326817787054813302e-07,1.417560288400360469e-01
3.326802614963415927e-07,1.416646350513804664e-01
3.326695687843091996e-07,1.418477838689630177e-01
3.326832959146210677e-07,1.416953404744465683e-01
3.326482014222578784e-07,1.421374985665985469e-01
3.326573588631369631e-07,1.420609156290689734e-01
3.326588760722767007e-07,1.419547109892873582e-01
3.325917576298569387e-07,1.434191790494051266e-01
3.325887051495638928e-07,1.439534534107554664e-01
3.326024322798757610e-07,1.439227479876893367e-01
3.325887051495638928e-07,1.437858379248416196e-01
3.325887051495638928e-07,1.438313541990337563e-01
3.326009150707360234e-07,1.437551325017755177e-01
3.326268521222201280e-07,1.439382813193580968e-01
3.325887051495638928e-07,1.441821185025301266e-01
3.325963273192897221e-07,1.440910859541459088e-01
3.326405792525320491e-07,1.438927650451659601e-01
3.326161774722012529e-07,1.439075758962919671e-01
3.325902223587036304e-07,1.439075758962919671e-01
3.325124112042513695e-07,1.458456299521705968e-01
3.325093406619447528e-07,1.461660500728722278e-01
3.325246030634099822e-07,1.462877880443225753e-01
3.325200333739771988e-07,1.461815834045409601e-01
3.324986660119258776e-07,1.461508779814748582e-01
3.325047709725119693e-07,1.463491988904548069e-01
3.324879913619070553e-07,1.461508779814748582e-01
3.325184981028238904e-07,1.461660500728722278e-01
3.325459704254613034e-07,1.462729771931965683e-01
3.325673377875125716e-07,1.462422717701304664e-01
3.325062881816517069e-07,1.463033213759913076e-01
3.325307080239960210e-07,1.462270996787330968e-01
3.324818864013209636e-07,1.485921397353663076e-01
3.324101621454412236e-07,1.487904606443462563e-01
3.324559312878232881e-07,1.487904606443462563e-01
3.324498443892507672e-07,1.485617955525715683e-01
3.324437394286646754e-07,1.487756497932202493e-01
3.324345819877855907e-07,1.487597552212801266e-01
3.324040571848551318e-07,1.490805365822531481e-01
3.324605190392696424e-07,1.486073118267636772e-01
3.324330467166322823e-07,1.487449443701541196e-01
3.323842250939571190e-07,1.486990668556906481e-01
3.324193195863203613e-07,1.488363381588097278e-01
3.324559312878232881e-07,1.488211660674123582e-01
3.324132326877478403e-07,1.486528281009558139e-01
3.323613405227661132e-07,1.508354418205491987e-01
3.323445428501476284e-07,1.511713952729195898e-01
3.323384559515751074e-07,1.511862061240455968e-01
3.323216582789565697e-07,1.509723518833969158e-01
3.323674454833522050e-07,1.507899255463570898e-01
3.323659102121988966e-07,1.509423689408735392e-01
3.323292804486823990e-07,1.508047363974830968e-01
3.323445428501476284e-07,1.510337627295291196e-01
3.323796373425108177e-07,1.510644681525952493e-01
3.323598233136263757e-07,1.511251565181847278e-01
3.323537002910267131e-07,1.511406898498534601e-01
3.323643930030591591e-07,1.511251565181847278e-01
3.323003089789188722e-07,1.533836306947649886e-01
3.322789416168675510e-07,1.537651004213274886e-01
3.322835113063002815e-07,1.535364353295528006e-01
3.322728366562814593e-07,1.535512461806788076e-01
3.323384559515751074e-07,1.536581733010031481e-01
3.323003089789188722e-07,1.537188616665926266e-01
3.323506658727472380e-07,1.534750244834205968e-01
3.323094664197979569e-07,1.537651004213274886e-01
3.323537002910267131e-07,1.538716663013804664e-01
3.323369206804217991e-07,1.540241096958969158e-01
3.323354034712820086e-07,1.536278291182084088e-01
3.323308157198357073e-07,1.539634213303074373e-01
3.322758891365744522e-07,1.560997962951659601e-01
3.322377421639182170e-07,1.562674117810798069e-01
3.322514692942301381e-07,1.563436334783380177e-01
3.322697841759883604e-07,1.563591668100067500e-01
3.322118051124341653e-07,1.559776970834442500e-01
3.322819940971605969e-07,1.564198551755962563e-01
3.322591095259695382e-07,1.564050443244702493e-01
3.322316372033321252e-07,1.563284613869406481e-01
3.322407946442112629e-07,1.561760179924241987e-01
3.322133223215739029e-07,1.564505605986623582e-01
3.322057001518480736e-07,1.563284613869406481e-01
3.322377421639182170e-07,1.560997962951659601e-01
3.321294062065356031e-07,1.581747604138923069e-01
3.321263356642289335e-07,1.586172797463156481e-01
3.321034510930379277e-07,1.582665154428192500e-01
3.321034510930379277e-07,1.586324518377130177e-01
3.321019338838981902e-07,1.584648363517991987e-01
3.321202487656564655e-07,1.585869355635209088e-01
3.321126085339170654e-07,1.587393789580373582e-01
3.321034510930379277e-07,1.586786905924478797e-01
3.321294062065356031e-07,1.587086735349712563e-01
3.321263356642289335e-07,1.584034255056669671e-01
3.321339758959683336e-07,1.581902937455610392e-01
3.321263356642289335e-07,1.584800084431965683e-01
3.320683746626882563e-07,1.605860392252603797e-01
3.320454900914972505e-07,1.611658298608028006e-01
3.320439548203439421e-07,1.609675089518228797e-01
3.320454900914972505e-07,1.609826810432202493e-01
3.320592172218091715e-07,1.610896081635445898e-01
3.320485245097767255e-07,1.609826810432202493e-01
3.320058078476877069e-07,1.610589027404784601e-01
3.320271571477254573e-07,1.610896081635445898e-01
3.320607344309488561e-07,1.612420515580610392e-01
3.320637869112419550e-07,1.610589027404784601e-01
3.320729443521210397e-07,1.609826810432202493e-01
3.320286924188787127e-07,1.611044190146705968e-01
3.320424195491906338e-07,1.612572236494584088e-01
3.319722305644642022e-07,1.629662513732909601e-01
3.319462935129801505e-07,1.635763861916281481e-01
3.319844404856363857e-07,1.634694590713038076e-01
3.319493459932731964e-07,1.637291908264159601e-01
3.319508632024129339e-07,1.635153365857673069e-01
3.319585034341522811e-07,1.634853536432439303e-01
3.319371360721010128e-07,1.633477210998534601e-01
3.319752830447572481e-07,1.634546482201778006e-01
3.319340835918079670e-07,1.636070916146942500e-01
3.319523984735661893e-07,1.634087707057143291e-01
3.320042725765343985e-07,1.633325490084560905e-01
3.319249261509288822e-07,1.632714994025952493e-01
3.319081465403238623e-07,1.655758510936389816e-01
3.318928841388586859e-07,1.657434665795528006e-01
3.318608421267885424e-07,1.657741720026189303e-01
3.318379575555974837e-07,1.659573208202014816e-01
3.318455797253233130e-07,1.658959099740692500e-01
3.318532199570627131e-07,1.659417874885327493e-01
3.318669470873746342e-07,1.659266153971353797e-01
3.318440625161835225e-07,1.662773797006317500e-01
3.319020415797377706e-07,1.660335425174597201e-01
3.318425453070438379e-07,1.662011580033735392e-01
3.318425453070438379e-07,1.661249363061153006e-01
3.318272829055786085e-07,1.661397471572413076e-01
3.318104852329601237e-07,1.681540229103781481e-01
3.317830129103227107e-07,1.681236787275834088e-01
3.318059155435272873e-07,1.682761221220998582e-01
3.317937056223551038e-07,1.681392120592521411e-01
3.318135377132531166e-07,1.682306058479077493e-01
3.317845481814760191e-07,1.681085066361860392e-01
3.317723382603038355e-07,1.681999004248416196e-01
3.318013277920809331e-07,1.681540229103781481e-01
3.317830129103227107e-07,1.682154337565103797e-01
3.318013277920809331e-07,1.682609500307024886e-01
3.318059155435272873e-07,1.684444600885564303e-01
3.317692857800107896e-07,1.680933345447886695e-01
3.317006320664377193e-07,1.699089281486741987e-01
3.316853696649724370e-07,1.707332784479314303e-01
3.316899393544052733e-07,1.703359141494288076e-01
3.316914746255585287e-07,1.704428412697531481e-01
3.316975615241311026e-07,1.703359141494288076e-01
3.316716244726469980e-07,1.705349575389514816e-01
3.316487399014559393e-07,1.707173838759913076e-01
3.316822991226658732e-07,1.706874009334679310e-01
3.316578973423351299e-07,1.705194242072827493e-01
3.317006320664377193e-07,1.707480892990574095e-01
3.316853696649724370e-07,1.706718676017991987e-01
3.317174116770426334e-07,1.705804738131435905e-01
3.316182150985255334e-07,1.727930704752603797e-01
3.315892436287619537e-07,1.732052456248889816e-01
3.315754984364365148e-07,1.732200564760149886e-01
3.315907608379016912e-07,1.730369076584324095e-01
3.316136454090927500e-07,1.730676130814985392e-01
3.315922780470414817e-07,1.731745402018228797e-01
3.316396005225904254e-07,1.729913913842403006e-01
3.316258553302649335e-07,1.734945990822531481e-01
3.316578973423351299e-07,1.732359510479550835e-01
3.316319602908510253e-07,1.730524409901011695e-01
3.316334774999907628e-07,1.732200564760149886e-01
3.316441521500096380e-07,1.729307030186508221e-01
3.316365299802838087e-07,1.729455138697768291e-01
3.316121281999530124e-07,1.751274051088274886e-01
3.315938133181947901e-07,1.757534344991047714e-01
3.315785509167295606e-07,1.757071957443699095e-01
3.315968657984877830e-07,1.755702856815222201e-01
3.316060051773533498e-07,1.755247694073300835e-01
3.315846558773156524e-07,1.755088748353899886e-01
3.315816033970226065e-07,1.753871368639396411e-01
3.315449736335061088e-07,1.757534344991047714e-01
3.315632885152643312e-07,1.756009911045883221e-01
3.315724459561434689e-07,1.754785306525952493e-01
3.315648237864176396e-07,1.756009911045883221e-01
3.315434564243663713e-07,1.754940639842639816e-01
3.314717321684866314e-07,1.776300777088511695e-01
3.314686796881935855e-07,1.777370048291755100e-01
3.314702149593468938e-07,1.782098683443935905e-01
3.314748027107931951e-07,1.779660311612215329e-01
3.314335851958303962e-07,1.779960141037449095e-01
3.314213933366717834e-07,1.783319675561153006e-01
3.314564697670214549e-07,1.781029412240692500e-01
3.314244458169647764e-07,1.778591040408972201e-01
3.314396901564164350e-07,1.780422528584797714e-01
3.314335851958303962e-07,1.780881303729432430e-01
3.314381729472766975e-07,1.780881303729432430e-01
3.314244458169647764e-07,1.782405737674597201e-01
3.313847635731552858e-07,1.799340681596235392e-01
3.313389763687595975e-07,1.806207859154903006e-01
3.313420288490526963e-07,1.805142200354373228e-01
3.313542387702248269e-07,1.805293921268347201e-01
3.313542387702248269e-07,1.805445642182320898e-01
3.313557740413781353e-07,1.801934386744643291e-01
3.313603437308109187e-07,1.805600975499008221e-01
3.313496690807920435e-07,1.806056138240929310e-01
3.313664486913970105e-07,1.803769487323182430e-01
3.312932072263775330e-07,1.803003657947886695e-01
3.313542387702248269e-07,1.803617766409208734e-01
3.313633962111039646e-07,1.804224650065103797e-01
3.313191442778616376e-07,1.821929035764751625e-01
3.312855850566517037e-07,1.826505950002958734e-01
3.312657349037401730e-07,1.826198895772297714e-01
3.312825325763587107e-07,1.826043562455610392e-01
3.312733751354795201e-07,1.824367407596472201e-01
3.312504725022749435e-07,1.825129624569054310e-01
3.312779448249123565e-07,1.824674461827133221e-01
3.312748923446193106e-07,1.823912244854550835e-01
3.312825325763587107e-07,1.825281345483028006e-01
3.312748923446193106e-07,1.825436678799715329e-01
3.312748923446193106e-07,1.825891841541636695e-01
3.312275879310839377e-07,1.825281345483028006e-01
3.311787663084087744e-07,1.844965327869761695e-01
3.312153780099117013e-07,1.846641482728899886e-01
3.312123255296187083e-07,1.848169529076778006e-01
3.312031680887395707e-07,1.847710753932143291e-01
3.312138608007720167e-07,1.848324862393465329e-01
3.312199657613581084e-07,1.848324862393465329e-01
3.312077558401859249e-07,1.846493374217639816e-01
3.311894409584277025e-07,1.846341653303666119e-01
3.312230182416511014e-07,1.849545854510682430e-01
3.312138608007720167e-07,1.848169529076778006e-01
3.312062386310461874e-07,1.848017808162804310e-01
3.312352281628232849e-07,1.845117048783735392e-01
3.312215010325113639e-07,1.849087079366047714e-01
3.311116117419618708e-07,1.871213045987215329e-01
3.311146822842684346e-07,1.874413634791518291e-01
3.311558817372177686e-07,1.873196255077014816e-01
3.311039895722360415e-07,1.874413634791518291e-01
3.311512939857714144e-07,1.873196255077014816e-01
3.310978846116499497e-07,1.872582146615692500e-01
3.311345143751664474e-07,1.872737479932380100e-01
3.311161994934082251e-07,1.872737479932380100e-01
3.311528292569247227e-07,1.872126983873771411e-01
3.311436718160455851e-07,1.878387277776544240e-01
3.311085773236823958e-07,1.873651417818935905e-01
3.311329971660267099e-07,1.874265526280258221e-01
3.310765353116121994e-07,1.895625663526130100e-01
3.310170209769046959e-07,1.896846655643347201e-01
3.310185562480579513e-07,1.896694934729373228e-01
3.310292308980768794e-07,1.895015167467521411e-01
3.310536507404211936e-07,1.898530035307912645e-01
3.310475277178215310e-07,1.895777384440103797e-01
3.310444932995420559e-07,1.897153709874008221e-01
3.310719475601658451e-07,1.898067647760564303e-01
3.310536507404211936e-07,1.898678143819172714e-01
3.310292308980768794e-07,1.897001988960034524e-01
3.310567032207141865e-07,1.897608872615929310e-01
3.310612729101470229e-07,1.897460764104669240e-01
3.309971708239931122e-07,1.918665568033853797e-01
3.309208768786805889e-07,1.925995133139870030e-01
3.309742862528020535e-07,1.925232916167287645e-01
3.309468139301646935e-07,1.921418218901662645e-01
3.309804092754017161e-07,1.920652389526366632e-01
3.309636116027831783e-07,1.922635598616166119e-01
3.309727690436623689e-07,1.921873381643583734e-01
3.309636116027831783e-07,1.921873381643583734e-01
3.309834436936811912e-07,1.922328544385505100e-01
3.309926011345603288e-07,1.923856590733383221e-01
3.310368530678027087e-07,1.922180435874245030e-01
3.309971708239931122e-07,1.925073970447886695e-01
3.309330867998527724e-07,1.950100696448123228e-01
3.309102022286617137e-07,1.952390959768583734e-01
3.309361392801458183e-07,1.950407750678784524e-01
3.309437795118852184e-07,1.953153176741166119e-01
3.309391917604388642e-07,1.948576262502958734e-01
3.309559894330573490e-07,1.945068619467995030e-01
3.310048110557325124e-07,1.945368448893228797e-01
3.309498844724713102e-07,1.947506991299715329e-01
3.309788740042484607e-07,1.950407750678784524e-01
3.309819264845414536e-07,1.951169967651366632e-01
3.309834436936811912e-07,1.951014634334679310e-01
3.309452967210249560e-07,1.952390959768583734e-01
3.309605591224901854e-07,1.953760060397060905e-01
3.309102022286617137e-07,1.973140600955847201e-01
3.308842651771776620e-07,1.974209872159090329e-01
3.308873176574707079e-07,1.976348414565577138e-01
3.308995275786428914e-07,1.976193081248889816e-01
3.308491706848144727e-07,1.977569406682794240e-01
3.308552756454005115e-07,1.978638677886037645e-01
3.308507059559677811e-07,1.976500135479550835e-01
3.308094884410048762e-07,1.978638677886037645e-01
3.307957613106929551e-07,1.978786786397297714e-01
3.308232336333303681e-07,1.976041360334916119e-01
3.308125409212979221e-07,1.977569406682794240e-01
3.307896563501068634e-07,1.977717515194054310e-01
3.307896563501068634e-07,1.980007778514514816e-01
3.308216983621770597e-07,1.977417685768820543e-01
3.308064359607118832e-07,1.976193081248889816e-01
3.308034015424323552e-07,1.974058151245116632e-01
3.308400132439352821e-07,1.975127422448360037e-01
3.308354435545025516e-07,1.975586197592995030e-01
3.308140761924512834e-07,1.977717515194054310e-01
3.308293385939164599e-07,1.977110631538159524e-01
3.308232336333303681e-07,1.975734306104255100e-01
3.308156114636045388e-07,1.977872848510741632e-01
3.308964750983498456e-07,1.955591548572886695e-01
3.309102022286617137e-07,1.950407750678784524e-01
3.309132547089547596e-07,1.951473409479314303e-01
3.308873176574707079e-07,1.949945363131435905e-01
3.309224121498339502e-07,1.948883316733620030e-01
3.309346220710060808e-07,1.947962154041636695e-01
3.309239293589736348e-07,1.950407750678784524e-01
3.309361392801458183e-07,1.949183146158853797e-01
3.309605591224901854e-07,1.949183146158853797e-01
3.309102022286617137e-07,1.950407750678784524e-01
3.309697165633692701e-07,1.947658712213689303e-01
3.309086669575084583e-07,1.952390959768583734e-01
3.309254646301269431e-07,1.950407750678784524e-01
3.309971708239931122e-07,1.925839799823182430e-01
3.310246431466304723e-07,1.920348947698419240e-01
3.310109160163186041e-07,1.922942652846827138e-01
3.310292308980768794e-07,1.922180435874245030e-01
3.310704303510261076e-07,1.923094373760800835e-01
3.310276956269235182e-07,1.923094373760800835e-01
3.310399055480957017e-07,1.923549536502722201e-01
3.309987060951464206e-07,1.920652389526366632e-01
3.310078635360255583e-07,1.925232916167287645e-01
3.310231259374907877e-07,1.921111164671001625e-01
3.310536507404211936e-07,1.921418218901662645e-01
3.310444932995420559e-07,1.924004699244643291e-01
3.311436718160455851e-07,1.902037678342876625e-01
3.311619686357902896e-07,1.899899135936389816e-01
3.311085773236823958e-07,1.899747415022416119e-01
3.311009370919429956e-07,1.898678143819172714e-01
3.311146822842684346e-07,1.898067647760564303e-01
3.311665563872366438e-07,1.897915926846590329e-01
3.311497587146181060e-07,1.897460764104669240e-01
3.311680916583899522e-07,1.898067647760564303e-01
3.311329971660267099e-07,1.897915926846590329e-01
3.311512939857714144e-07,1.895477555014870030e-01
3.311818187887018732e-07,1.896694934729373228e-01
3.311818187887018732e-07,1.897001988960034524e-01
3.312337109536835474e-07,1.879911711721708734e-01
3.312626824234471271e-07,1.875179464166814303e-01
3.312489552931352060e-07,1.872582146615692500e-01
3.312413331234093767e-07,1.875334797483501625e-01
3.312779448249123565e-07,1.872126983873771411e-01
3.312718579263397826e-07,1.874572580510919240e-01
3.312840497854984483e-07,1.876859231428666119e-01
3.312809973052053494e-07,1.872582146615692500e-01
3.312657349037401730e-07,1.874572580510919240e-01
3.312596480051676520e-07,1.873344363588274886e-01
3.312428503325491142e-07,1.874265526280258221e-01
3.312581127340143437e-07,1.872889200846353797e-01
3.313298189278804598e-07,1.850918567541873228e-01
3.313313541990337682e-07,1.847710753932143291e-01
3.313023646672566706e-07,1.846034599073005100e-01
3.313557740413781353e-07,1.846948536959560905e-01
3.313191442778616376e-07,1.846641482728899886e-01
3.313756061322761481e-07,1.846341653303666119e-01
3.313481518716523060e-07,1.845272382100422714e-01
3.313237320293079389e-07,1.846800428448300835e-01
3.312962597066705789e-07,1.846034599073005100e-01
3.313572912505178728e-07,1.847103870276248228e-01
3.313603437308109187e-07,1.848169529076778006e-01
3.313588265216711812e-07,1.848324862393465329e-01
3.313481518716523060e-07,1.846800428448300835e-01
3.314183227943651667e-07,1.827875050631435905e-01
3.314107006246393374e-07,1.823912244854550835e-01
3.314442779078627892e-07,1.821314927303429310e-01
3.314717321684866314e-07,1.823753299135149886e-01
3.314381729472766975e-07,1.823605190623889816e-01
3.314457951170025268e-07,1.822228865189985392e-01
3.314717321684866314e-07,1.825281345483028006e-01
3.314869945699518608e-07,1.822535919420646411e-01
3.314869945699518608e-07,1.823453469709916119e-01
3.314869945699518608e-07,1.823605190623889816e-01
3.314625927896210645e-07,1.824519128510445898e-01
3.314869945699518608e-07,1.824822570338393291e-01
3.315999182787808818e-07,1.807125409444172714e-01
3.316121281999530124e-07,1.802848324631199095e-01
3.315983830076275205e-07,1.803155378861860392e-01
3.316289078105579794e-07,1.804072929151130100e-01
3.316502751726093006e-07,1.801323890686034601e-01
3.316029707590738748e-07,1.803462433092521411e-01
3.315968657984877830e-07,1.802700216119939303e-01
3.316014535499341902e-07,1.800258231885505100e-01
3.316212675788185793e-07,1.804379983381791119e-01
3.316197503696788417e-07,1.803617766409208734e-01
3.315892436287619537e-07,1.803462433092521411e-01
3.315632885152643312e-07,1.801934386744643291e-01
3.316380652514371170e-07,1.783012621330491987e-01
3.316960443149913651e-07,1.778283986178310905e-01
3.316426349408698475e-07,1.781029412240692500e-01
3.316563620711817686e-07,1.779197924064866987e-01
3.316655375740744771e-07,1.779660311612215329e-01
3.316411177317301100e-07,1.780422528584797714e-01
3.316487399014559393e-07,1.781488187385327493e-01
3.316212675788185793e-07,1.778135877667050835e-01
3.316273906014181889e-07,1.779353257381554310e-01
3.316487399014559393e-07,1.780574249498771411e-01
3.316533276529022935e-07,1.781029412240692500e-01
3.316228028499718876e-07,1.778898094639633221e-01
3.317540414405591840e-07,1.763639305577133221e-01
3.317830129103227107e-07,1.753719647725422714e-01
3.317799784920432356e-07,1.758141228646942500e-01
3.318135377132531166e-07,1.755247694073300835e-01
3.317525061694058756e-07,1.755395802584560905e-01
3.317723382603038355e-07,1.754481864698005100e-01
3.317845481814760191e-07,1.754785306525952493e-01
3.317830129103227107e-07,1.755395802584560905e-01
3.317616636102849603e-07,1.756309740471116987e-01
3.317525061694058756e-07,1.756309740471116987e-01
3.317326560164942920e-07,1.756923848932439303e-01
3.317891359329223733e-07,1.756772128018465329e-01
3.318638946070815354e-07,1.732359510479550835e-01
3.318822094888398107e-07,1.727623650521942500e-01
3.318577896464954436e-07,1.728544813213925835e-01
3.318913669297189483e-07,1.728082425666577493e-01
3.318898316585656400e-07,1.729307030186508221e-01
3.319386532812407504e-07,1.730069247159090329e-01
3.318532199570627131e-07,1.728082425666577493e-01
3.318913669297189483e-07,1.730220968073064303e-01
3.318974538282914693e-07,1.730069247159090329e-01
3.318867791782725941e-07,1.728082425666577493e-01
3.318837266979795482e-07,1.730831464131672714e-01
3.319111990206169612e-07,1.729307030186508221e-01
3.318944194100119413e-07,1.727930704752603797e-01
3.319737477736039397e-07,1.707480892990574095e-01
3.320210702491529363e-07,1.703059312069054310e-01
3.319874929659294316e-07,1.702752257838393291e-01
3.319813880053433398e-07,1.705956459045409601e-01
3.319829232764967011e-07,1.705349575389514816e-01
3.320180177688598375e-07,1.703973249955610392e-01
3.320225874582926209e-07,1.703666195724949095e-01
3.319783355250502939e-07,1.704735466928192500e-01
3.320225874582926209e-07,1.705497683900774886e-01
3.320210702491529363e-07,1.704887187842166196e-01
3.320225874582926209e-07,1.705956459045409601e-01
3.319997028871016151e-07,1.704587358416932430e-01
3.320897239627260066e-07,1.684444600885564303e-01
3.321156610142101112e-07,1.681847283334442500e-01
3.321034510930379277e-07,1.682916554537685905e-01
3.321049863641912361e-07,1.682461391795764816e-01
3.320943117141723609e-07,1.682154337565103797e-01
3.321202487656564655e-07,1.683523438193580968e-01
3.321217840368097738e-07,1.681540229103781481e-01
3.321278709353822948e-07,1.682761221220998582e-01
3.321675531791918383e-07,1.680778012131199095e-01
3.321187134945031042e-07,1.680629903619939303e-01
3.321324586868285961e-07,1.682461391795764816e-01
3.320943117141723609e-07,1.681085066361860392e-01
3.322026476715550277e-07,1.660635254599830968e-01
3.322255322427460335e-07,1.657434665795528006e-01
3.321843327897967524e-07,1.656975890650893291e-01
3.322163748018669487e-07,1.656820557334205968e-01
3.322438471245043617e-07,1.655906619447649886e-01
3.322072173609878111e-07,1.656975890650893291e-01
3.322560570456764923e-07,1.656820557334205968e-01
3.322270494518857710e-07,1.655758510936389816e-01
3.322438471245043617e-07,1.655296123389041196e-01
3.322667316956953675e-07,1.653468247615929310e-01
3.322011124004017193e-07,1.658652045510031481e-01
3.322224797624530405e-07,1.658810991229432430e-01
3.322942040183327805e-07,1.634546482201778006e-01
3.323262460304029239e-07,1.629510792818935905e-01
3.323140361092307404e-07,1.628441521615692500e-01
3.323079311486446486e-07,1.629662513732909601e-01
3.323506658727472380e-07,1.631801056139396411e-01
3.323048786683516027e-07,1.629662513732909601e-01
3.323003089789188722e-07,1.633932373740455968e-01
3.323140361092307404e-07,1.631949164650656481e-01
3.323216582789565697e-07,1.634391148885090683e-01
3.323674454833522050e-07,1.630879893447413076e-01
3.323476133924541922e-07,1.631645722822709088e-01
3.323476133924541922e-07,1.633170156767873582e-01
3.324101621454412236e-07,1.613944949525774886e-01
3.324528968695438660e-07,1.609519756201541196e-01
3.324467919089577742e-07,1.607081384369820898e-01
3.324574665589765965e-07,1.608912872545646411e-01
3.324254245469064530e-07,1.609519756201541196e-01
3.324666239998557341e-07,1.609974918943462563e-01
3.324651067907159966e-07,1.607229492881080968e-01
3.325169808936841529e-07,1.609368035287567500e-01
3.324849388816140094e-07,1.607991709853663076e-01
3.324940782604795233e-07,1.609675089518228797e-01
3.324940782604795233e-07,1.609368035287567500e-01
3.325261383345632905e-07,1.608150655573064303e-01
3.325169808936841529e-07,1.608757539228959088e-01
3.304829633597171912e-07,1.588614781697590683e-01
3.300923361922755426e-07,1.580526612021705968e-01
3.299244678381718015e-07,1.584955417748653006e-01
3.301670948664347047e-07,1.584800084431965683e-01
3.292256124091871195e-07,1.586324518377130177e-01
3.287861636190703605e-07,1.585103526259913076e-01
3.289814681717843729e-07,1.587700843811034601e-01
3.280583005962949572e-07,1.584955417748653006e-01
3.283955183896151411e-07,1.586324518377130177e-01
3.284153504805131539e-07,1.585562301404548069e-01
3.283863609487360564e-07,1.587393789580373582e-01
3.279194398359818844e-07,1.583123929572827493e-01
3.210849183978456710e-07,1.565119714447945898e-01
3.203494332053444912e-07,1.562522396896824373e-01
3.208377216801498785e-07,1.564353885072649886e-01
3.201098767193880989e-07,1.562981172041459088e-01
3.200350999832153131e-07,1.564050443244702493e-01
3.199252287546793379e-07,1.562981172041459088e-01
3.202136429873379823e-07,1.564812660217284601e-01
3.195727485598939775e-07,1.564657326900597278e-01
3.192690899877837275e-07,1.563129280552719158e-01
3.192507931680390230e-07,1.564657326900597278e-01
3.196108955325502656e-07,1.564353885072649886e-01
3.189959742806174542e-07,1.564960768728544671e-01
3.133455442659782641e-07,1.544818011197176266e-01
3.129045602047081967e-07,1.540241096958969158e-01
3.119844451095118798e-07,1.537651004213274886e-01
3.117052063797459439e-07,1.540092988447709088e-01
3.119066339550596189e-07,1.540092988447709088e-01
3.113222013820301246e-07,1.538257887869169671e-01
3.112275925549593789e-07,1.537495670896587563e-01
3.107057267969304869e-07,1.538257887869169671e-01
3.109086715813838994e-07,1.540396430275656481e-01
3.108674901904481892e-07,1.539023717244465683e-01
3.104249708580248664e-07,1.539179050561153006e-01
3.107927134542754563e-07,1.540241096958969158e-01
3.036713311166474246e-07,1.516746029709324373e-01
3.031830426418419844e-07,1.512476169701778006e-01
3.028809012788714719e-07,1.510644681525952493e-01
3.028519298091078923e-07,1.509423689408735392e-01
3.024704420205318635e-07,1.511251565181847278e-01
3.023437911813909213e-07,1.511713952729195898e-01
3.026520194429340077e-07,1.511862061240455968e-01
3.021789933695937440e-07,1.512476169701778006e-01
3.022827596375436274e-07,1.509268356092048069e-01
3.016693375327370356e-07,1.511555007009794671e-01
3.018005761233243319e-07,1.510485735806551266e-01
3.017044320251002249e-07,1.512476169701778006e-01
2.953780492146809823e-07,1.492633241595643367e-01
2.943114331274321926e-07,1.485003847064393367e-01
2.942610942956172917e-07,1.487597552212801266e-01
2.943923148241910172e-07,1.487294110384853874e-01
2.940871390429410297e-07,1.486687226728959088e-01
2.939436905311816027e-07,1.486380172498298069e-01
2.929259141286214412e-07,1.483941800666577493e-01
2.932539925430760054e-07,1.484704017639159601e-01
2.931731289083307515e-07,1.486990668556906481e-01
2.934233600443059661e-07,1.487904606443462563e-01
2.926772002017859112e-07,1.487142389470880177e-01
2.929747538133101224e-07,1.485466234611741987e-01
2.931227720145023328e-07,1.488211660674123582e-01
2.860975157130848374e-07,1.466847911025538076e-01
2.854963035294503761e-07,1.463799043135209088e-01
2.856839859124385592e-07,1.461815834045409601e-01
2.858670986059940648e-07,1.462115663470643367e-01
2.854917338400176457e-07,1.459677291638923069e-01
2.851987679799397887e-07,1.461508779814748582e-01
2.845304012298584239e-07,1.458608020435679664e-01
2.849042487866950525e-07,1.461660500728722278e-01
2.844525900754061630e-07,1.462729771931965683e-01
2.847989653096054846e-07,1.465016422849712563e-01
2.843533934968890630e-07,1.460591229525478874e-01
2.846875768719297189e-07,1.462877880443225753e-01
2.778622128746725902e-07,1.441366022283380177e-01
2.777813492399273363e-07,1.438927650451659601e-01
2.772503260410193596e-07,1.438313541990337563e-01
2.772655884424845361e-07,1.436937216556433139e-01
2.771313154336177647e-07,1.437244270787094158e-01
2.767986673297304171e-07,1.436937216556433139e-01
2.767269430738506772e-07,1.436330332900538076e-01
2.765606280529137623e-07,1.435875170158616987e-01
2.768291921326608230e-07,1.434650565638686259e-01
2.770397590868400648e-07,1.438465262904311259e-01
2.767208381132645854e-07,1.438165433479077493e-01
2.765178933288111728e-07,1.437399604103781481e-01
2.698176629615552487e-07,1.420916210521350753e-01
2.690653981584491020e-07,1.417256846572413076e-01
2.692240729476466167e-07,1.420002272634794671e-01
2.687678264849113729e-07,1.417408567486386772e-01
2.683222727342085221e-07,1.416339296283143367e-01
2.685374274398341182e-07,1.417256846572413076e-01
2.686274485154585627e-07,1.417256846572413076e-01
2.680964433785640509e-07,1.418322505372942854e-01
2.681483174815322072e-07,1.419240055662212563e-01
2.680216666423913180e-07,1.420309326865455968e-01
2.676676692384662200e-07,1.416953404744465683e-01
2.678736665032126785e-07,1.417101513255725753e-01
2.615915175640221920e-07,1.399711406592166196e-01
2.610025333635734852e-07,1.396196538751775240e-01
2.610910372300581391e-07,1.396810647213097278e-01
2.610879847497650932e-07,1.394368662978663076e-01
2.603418068452314675e-07,1.392688895716811259e-01
2.602395758484348925e-07,1.392230120572176266e-01
2.609155467062285687e-07,1.394520383892636772e-01
2.603814890890410640e-07,1.393299391775419671e-01
2.603296149860729077e-07,1.392537174802837563e-01
2.601174946987267338e-07,1.393299391775419671e-01
2.602090510455044866e-07,1.392844229033498582e-01
2.601403973319314163e-07,1.393144058458732348e-01
2.537850249897350232e-07,1.369800712123061259e-01
2.535454504417650601e-07,1.366748231830018367e-01
2.534340439420757766e-07,1.366596510916044671e-01
2.531563404834632020e-07,1.365223797884853874e-01
2.528877764037160883e-07,1.364616914228959088e-01
2.526192303859825984e-07,1.366141348174123582e-01
2.529137134552001929e-07,1.367203394571939734e-01
2.527550206039891074e-07,1.367203394571939734e-01
2.525169813271724526e-07,1.368431611494584088e-01
2.525887055830521925e-07,1.367203394571939734e-01
2.526924537889885051e-07,1.367665782119288076e-01
2.524971492362744927e-07,1.369648991209087563e-01
2.524162675395156151e-07,1.370107766353722278e-01
2.459830659808534432e-07,1.346760807615337563e-01
2.454734282060103056e-07,1.341421676404548069e-01
2.456626277981382262e-07,1.342639056119051266e-01
2.456946878722219934e-07,1.344011769150242341e-01
2.451346751415368133e-07,1.341569784915808139e-01
2.456931526010686321e-07,1.344622265208850753e-01
2.447074182105787200e-07,1.340500513712564734e-01
2.450766780159690474e-07,1.342483722802363943e-01
2.448279640891335174e-07,1.342183893377130177e-01
2.445929772926099614e-07,1.343097831263686259e-01
2.444419066111246522e-07,1.341114622173886772e-01
2.446051872137821449e-07,1.343097831263686259e-01
2.378698442921494077e-07,1.319750872525301266e-01
2.375829833926576689e-07,1.316702004634972278e-01
2.375463355671275740e-07,1.318833322236031835e-01
2.374258077505863209e-07,1.315325679201067854e-01
2.375036369670520997e-07,1.317771275838215683e-01
2.372854478431470550e-07,1.315936175259676266e-01
2.375066894473451720e-07,1.321734081615100753e-01
2.371435165405273391e-07,1.317005446462919671e-01
2.373403563643946864e-07,1.318378159494110469e-01
2.370885718952525926e-07,1.318533492810798069e-01
2.373098315614642540e-07,1.319447430697353874e-01
2.368322357986912598e-07,1.317771275838215683e-01
2.306721680092089321e-07,1.299915169224594158e-01
2.300663861361416874e-07,1.293506766810561259e-01
2.303441076567678593e-07,1.293506766810561259e-01
2.306401259971387622e-07,1.297628518306847278e-01
2.298909136743256349e-07,1.295793417728308139e-01
2.301335226405750467e-07,1.297776626818107348e-01
2.292683341286399319e-07,1.296407526189630177e-01
2.298390395713575051e-07,1.294883092244465683e-01
2.296772942398533737e-07,1.296559247103603874e-01
2.293782053571758806e-07,1.294724146525064734e-01
2.289723157882690555e-07,1.293506766810561259e-01
2.290028405911994614e-07,1.294576038013804664e-01
2.232135678782607430e-07,1.272450071392636772e-01
2.227618730429447117e-07,1.270004474755488943e-01
2.225818308916959023e-07,1.270463249900123937e-01
2.224292430010709085e-07,1.271687854420054664e-01
2.226962718096646609e-07,1.273364009279192854e-01
2.225558757781982533e-07,1.270159808072176266e-01
2.226764577807802188e-07,1.271380800189393367e-01
2.224200855601917444e-07,1.269856366244228874e-01
2.224307782722242169e-07,1.273212288365219158e-01
2.220493085456617059e-07,1.268480040810324450e-01
2.224109281193126332e-07,1.273974505337801266e-01
2.217914191159334939e-07,1.272450071392636772e-01
2.160311359347719260e-07,1.252000259630607348e-01
2.152926163239912712e-07,1.244522586013331045e-01
2.153383854663733357e-07,1.248037453853722278e-01
2.152498635378750845e-07,1.246809236931077924e-01
2.152071649377996102e-07,1.246047019958495677e-01
2.157152674414894924e-07,1.251389763571998937e-01
2.152727661710796876e-07,1.247575066306373798e-01
2.153582175572713486e-07,1.249713608712860607e-01
2.156481309370561067e-07,1.250782879916103874e-01
2.155458818782459609e-07,1.247878508134321329e-01
2.152529340801817012e-07,1.245898911447235607e-01
2.154863856055520017e-07,1.247271624478426405e-01
2.153582175572713486e-07,1.247730399623061259e-01
2.094178561008337766e-07,1.230788230895995677e-01
2.090882604772394484e-07,1.225911487232554525e-01
2.089082183259906125e-07,1.223921053337327924e-01
2.085420110008933575e-07,1.224842216029311259e-01
2.086762840097600495e-07,1.225756153915867203e-01
2.086625568794481813e-07,1.224842216029311259e-01
2.083756959799564426e-07,1.223465890595406697e-01
2.086060769630201264e-07,1.224990324540571329e-01
2.082032579364198651e-07,1.224535161798650101e-01
2.082414049090761268e-07,1.224383440884676405e-01
2.089418136712276351e-07,1.225604433001893506e-01
2.087861552382960511e-07,1.226059595743814595e-01
2.020889592893195755e-07,1.206838000904429525e-01
2.020508123166633403e-07,1.205309954556551405e-01
2.021271062619758372e-07,1.202716249408143506e-01
2.016739122795336392e-07,1.200425986087683000e-01
2.015991536053744242e-07,1.202409195177482348e-01
2.014816421450990754e-07,1.199356714884439595e-01
2.013839988997488281e-07,1.201495257290926405e-01
2.016800353021332489e-07,1.202102140946821329e-01
2.016967968507246450e-07,1.201495257290926405e-01
2.012878728635383184e-07,1.201191815462979012e-01
2.014129884315259786e-07,1.203630187294699450e-01
2.013565446391250125e-07,1.203630187294699450e-01
1.948714328534675427e-07,1.177537802493933000e-01
1.949675950137051676e-07,1.174788764028837779e-01
1.947173638777299266e-07,1.172805554939038430e-01
1.945494593995990174e-07,1.171436454310561259e-01
1.946700414021809829e-07,1.175251151576186259e-01
1.947127400022564571e-07,1.173874826142281697e-01
1.947615796869451384e-07,1.176165089462742203e-01
1.947051178325306278e-07,1.174944097345525101e-01
1.948027610778808486e-07,1.177075414946584520e-01
1.945403561447605922e-07,1.175858035232081045e-01
1.945571176933519883e-07,1.172805554939038430e-01
1.946608658992883009e-07,1.172653834025064595e-01
1.875425541039669124e-07,1.148548270716811259e-01
1.880140449061538413e-07,1.145033402876420026e-01
1.881483179150205863e-07,1.148696379228071329e-01
1.872083707289262300e-07,1.145795619849002273e-01
1.878446954669374514e-07,1.149462208603367203e-01
1.879560658425995933e-07,1.149610317114627273e-01
1.879316460002552526e-07,1.147934162255488943e-01
1.879011211973247938e-07,1.146102674079663430e-01
1.874128327225193801e-07,1.148696379228071329e-01
1.877195618369362468e-07,1.149462208603367203e-01
1.878843596487334241e-07,1.147786053744229012e-01
1.872541398713082945e-07,1.147934162255488943e-01
1.811490347891142841e-07,1.124738924431077924e-01
1.809628515532522413e-07,1.120313731106844374e-01
1.817105466669256045e-07,1.124897870150479012e-01
1.812451247012976522e-07,1.124738924431077924e-01
1.809445366714939924e-07,1.121538335626775101e-01
1.810971606861461543e-07,1.125197699575712779e-01
1.810193134076667518e-07,1.123828598947235607e-01
1.810284889105594603e-07,1.125504753806373798e-01
1.807950193231756154e-07,1.125045978661738943e-01
1.810193134076667518e-07,1.122907436255252273e-01
1.810574603803229870e-07,1.123521544716574450e-01
1.806698856931744108e-07,1.121690056540748798e-01
1.804959123784845514e-07,1.125353032892400101e-01
1.749019622802734427e-07,1.102464849298650101e-01
1.747371644684762654e-07,1.100633361122824450e-01
1.745876109961307467e-07,1.100781469634084520e-01
1.741939674724232203e-07,1.100019252661502273e-01
1.745204925537109318e-07,1.102920012040571329e-01
1.749920194799249758e-07,1.101702632326067854e-01
1.745998570413300454e-07,1.101547299009380532e-01
1.742565342874237961e-07,1.098801872946998798e-01
1.740642460909756880e-07,1.100174585978189595e-01
1.741512327483206044e-07,1.098036043571702924e-01
1.747783458594119757e-07,1.102764678723883868e-01
1.747432694290623572e-07,1.104141004157788430e-01
1.687953038649125532e-07,1.080490603591456045e-01
1.684245268503824882e-07,1.077131069067752273e-01
1.688365213798754051e-07,1.080338882677482348e-01
1.684657082413182250e-07,1.075913689353248798e-01
1.687983744072191699e-07,1.076824014837091115e-01
1.687724012317079501e-07,1.073775146946762127e-01
1.683512673233494664e-07,1.078052231759735607e-01
1.684397711898341204e-07,1.076982960556492203e-01
1.684992674625281324e-07,1.078507394501656697e-01
1.679881124785452043e-07,1.077131069067752273e-01
1.681177977359656215e-07,1.076524185411857348e-01
1.676127477125688116e-07,1.072709488146232348e-01
1.616662993575587452e-07,1.054701660618637127e-01
1.622827558806448121e-07,1.051190405180959520e-01
1.621667977535363424e-07,1.053025505759498798e-01
1.620431813326749019e-07,1.051349350900360607e-01
1.617777058572480287e-07,1.049665971235795026e-01
1.619577480084968381e-07,1.052718451528837779e-01
1.618585514299797382e-07,1.049210808493873798e-01
1.619119788661147736e-07,1.050735242439038430e-01
1.619958949811530733e-07,1.054701660618637127e-01
1.619455380873246546e-07,1.049665971235795026e-01
1.619043205723618027e-07,1.052259676384202924e-01
1.616708871090050994e-07,1.050735242439038430e-01
1.558113892873128077e-07,1.030744205821643722e-01
1.560128168626265092e-07,1.027540004614627273e-01
1.562737407106341698e-07,1.028302221587209520e-01
1.560769370107939642e-07,1.027847058845288430e-01
1.560616565473151904e-07,1.029068050962505532e-01
1.557717612295439766e-07,1.026929508556018722e-01
1.559685649293841822e-07,1.027998779759262127e-01
1.559212785778623802e-07,1.028609275817870677e-01
1.564187064315333607e-07,1.028916330048531697e-01
1.556496620178222736e-07,1.029523213704426621e-01
1.562234199408328927e-07,1.028453942501183216e-01
1.555474310210256721e-07,1.030440763993696329e-01
1.495170665509773059e-07,1.010298006462327924e-01
1.497459483869147966e-07,1.005414037993459520e-01
1.498054446596087822e-07,1.005265929482199450e-01
1.495063738389448599e-07,1.004503712509617203e-01
1.500389142469926271e-07,1.006635030110676621e-01
1.493324366482821422e-07,1.004041324962268722e-01
1.501228303620309533e-07,1.009080626747824450e-01
1.495780800328110290e-07,1.006028146454781697e-01
1.498008930321895696e-07,1.005721092224120677e-01
1.494667096571488871e-07,1.006028146454781697e-01
1.495399330601547938e-07,1.008011355544581045e-01
1.497245990868770727e-07,1.006028146454781697e-01
1.496848987810539583e-07,1.007856022227893722e-01
1.436728491927638145e-07,9.837468465169266207e-02
1.438117099530769136e-07,9.813084746852060447e-02
1.438285076256954250e-07,9.828329086303706774e-02
1.436911640745220633e-07,9.819153583411009689e-02
1.441352006160851765e-07,9.806943662238838677e-02
1.440177252798369429e-07,9.806943662238838677e-02
1.439154581590132262e-07,9.817636374271272726e-02
1.434607650294448351e-07,9.793252655954066965e-02
1.433234214782714734e-07,9.784077153061371268e-02
1.439734733465946159e-07,9.781006610754759689e-02
1.435034636295203094e-07,9.810014204545450256e-02
1.435157096747196081e-07,9.822224125717621268e-02
1.377325057983398398e-07,9.591825080640384305e-02
1.375677079865426624e-07,9.529222141612654629e-02
1.375539808562307678e-07,9.526151599306044437e-02
1.378728837677926765e-07,9.518529429580221968e-02
1.379538015885786693e-07,9.524670514193443738e-02
1.378927519827178045e-07,9.549054232510649498e-02
1.380041223583799464e-07,9.552124774817259689e-02
1.379888780189282878e-07,9.555195317123871268e-02
1.379370039159601315e-07,9.533809893059003171e-02
1.381506052884188748e-07,9.562817486849693738e-02
1.380682425065474014e-07,9.530775474779529244e-02
1.380361643704501163e-07,9.549054232510649498e-02
1.325551379810680286e-07,9.385845877907487977e-02
1.321477312030214395e-07,9.311033017707588677e-02
1.322652065392696467e-07,9.311033017707588677e-02
1.325521035627885270e-07,9.338487278331404629e-02
1.324758096174760302e-07,9.298859220562555317e-02
1.324925711660673998e-07,9.292718135949332159e-02
1.325490330204819368e-07,9.312550226847325641e-02
1.323170806422378294e-07,9.324796272046634305e-02
1.323811646663781428e-07,9.329347899465845195e-02
1.321965347636829791e-07,9.286649299390384305e-02
1.323292905634099865e-07,9.298859220562555317e-02
1.323644031177867731e-07,9.304928057121503171e-02
1.260883591391823520e-07,9.092843893802522726e-02
1.271458177855520571e-07,9.088292266383310447e-02
1.273990833398067732e-07,9.111158775560779244e-02
1.264438918142607583e-07,9.069977384625055317e-02
1.263645273266416712e-07,9.074529012044266207e-02
1.268772717678185672e-07,9.071458469737654629e-02
1.264133670113303524e-07,9.077599554350877786e-02
1.270954608917236383e-07,9.098912730361471968e-02
1.268894455649636091e-07,9.089773351495911147e-02
1.266803958199241048e-07,9.086738933216437220e-02
1.268208099134040567e-07,9.062319090872095195e-02
1.264423746051210473e-07,9.079080639463478486e-02
1.205875006589022779e-07,8.874618645870320510e-02
1.212893905061664086e-07,8.865479267004759689e-02
1.212207187305797410e-07,8.856339888139200256e-02
1.208148291616728894e-07,8.844093842939892980e-02
1.208469072977702010e-07,8.827332294348509689e-02
1.212893905061664086e-07,8.848717718413377786e-02
1.213061881787849199e-07,8.850198803525978486e-02
1.210773063428474027e-07,8.857857097278937220e-02
1.210330182855779606e-07,8.844093842939892980e-02
1.212939782576127363e-07,8.836471673214070510e-02
1.206363042195637910e-07,8.841095548687555317e-02
1.213428179423014440e-07,8.842576633800154629e-02
1.208392490040172300e-07,8.836471673214070510e-02
1.150042071486964338e-07,8.625904719034825641e-02
1.157030625776811026e-07,8.587757746378575641e-02
1.151552778301817166e-07,8.587757746378575641e-02
1.156252514232288815e-07,8.604555418997095195e-02
1.152147741028756889e-07,8.599931543523610389e-02
1.156511884747129596e-07,8.584687204071965450e-02
1.157808737321333503e-07,8.587757746378575641e-02
1.156237342140891307e-07,8.595379916104399498e-02
1.153109001390861854e-07,8.595379916104399498e-02
1.153429421511563421e-07,8.578618367513016207e-02
1.152208790634617675e-07,8.598450458411009689e-02
1.152407472783868955e-07,8.581688909819627786e-02
1.100495800827488799e-07,8.416854973995320510e-02
1.099626295494310787e-07,8.358875910441075641e-02
1.105470440604470021e-07,8.374120249892721968e-02
1.106111280845873287e-07,8.331421649817259689e-02
1.103776584972034838e-07,8.361946452747687220e-02
1.101609865824381634e-07,8.369568622473509689e-02
1.102418682791970013e-07,8.349736531575516207e-02
1.103059523033373279e-07,8.371049707586110389e-02
1.106736948995879178e-07,8.368051413333772726e-02
1.101563988309917959e-07,8.358875910441075641e-02
1.102342461094711853e-07,8.363427537860287919e-02
1.100389234947435756e-07,8.357358701301338677e-02
1.046402598872329349e-07,8.166623838020088677e-02
1.050080024834835247e-07,8.149826165401570510e-02
1.052048784313780004e-07,8.174246007745911147e-02
1.047852617321592542e-07,8.146755623094958931e-02
1.048127159927830567e-07,8.154377792820781401e-02
1.049607161319617227e-07,8.149826165401570510e-02
1.048920804804021703e-07,8.128476865363838677e-02
1.052155350193833047e-07,8.160518877434003171e-02
1.049637505502411845e-07,8.143757328842621268e-02
1.049347790804776313e-07,8.139133453369136462e-02
1.049485062107895524e-07,8.120854695638016207e-02
1.047485958446156017e-07,8.102539813879759689e-02
9.926453503695401244e-08,7.933118126609103871e-02
9.979093436038855943e-08,7.884350689974693738e-02
9.985202009027655261e-08,7.859894723603215450e-02
9.975278738773231099e-08,7.905663865985287919e-02
9.949645129117099141e-08,7.876728520248871268e-02
9.997863480539032660e-08,7.887348984227031401e-02
1.002044822230483687e-07,7.914875492905121268e-02
1.001541253292199499e-07,7.904182780872687220e-02
9.976348009976474376e-08,7.885831775087294437e-02
9.970091328476414147e-08,7.901112238566075641e-02
9.974975296945283593e-08,7.920944329464070510e-02
9.995421496304599923e-08,7.908734408291899498e-02
9.438775524948582134e-08,7.734761093602031401e-02
9.495995983932957449e-08,7.660020481456404629e-02
9.487145597284490730e-08,7.637153972278937220e-02
9.470207040960138897e-08,7.649327769423971968e-02
9.486993876370516977e-08,7.646257227117360389e-02
9.452813321893865805e-08,7.632566220832588677e-02
9.505608587554007099e-08,7.647846684311371268e-02
9.450830112804065844e-08,7.632566220832588677e-02
9.504846370581424169e-08,7.573033824111471968e-02
9.498893130909312769e-08,7.675300944935187220e-02
9.465171351577297022e-08,7.658467148289531401e-02
9.499655347881895699e-08,7.687474742080221968e-02
9.430228580128062920e-08,7.611180796767721968e-02
8.927140091404770679e-08,7.318214936689892980e-02
8.896470792365796846e-08,7.344151988173971968e-02
8.965742226802941707e-08,7.345669197313708931e-02
8.984667604619807665e-08,7.347222530480582159e-02
9.016709616689972282e-08,7.357842994458743680e-02
8.977186318599816241e-08,7.397579424309003171e-02
8.980697574037493579e-08,7.359432451652753171e-02
8.956133235584606222e-08,7.356361909346142980e-02
9.004044532775879394e-08,7.386886712276570510e-02
8.972916458592270137e-08,7.354844700206404629e-02
8.960403095592152326e-08,7.350220824732919822e-02
8.970322753443862323e-08,7.342598655007097352e-02
8.381324103384308052e-08,7.139653870553676340e-02
8.441138267517089858e-08,7.081710931026570510e-02
8.440376050544508251e-08,7.101506897897426340e-02
8.460060032931241651e-08,7.136619452274202413e-02
8.472725116845333216e-08,7.103096355091437220e-02
8.490118835911606307e-08,7.118340694543082159e-02
8.474860046849106929e-08,7.100025812784825641e-02
8.485541921673399856e-08,7.136619452274202413e-02
8.494088866493919070e-08,7.112199609929860389e-02
8.504004911942916226e-08,7.136619452274202413e-02
8.499276276790734698e-08,7.109165191650386462e-02
8.524303002790971644e-08,7.103096355091437220e-02
7.916686029145211762e-08,6.883317773992360389e-02
7.981232440832889261e-08,6.836067546497687220e-02
7.976807247508656563e-08,6.842136383056636462e-02
7.990845044453938910e-08,6.854310180201669822e-02
8.008852871981534021e-08,6.849758552782458931e-02
8.011750018957889341e-08,6.845170801336110389e-02
8.005034562313196335e-08,6.861932349927493680e-02
7.982146378719445944e-08,6.837548631610287919e-02
7.981998270208186356e-08,6.840619173916899498e-02
8.013429786219741795e-08,6.863521807121503171e-02
7.945830894239021059e-08,6.845170801336110389e-02
8.011446577129943158e-08,6.852829095089070510e-02
7.428549275253758551e-08,6.633050513989993680e-02
7.534753915035363158e-08,6.614735632231737161e-02
7.537347620183772295e-08,6.575107574462886462e-02
7.521326614148688664e-08,6.593422456221142980e-02
7.544521851973100726e-08,6.623947259151570510e-02
7.557031602570505695e-08,6.613254547119136462e-02
7.544214797742439055e-08,6.597974083640353871e-02
7.506830042058772215e-08,6.607113462505914692e-02
7.544669960484360314e-08,6.596492998527753171e-02
7.496148167234479288e-08,6.578141992742360389e-02
7.528345512621330499e-08,6.587281371607919822e-02
7.560235803777521363e-08,6.631569428877392980e-02
6.960403557979699088e-08,6.433212395870320510e-02
7.002979336362897044e-08,6.391994880907458931e-02
7.086595621975985924e-08,6.393475966020059631e-02
7.037918495409416981e-08,6.384372711181636462e-02
7.050890633554170216e-08,6.369092247702853871e-02
7.094225016507235613e-08,6.419449141531274883e-02
7.042191967819675926e-08,6.373679999149202413e-02
7.042040246905703496e-08,6.373679999149202413e-02
7.057299035968202874e-08,6.378231626568414692e-02
7.061724229292436896e-08,6.373679999149202413e-02
7.058827082316081576e-08,6.391994880907458931e-02
7.081715265909831967e-08,6.391994880907458931e-02
7.071947328972094399e-08,6.393475966020059631e-02
6.523078860658587211e-08,6.205811645045420516e-02
6.627452012264368257e-08,6.187496763287163998e-02
6.585490342342492319e-08,6.173805757002392286e-02
6.631114988616019348e-08,6.178357384421603871e-02
6.629283500440193141e-08,6.176876299309003865e-02
6.603953332612008689e-08,6.184498469034826335e-02
6.608226805022268957e-08,6.182945135867952413e-02
6.606395316846442750e-08,6.192120638760648804e-02
6.630807934385357677e-08,6.156971960356736467e-02
6.607309254732999433e-08,6.189050096454037919e-02
6.621805826822917205e-08,6.184498469034826335e-02
6.609599518053459741e-08,6.184498469034826335e-02
6.090486410892372350e-08,5.929643457586110389e-02
6.138704762314305869e-08,5.915916327274202413e-02
6.120548826275449847e-08,5.906776948408642286e-02
6.158388744701039269e-08,5.914399118134465450e-02
6.160986062252161248e-08,5.889943151762986467e-02
6.115209695064660466e-08,5.880803772897427034e-02
6.173647533763538647e-08,5.946405006177492986e-02
6.172885316790957041e-08,5.918950745553677034e-02
6.170443332556521656e-08,5.915916327274202413e-02
6.151521567142371186e-08,5.882320982037163998e-02
6.174872138283469843e-08,5.934231209032458931e-02
6.180821765552867077e-08,5.908258033521242986e-02
5.574884559168959650e-08,5.645816976373841528e-02
5.674680796536532921e-08,5.625984885475848046e-02
5.682920687126391787e-08,5.644299767234103871e-02
5.707943800723914568e-08,5.615292173443413998e-02
5.723354310700388361e-08,5.650368603793053113e-02
5.727017287052039453e-08,5.673271236997657480e-02
5.765774755766898399e-08,5.662614648992360389e-02
5.732970526724151514e-08,5.636677597508281401e-02
5.730831984317664959e-08,5.632125970089069816e-02
5.730528542489716792e-08,5.677895112471142286e-02
5.719084450692841596e-08,5.642746434067230643e-02
5.762418833645908317e-08,5.648887518680452413e-02
5.209887388980750699e-08,5.447459943366768365e-02
5.242543509512237334e-08,5.406242428403907480e-02
5.253073663422555846e-08,5.397103049538348046e-02
5.302968169703627655e-08,5.418488473603215450e-02
5.341270475676566004e-08,5.447459943366768365e-02
5.294424837285822607e-08,5.413864598129730643e-02
5.297018542434231082e-08,5.423040101022427034e-02
5.288778651844371554e-08,5.413864598129730643e-02
5.343405405680339056e-08,5.464257615985287919e-02
5.319144509055397881e-08,5.429108937581375582e-02
5.293355566082579329e-08,5.421486767855553113e-02
5.282825412172260817e-08,5.415417931296603871e-02
5.328757112676447531e-08,5.407795761570781401e-02
4.771038257714474285e-08,5.230751904574303113e-02
4.875718463550915017e-08,5.226200277155091528e-02
4.869306448734168193e-08,5.189606637665715450e-02
4.877701672640714315e-08,5.197228807391537919e-02
4.856793085734049720e-08,5.200227101643875582e-02
4.862898046320135534e-08,5.197228807391537919e-02
4.877546339324027059e-08,5.210919813676309631e-02
4.887617718089711471e-08,5.197228807391537919e-02
4.885482788085937758e-08,5.220131440596142286e-02
4.878308556296608666e-08,5.166704004461110389e-02
4.922560489538944911e-08,5.200227101643875582e-02
4.882430307792895181e-08,5.220131440596142286e-02
4.310673655885638926e-08,4.977486350319598046e-02
4.452738617405747158e-08,4.962242010867952413e-02
4.439155983202386069e-08,4.972934722900386462e-02
4.458381190444484045e-08,4.945408214222296595e-02
4.460060957706335838e-08,4.974415808012986467e-02
4.476389017972079156e-08,4.977486350319598046e-02
4.465096647089178375e-08,4.940856586803085010e-02
4.430153875639944935e-08,4.966793638287163998e-02
4.467997406468247198e-08,4.960652553673942228e-02
4.471656770417184786e-08,4.963723095980553113e-02
4.482186924327503961e-08,4.946961547389170516e-02
4.551920746311997087e-08,4.989696271491769058e-02
3.924316348451556961e-08,4.751675056688708931e-02
4.025178244619658684e-08,4.734841260043053113e-02
4.035249623385343095e-08,4.748604514382098046e-02
4.051881125479033919e-08,4.742463429768875582e-02
4.042727297002619693e-08,4.722667462898019058e-02
4.046386660951557282e-08,4.695213202274202413e-02
4.054323109713467980e-08,4.686001575354369064e-02
4.058441248807040331e-08,4.702835372000024883e-02
4.077211293307217709e-08,4.711974750865585010e-02
4.051425962737112660e-08,4.679932738795420516e-02
4.070192394834576535e-08,4.707386999419236467e-02
4.090183431451971606e-08,4.719596920591407480e-02
3.482721791122898981e-08,4.505959424105553113e-02
3.633023030830152576e-08,4.483092914928085010e-02
3.632260813857570308e-08,4.464741909142692228e-02
3.648281819892652616e-08,4.469365784616177034e-02
3.623865589951024185e-08,4.454121445164531401e-02
3.661709120779326449e-08,4.484646248094958931e-02
3.653313896872780988e-08,4.457119739416869064e-02
3.653313896872780988e-08,4.463260824030091528e-02
3.688412001638701684e-08,4.481575705788348046e-02
3.653165788361520738e-08,4.472400202895650961e-02
3.680630886193478242e-08,4.463260824030091528e-02
3.689632993755919376e-08,4.470882993755913998e-02
3.130237983934807841e-08,4.278594797307790076e-02
3.260703520341352960e-08,4.257245497270059631e-02
3.272754495794123167e-08,4.242001157818413998e-02
3.260396466110691950e-08,4.264903791023019058e-02
3.257343985817649374e-08,4.243518366958150961e-02
3.282674153645833826e-08,4.248069994377363240e-02
3.275044759114583475e-08,4.260316039576670516e-02
3.251546079462225231e-08,4.216064106334335010e-02
3.302361748435280729e-08,4.245071700125024883e-02
3.249411149458452179e-08,4.223686276060157480e-02
3.288930835145892732e-08,4.252693869850848046e-02
3.283284649704442341e-08,4.260316039576670516e-02
3.282370711817886320e-08,4.242001157818413998e-02
2.733961018649014887e-08,4.040573582504730643e-02
2.828566233317057372e-08,3.991733897816046595e-02
2.892350428032153264e-08,4.011565988714040076e-02
2.906236504063462521e-08,4.019188158439863240e-02
2.881971995035807512e-08,3.999356067541869064e-02
2.916152549512459015e-08,3.999356067541869064e-02
2.901659589825255077e-08,4.006978237267692228e-02
2.910199309840347284e-08,4.017670949300125582e-02
2.935226035840583899e-08,4.003943818988217607e-02
2.891432877742883409e-08,3.978042891531274883e-02
2.881054444746537988e-08,3.991733897816046595e-02
2.869003469293768111e-08,4.008567694461702413e-02
2.333258860038988904e-08,3.784237485943413998e-02
2.484781091863459199e-08,3.775061983050717607e-02
2.485236254605380458e-08,3.739949428673942228e-02
2.524759552695534514e-08,3.732327258948119064e-02
2.509193709402373465e-08,3.746090513287163998e-02
2.537117582378966061e-08,3.749161055593774883e-02
2.523997335722952907e-08,3.729256716641508179e-02
2.514688173929850433e-08,3.703391913211702413e-02
2.529946962992350473e-08,3.756783225319598046e-02
2.540628837816643731e-08,3.770474231604369064e-02
2.504616795164166352e-08,3.735397801254730643e-02
2.524911273609508598e-08,3.721634546915685710e-02
1.967192418647535352e-08,3.492752710978185710e-02
2.097202792312159873e-08,3.457676280628546595e-02
2.126499378319942923e-08,3.466815659494106722e-02
2.143434322241581252e-08,3.457676280628546595e-02
2.146335081620650407e-08,3.468368992660980643e-02
2.179598085808031723e-08,3.471439534967591528e-02
2.162663141886393724e-08,3.483613332112625582e-02
2.220035321784742462e-08,3.459193489768283558e-02
2.174107233683268589e-08,3.454605738321935710e-02
2.189976518804377144e-08,3.457676280628546595e-02
2.200961835456617246e-08,3.445466359456375582e-02
2.190587014862985659e-08,3.472920620080192228e-02
1.635465477452134061e-08,3.270011959653907480e-02
1.790495352311568192e-08,3.222653360077824825e-02
1.786070158987334832e-08,3.222653360077824825e-02
1.807278575319232768e-08,3.205891811486442228e-02
1.837492711616285342e-08,3.248626535589040076e-02
1.788663864135742646e-08,3.208962353793053113e-02
1.875029188213926596e-08,3.244038784142692228e-02
1.859163515495531875e-08,3.205891811486442228e-02
1.865723638823538618e-08,3.210479562932790076e-02
1.868010289741285422e-08,3.244038784142692228e-02
1.898683201182972759e-08,3.242557699030091528e-02
1.854582988854610928e-08,3.242557699030091528e-02
1.318838379599831721e-08,3.025849660237625582e-02
1.443198955420292349e-08,2.996842066446935710e-02
1.464718038385565129e-08,2.981597726995290423e-02
1.491420919244940033e-08,2.978527184688679191e-02
1.470208890510328263e-08,2.960248426957559284e-02
1.482108145049124386e-08,2.961765636097296595e-02
1.501795739838571620e-08,2.951072924064862893e-02
1.531547488588275598e-08,2.989219896721112893e-02
1.515833536783854630e-08,3.006053693366768712e-02
1.508511196483265619e-08,2.987702687581375582e-02
1.515071319811272362e-08,2.989219896721112893e-02
1.500881801952015599e-08,2.966317263516508179e-02
1.563744833975127802e-08,2.989219896721112893e-02
9.675755645289569494e-09,2.778652942541869411e-02
1.112075285478072237e-08,2.743576512192230296e-02
1.115127765771114978e-08,2.703876206369106722e-02
1.099106759736032670e-08,2.717639460708151308e-02
1.164874163540927199e-08,2.743576512192230296e-02
1.156327218720407655e-08,2.723708297267100203e-02
1.189290393482555464e-08,2.732883800159796595e-02
1.175407929853959877e-08,2.725261630433974125e-02
1.183037324385209897e-08,2.722191088127362893e-02
1.205004345286976598e-08,2.746574806444568306e-02
1.196612733783144310e-08,2.732883800159796595e-02
1.222094622525302184e-08,2.742023179025356722e-02
6.669694727117369998e-09,2.540595603711673020e-02
8.081204963452892938e-09,2.526904597426901308e-02
8.189504796808421399e-09,2.497860879609074478e-02
8.398590665875064043e-09,2.528385682539502008e-02
8.461121356848519722e-09,2.514694676254730296e-02
8.171189915050164287e-09,2.484169873324303113e-02
8.896054643573186252e-09,2.529939015706375582e-02
8.809067986228254931e-09,2.507072506528907826e-02
9.095928885719996965e-09,2.517692970507068306e-02
9.129488106929899443e-09,2.536007852265324478e-02
8.673241644194635772e-09,2.516211885394467607e-02
9.257620031183420892e-09,2.516211885394467607e-02
3.460725148518884729e-09,2.284259507150356722e-02
4.751653382272436356e-09,2.302574388908612893e-02
5.357453317353223713e-09,2.305644931215224125e-02
5.586335153290723486e-09,2.308715473521835010e-02
5.604650035048980598e-09,2.319335937499995490e-02
5.584817944150986783e-09,2.313267100941046595e-02
5.835049080126217901e-09,2.302574388908612893e-02
5.943421161536018908e-09,2.311713767774173020e-02
5.867127216223518708e-09,2.310196558634435710e-02
5.935798991810196225e-09,2.302574388908612893e-02
5.944902246648619752e-09,2.281188964843745490e-02
5.857915589303685949e-09,2.275120128284796595e-02
3.784786571155939555e-10,2.075209762110850203e-02
1.692237276019476634e-09,2.038616122621474125e-02
1.953197248054277834e-09,2.043167750040685710e-02
2.221707141760628137e-09,2.059929298632068306e-02
2.415512547348489144e-09,2.050789919766508179e-02
2.618457331801910363e-09,2.062999840938679191e-02
2.482667113795429545e-09,2.056858756325457074e-02
2.122546687270660303e-09,2.050789919766508179e-02
2.668850349657467455e-09,2.041614416873811788e-02
2.554409431688717568e-09,2.040097207734074478e-02
2.868724591804277754e-09,2.044684959180423020e-02
2.925186446218783726e-09,2.033992247147989318e-02
-2.696254036643283989e-09,1.771587314027724125e-02
-1.278674963748811756e-09,1.771587314027724125e-02
-1.274123336329600200e-09,1.745614138516508179e-02
-1.107772191365555484e-09,1.771587314027724125e-02
-1.097115603360258362e-09,1.791419404925717607e-02
-7.873159466367735624e-10,1.765446229414502008e-02
-5.401192289410170907e-10,1.725818171645651308e-02
-6.286592194528246962e-10,1.742579720237033905e-02
-3.006169290253565715e-10,1.742579720237033905e-02
9.182727698128256958e-12,1.754753517382068306e-02
-2.792315049604891601e-10,1.750201889962856722e-02
-8.542609937262812797e-11,1.753272432269467607e-02
-1.769643841367735125e-10,1.771587314027724125e-02
-5.571076364228215670e-09,1.513697884299533905e-02
-4.242001157818413943e-09,1.489278041955192054e-02
-3.851355928363217697e-09,1.499934629960489145e-02
-4.164153879339040353e-09,1.443508899573119411e-02
-3.663655483361442257e-09,1.445026108712856548e-02
-3.657586646802492964e-09,1.495346878514140949e-02
-3.544662937973480608e-09,1.478585329922758353e-02
-3.372242956450486392e-09,1.451131069298942054e-02
-3.346305904966407425e-09,1.492312460234666502e-02
-3.312710559729369088e-09,1.484654166481707248e-02
-3.004464236172758195e-09,1.484654166481707248e-02
-2.792343948826640903e-09,1.518249511718745490e-02
-8.761731061068443000e-09,1.289367675781245490e-02
-7.440278024384465610e-09,1.261913415157429191e-02
-6.776535149776570198e-09,1.283226591168023546e-02
-6.305008223562524475e-09,1.295508760394467607e-02
-6.460666656494136622e-09,1.267982251716378087e-02
-6.248546369148018090e-09,1.266465042576640949e-02
-5.944923921064892334e-09,1.263430624297166502e-02
-6.408756429498841173e-09,1.249703493985258353e-02
-5.772431691487625572e-09,1.304612015232890949e-02
-6.036462205829037899e-09,1.266465042576640949e-02
-5.668683485551309702e-09,1.263430624297166502e-02
-5.322326313365585395e-09,1.278674963748811788e-02
-1.129929947130607266e-08,1.075730179295390949e-02
-9.959531552863838158e-09,1.039100415778878087e-02
-9.300340305675155337e-09,1.060485839843745490e-02
-9.105053814974693901e-09,1.057415297537134431e-02
-9.036382039388016383e-09,1.028479951800717607e-02
-9.120298154426339266e-09,1.042170958085489145e-02
-8.923458330559003613e-09,1.043724291252362893e-02
-8.706750291766538286e-09,1.062003048983482800e-02
-8.995164524425154536e-09,1.052863670117922847e-02
-8.877653064149794144e-09,1.040653748945752008e-02
-8.940256003177523195e-09,1.022338867187495490e-02
-8.805946870283643220e-09,1.022338867187495490e-02
-1.419547109892873527e-08,8.132891221479891450e-03
-1.296862688931551189e-08,7.873159466367735462e-03
-1.253983468720406885e-08,7.889054038307839051e-03
-1.253676414489745545e-08,7.705543980453909494e-03
-1.254745685692988988e-08,7.766954826586129797e-03
-1.185318917939156705e-08,7.827643192175617881e-03
-1.207600217877011918e-08,7.675199797659165019e-03
-1.193862250356962746e-08,7.919398221102583527e-03
-1.147323666196880523e-08,8.041497432824291913e-03
-1.142902085275360667e-08,8.041497432824291913e-03
-1.109787189599238939e-08,7.934570312499954897e-03
-1.145795619849002318e-08,7.751421494917391450e-03
-1.669792695478959155e-08,5.950999982429228466e-03
-1.547415328748298156e-08,5.630218621456217418e-03
-1.512013782154429623e-08,5.493308558608502035e-03
-1.486380172498297996e-08,5.477413986668397579e-03
-1.475391243443344225e-08,5.615046530058845180e-03
-1.463640097415808186e-08,5.477413986668397579e-03
-1.439689867424242020e-08,5.600235678932839051e-03
-1.438006487759676228e-08,5.569530255866728466e-03
-1.426107233220880104e-08,5.569530255866728466e-03
-1.417101513255725798e-08,5.416725621078909494e-03
-1.377278385740337574e-08,5.630218621456217418e-03
-1.401535669962564748e-08,5.431897712476281732e-03
-1.352558713970761802e-08,5.462603135542391450e-03
-1.922480265299478678e-08,3.646648291385490553e-03
-1.782098683443935742e-08,3.127907261703909061e-03
-1.702297095096472037e-08,3.448327382405554434e-03
-1.723660844745057560e-08,3.387639016816065916e-03
-1.717707605072945830e-08,3.280711896491728900e-03
-1.704124970869584080e-08,3.372105685147327569e-03
-1.675745935151070885e-08,3.417621959339444283e-03
-1.699089281486741874e-08,3.112373930035171148e-03
-1.674831997264514864e-08,3.509376988266409061e-03
-1.658810991229432556e-08,3.280711896491728900e-03
-1.626154870697945921e-08,3.234834382028246077e-03
-1.604635787732673141e-08,3.356933593749955765e-03
-2.180358857819527994e-08,1.342657840613118532e-03
-2.040128996877958811e-08,1.022598960182839051e-03
-2.025632424788041039e-08,8.235555706601710392e-04
-1.985047080300070381e-08,1.022598960182839051e-03
-1.968263857292406135e-08,1.128803599964444283e-03
-1.964290214307380201e-08,9.611881140506184232e-04
-1.959713300069172757e-08,1.128803599964444283e-03
-1.933162140123771274e-08,1.205025297222670931e-03
-1.918665568033853833e-08,1.128803599964444283e-03
-1.940184650999126613e-08,9.918935371167286828e-04
-1.925839799823182594e-08,1.311952417547008164e-03
-1.904168995943936062e-08,1.144336931633182413e-03
-2.454717231519294050e-08,-1.144481427741817587e-03
-2.295262163335626229e-08,-2.716599088726665868e-03
-2.226594000151662546e-08,-1.800493760542480571e-03
-2.253759268558386378e-08,-2.090569698449381685e-03
-2.213322032581675639e-08,-1.282113971132264971e-03
-2.218050667733856504e-08,-2.960436271898718701e-03
-2.194703708995471682e-08,-1.831199183608590722e-03
-2.165558843901662716e-08,-1.999175909793782582e-03
-2.190733678413159581e-08,-1.892248789469445349e-03
-2.181579849936745025e-08,-1.892248789469445349e-03
-2.162813417839281149e-08,-1.846732515277328852e-03
-2.159302162401603480e-08,-2.349940213290172431e-03
-2.704204212535510747e-08,-6.149826627789165868e-03
-2.543069377089991464e-08,-6.820649811715834981e-03
-2.496985955671830335e-08,-6.698911840265491836e-03
-2.474097772078080275e-08,-6.637500994133271534e-03
-2.481571833292642708e-08,-6.591984719941154820e-03
-2.466468377546830255e-08,-6.729617263331602421e-03
-2.413824832800662383e-08,-6.897232749245427522e-03
-2.443728302464340114e-08,-6.912766080914165868e-03
-2.430152893066405701e-08,-6.851355234781945566e-03
-2.373691038651899481e-08,-6.302270022305619598e-03
-2.428321404890580155e-08,-6.790305628921090506e-03
-2.416570258863044281e-08,-6.653034325802009014e-03
-2.907604159730852812e-08,-8.468627929687545103e-03
-2.783091862996418430e-08,-9.414716200395108550e-03
-2.701610507387102602e-08,-9.399905349269101554e-03
-2.720987435543175655e-08,-9.155345685554316937e-03
-2.692911841652609966e-08,-9.125362743030938570e-03
-2.697029980746182317e-08,-9.109468171090834981e-03
-2.698706135605320607e-08,-9.307789080070771534e-03
-2.680701920480439000e-08,-9.277806137547393167e-03
-2.661780155066287206e-08,-9.430249532063846030e-03
-2.657665628375428359e-08,-9.216395291415171998e-03
-2.667426340507737927e-08,-9.537176652388183046e-03
-2.690166415590227738e-08,-9.521643320719445566e-03
-2.633708173578435021e-08,-9.277806137547393167e-03
-3.174636580727316684e-08,-1.135277025627371913e-02
-3.014878070715701357e-08,-1.179565082896843857e-02
-2.998091235305323278e-08,-1.193256089181615395e-02
-2.970470804156678518e-08,-1.170353455977010855e-02
-2.973064509305086662e-08,-1.188668337735267200e-02
-2.954298077207622787e-08,-1.185633919455792752e-02
-2.906383167613635781e-08,-1.176494540590232972e-02
-2.905620950641053513e-08,-1.174977331450495661e-02
-2.915695941809451428e-08,-1.182599501176318305e-02
-2.867629311301491000e-08,-1.176494540590232972e-02
-2.917372096668589387e-08,-1.199361049767700901e-02
-2.887465014602198484e-08,-1.185633919455792752e-02
-3.455710411071777070e-08,-1.379403201016517200e-02
-3.274580926606148882e-08,-1.411481337113818305e-02
-3.253831285418885708e-08,-1.400788625081384603e-02
-3.203785058223839484e-08,-1.388614827936350375e-02
-3.228349396676728165e-08,-1.428242885705200901e-02
-3.226059133356267195e-08,-1.419139630866777559e-02
-3.197983539465701176e-08,-1.393166455355561960e-02
-3.188063881613991179e-08,-1.416069088560166674e-02
-3.183794021606445075e-08,-1.417550173672767200e-02
-3.171128937692352849e-08,-1.419139630866777559e-02
-3.120775656266645616e-08,-1.371781031290694557e-02
-3.177082177364464910e-08,-1.416069088560166674e-02
-3.702141299392237357e-08,-1.583901318636811786e-02
-3.531086806095007084e-08,-1.632741003325495835e-02
-3.482565012845126058e-08,-1.618977748986450901e-02
-3.504846312782980776e-08,-1.609874494148027732e-02
-3.490956624348957354e-08,-1.605250618674542926e-02
-3.489280469489819726e-08,-1.644950924497666500e-02
-3.462577588630444491e-08,-1.649502551916878085e-02
-3.415424896009040084e-08,-1.593040697502371913e-02
-3.456776069872306844e-08,-1.635739297577833498e-02
-3.424582336888168475e-08,-1.609874494148027732e-02
-3.446704691106622432e-08,-1.666264100508260682e-02
-3.409016493595007425e-08,-1.644950924497666500e-02
-3.995876601248076465e-08,-1.882972139300726627e-02
-3.823453007322368912e-08,-1.947056163441055615e-02
-3.756923386544892114e-08,-1.916531360510628085e-02
-3.747155449607155208e-08,-1.925742987430461434e-02
-3.718776413888641683e-08,-1.913460818204017200e-02
-3.710839965126730985e-08,-1.930294614849673018e-02
-3.712216290560635272e-08,-1.924153530236450901e-02
-3.740750659595835391e-08,-1.962300502892700901e-02
-3.698481935443299768e-08,-1.950126705747666500e-02
-3.674979643388227359e-08,-1.908909190784805615e-02
-3.666280977653734392e-08,-1.934846242268884603e-02
-3.667350248856977670e-08,-1.907391981645068305e-02
-4.225827708388819681e-08,-2.150000947894476627e-02
-4.084535801049434226e-08,-2.186630711410989317e-02
-3.992676012443772977e-08,-2.182079083991777732e-02
-3.978024107037167949e-08,-2.143932111335527732e-02
-3.995266105189467288e-08,-2.186630711410989317e-02
-3.972988417654326074e-08,-2.165245287346121913e-02
-3.983059796420010486e-08,-2.179008541685166500e-02
-3.978941657326437473e-08,-2.180489626797767200e-02
-3.975430401888760135e-08,-2.180489626797767200e-02
-3.987484989744243846e-08,-2.175937999378555615e-02
-3.934693336486816055e-08,-2.186630711410989317e-02
-3.912412036548960676e-08,-2.150000947894476627e-02
-3.940332297122839439e-08,-2.168315829652732799e-02
-4.434729344917065720e-08,-2.336148059729378085e-02
-4.334477944807571852e-08,-2.412442005041878085e-02
-4.327762488162878184e-08,-2.400268207896844030e-02
-4.223389336557099123e-08,-2.395680456450495488e-02
-4.243683815002441038e-08,-2.404819835316055615e-02
-4.222627119584516855e-08,-2.392609914143884603e-02
-4.183103821494362137e-08,-2.374295032385628085e-02
-4.169835466327088402e-08,-2.371224490079017200e-02
-4.197300564159045906e-08,-2.418583089655100202e-02
-4.170897512724904673e-08,-2.409371462735267200e-02
-4.167845032431862097e-08,-2.380436116998850202e-02
-4.155183560920483374e-08,-2.423134717074311786e-02
-4.650335600881865579e-08,-2.565029895666878085e-02
-4.468606457565769386e-08,-2.642877174146252006e-02
-4.471351883628150953e-08,-2.653569886178685708e-02
-4.454261606389825367e-08,-2.638325546727040422e-02
-4.378115769588586078e-08,-2.636772213560166500e-02
-4.340731013904917916e-08,-2.645947716452863238e-02
-4.350498950842654160e-08,-2.618457331801910329e-02
-4.357665957826555583e-08,-2.603176868323128085e-02
-4.329745697252677482e-08,-2.621491750081384603e-02
-4.322878519694010062e-08,-2.627632834694606720e-02
-4.304874304569128454e-08,-2.591003071178094030e-02
-4.268096432541355304e-08,-2.636772213560166500e-02
-4.789651523936878080e-08,-2.810745528250033903e-02
-4.631569168784401042e-08,-2.844304749459935708e-02
-4.583809592507101623e-08,-2.841270331180461434e-02
-4.578618569807571830e-08,-2.845821958599673018e-02
-4.571603283737644821e-08,-2.858031879771844030e-02
-4.572820663452147687e-08,-2.874829552390363238e-02
-4.542154976815888019e-08,-2.851963043212895135e-02
-4.530096776557690805e-08,-2.853444128325495488e-02
-4.490118315725615490e-08,-2.870205676916878085e-02
-4.478981278159401304e-08,-2.856514670632106720e-02
-4.483709913311582169e-08,-2.867207382664540422e-02
-4.482640642108338892e-08,-2.897732185594967605e-02
-4.992292866562351710e-08,-3.094535885435166500e-02
-4.789958578167539089e-08,-3.112850767193423018e-02
-4.758678783069956741e-08,-3.118991851806645135e-02
-4.799264127557927068e-08,-3.106709682580200901e-02
-4.800485119675144760e-08,-3.117402394612634603e-02
-4.830702868374910837e-08,-3.134236191258290422e-02
-4.860606338038588237e-08,-3.108299139774211434e-02
-4.856791640772963392e-08,-3.123543479225856720e-02
-4.879528103452740030e-08,-3.091465343128555615e-02
-4.936445120609167840e-08,-3.109780224886811786e-02
-5.092851320902505926e-08,-3.074703794537173018e-02
-5.387652281558874808e-08,-3.099087512854378085e-02
-6.024869283040363261e-08,-3.297516793915723776e-02
-6.093996221368962699e-08,-3.355495857469967952e-02
-6.065461852333762579e-08,-3.315795551646844030e-02
-5.990844061880400007e-08,-3.326488263679277385e-02
-5.882504492095022349e-08,-3.344803145437533903e-02
-5.767908240809585123e-08,-3.335663766571973776e-02
-5.705955534270314777e-08,-3.317348884813717952e-02
-5.682460467020670036e-08,-3.350908106023619409e-02
-5.571982354828805161e-08,-3.343285936297796940e-02
-5.508198160113709930e-08,-3.355495857469967952e-02
-5.489587061332933311e-08,-3.347873687744144788e-02
-5.406881101203686288e-08,-3.340215393991186055e-02
-5.394826513348203239e-08,-3.337180975711711434e-02
-5.895169576009113913e-08,-3.524845296686350549e-02
-5.786833618626449096e-08,-3.581307151100856373e-02
-5.773861480481696523e-08,-3.578236608794245488e-02
-5.753263560208407102e-08,-3.538608551025394788e-02
-5.783318750786058255e-08,-3.547711805863818652e-02
-5.695887767907345192e-08,-3.569097229928686055e-02
-5.689327644579337457e-08,-3.559921727035988970e-02
-5.674216964028098328e-08,-3.584377693407467952e-02
-5.626153945922851403e-08,-3.561475060202862891e-02
-5.633783340454101754e-08,-3.578236608794245488e-02
-5.579918803590716521e-08,-3.549301263057828837e-02
-5.588155081777861222e-08,-3.584377693407467952e-02
-6.031429406368370996e-08,-3.816330071651578837e-02
-5.935754920497084902e-08,-3.846818750554869409e-02
-5.911190582044196883e-08,-3.848335959694606373e-02
-5.844816294583407342e-08,-3.848335959694606373e-02
-5.807583259813712270e-08,-3.854477044307828837e-02
-5.784543355305988788e-08,-3.848335959694606373e-02
-5.703972325180515478e-08,-3.860545880866777385e-02
-5.648276300141304699e-08,-3.842194875081384603e-02
-5.719686276984936777e-08,-3.880341847737634603e-02
-5.640343463782108166e-08,-3.866650841452862891e-02
-5.634238503196021690e-08,-3.898692853523027385e-02
-5.601589607469962061e-08,-3.886482932350856373e-02
-6.166475469415837393e-08,-4.098603219696973776e-02
-5.954373244083288527e-08,-4.145889571218783903e-02
-5.964903397993607701e-08,-4.155065074111480294e-02
-5.971311800407640360e-08,-4.130609107740002006e-02
-5.947506066524620445e-08,-4.138267401492961434e-02
-5.895931792981696843e-08,-4.097049886530100549e-02
-5.947506066524620445e-08,-4.139820734659835355e-02
-5.967034715594667250e-08,-4.130609107740002006e-02
-5.989167907021261717e-08,-4.139820734659835355e-02
-5.979855132825446732e-08,-4.115364768288356373e-02
-5.957274003462357351e-08,-4.124540271181053458e-02
-5.924162720188948795e-08,-4.104672056255923018e-02
-6.444796648892489205e-08,-4.329002264774211434e-02
-6.364539897803103910e-08,-4.350387688839078837e-02
-6.323640274279044244e-08,-4.322933428215262192e-02
-6.348818721193256266e-08,-4.361080400871512192e-02
-6.361332084193374078e-08,-4.374771407156283903e-02
-6.349429217251864120e-08,-4.370183655709936055e-02
-6.321964119419905954e-08,-4.380876367742369409e-02
-6.342106876951274778e-08,-4.396156831221151307e-02
-6.329593513951155643e-08,-4.380876367742369409e-02
-6.281068108298560453e-08,-4.361080400871512192e-02
-6.293581471298679588e-08,-4.371700864849673018e-02
-6.303959904295025009e-08,-4.383946910048980294e-02
-6.854197473237007492e-08,-4.565506270437533903e-02
-6.704203287760416230e-08,-4.597584406534835355e-02
-6.677955569642962253e-08,-4.592960531061350549e-02
-6.671092004487008336e-08,-4.617416497432828837e-02
-6.638591217272208295e-08,-4.588372779615002006e-02
-6.660410129662715408e-08,-4.628109209465262192e-02
-6.611425948865486117e-08,-4.565506270437533903e-02
-6.592814850084708837e-08,-4.605206576260657825e-02
-6.551460063818729235e-08,-4.565506270437533903e-02
-6.565190806533351235e-08,-4.582303943056053458e-02
-6.585333564064718736e-08,-4.612828745986480294e-02
-6.558020187146735647e-08,-4.591443321921612891e-02
-6.590217532533588181e-08,-4.640283006610296940e-02
-7.054093389800100217e-08,-4.829536784778946240e-02
-6.956280361522326907e-08,-4.824912909305461434e-02
-6.959488175132056739e-08,-4.863059881961711434e-02
-6.941939122749097053e-08,-4.821878491025986813e-02
-6.924541791280109796e-08,-4.831017869891546940e-02
-6.883649392561478460e-08,-4.829536784778946240e-02
-6.940869851545853775e-08,-4.855401588208752006e-02
-6.869918649846856460e-08,-4.834088412198157825e-02
-6.862289255315606770e-08,-4.841710581923980294e-02
-6.874795393510297575e-08,-4.864613215128585355e-02
-6.858167503819320255e-08,-4.866094300241186055e-02
-6.976423119053695730e-08,-4.867683757435196240e-02
-7.327530600807883907e-08,-5.053794745242961434e-02
-7.235522703690962408e-08,-5.075180169307828837e-02
-7.250015663378166015e-08,-5.099563887625033903e-02
-7.266950607299805006e-08,-5.091941717899211434e-02
-7.189587390784060867e-08,-5.110256599657467952e-02
-7.209889094034830450e-08,-5.101117220791907825e-02
-7.191877654104521175e-08,-5.085872881340262192e-02
-7.241013555815725542e-08,-5.062970248135657825e-02
-7.194171529827695648e-08,-5.128571481415723776e-02
-7.163346897472033897e-08,-5.098046678485296940e-02
-7.139848217819675652e-08,-5.104187763098518710e-02
-7.136488683295972067e-08,-5.107186057350856373e-02
-7.647365512269916080e-08,-5.287300456653946240e-02
-7.539177663398510190e-08,-5.322376887003585355e-02
-7.535511074644146257e-08,-5.307096423524803458e-02
-7.510791402874570982e-08,-5.304062005245328837e-02
-7.527426517370975309e-08,-5.310166965831414343e-02
-7.538563554937188171e-08,-5.346760605320790422e-02
-7.488361994425456015e-08,-5.310166965831414343e-02
-7.436787720882530428e-08,-5.287300456653946240e-02
-7.490500536831942570e-08,-5.307096423524803458e-02
-7.471882213245738283e-08,-5.314754717277762192e-02
-7.443654898441198511e-08,-5.275018287427502006e-02
-7.427482171492142449e-08,-5.300991462938717952e-02
-7.925072583285244550e-08,-5.491726326219967952e-02
-7.839473088582355710e-08,-5.526875004623879595e-02
-7.851683009754527339e-08,-5.539048801768914343e-02
-7.830470981019915237e-08,-5.523804462317268710e-02
-7.790947682929760519e-08,-5.516182292591446240e-02
-7.847868312488902494e-08,-5.531426632043091179e-02
-7.860074621258359958e-08,-5.508523998838486813e-02
-7.816129742246684060e-08,-5.525285547429869409e-02
-7.760737159035422110e-08,-5.490209117080230294e-02
-7.770198041742498007e-08,-5.542119344075525228e-02
-7.727474154848040463e-08,-5.531426632043091179e-02
-7.739221688472862503e-08,-5.525285547429869409e-02
-8.275576793786250557e-08,-5.729783665050164343e-02
-8.133818886496802672e-08,-5.758755134813717952e-02
-8.098572673219622387e-08,-5.761825677120328837e-02
-8.121460856813372778e-08,-5.761825677120328837e-02
-8.098110285672274122e-08,-5.763379010287202758e-02
-8.084990039016261299e-08,-5.738923043915723776e-02
-8.093840425664728018e-08,-5.752686298254768710e-02
-8.160066604614257971e-08,-5.778623349738847698e-02
-8.050964817856296722e-08,-5.783211101185196240e-02
-8.022430448821096602e-08,-5.786245519464670861e-02
-8.068055095094622307e-08,-5.787762728604407825e-02
-8.020598960645270395e-08,-5.778623349738847698e-02
-8.009917085820977467e-08,-5.763379010287202758e-02
-8.512243357571688102e-08,-5.995259140477040422e-02
-8.444341023763019860e-08,-6.036476655439901307e-02
-8.557712670528527213e-08,-6.027337276574341179e-02
-8.435642358028526893e-08,-6.028854485714078837e-02
-8.415654933813845987e-08,-6.048650452584936055e-02
-8.404817725672866465e-08,-6.027337276574341179e-02
-8.403141570813728176e-08,-6.034959446300164343e-02
-8.481267004302053922e-08,-6.039547197746512192e-02
-8.374758922692501809e-08,-6.031888903993553458e-02
-8.364232381184895477e-08,-6.042581616025986813e-02
-8.411533182317559471e-08,-6.057862079504768710e-02
-8.341951081247040098e-08,-6.031888903993553458e-02
-8.855876778111311861e-08,-6.253148570205230294e-02
-8.789650599161783231e-08,-6.282156163995920861e-02
-8.761575005271217212e-08,-6.277604536576708583e-02
-8.818336689110957104e-08,-6.326371973211120103e-02
-8.750741409532950532e-08,-6.276051203409835355e-02
-8.737920992302171050e-08,-6.285226706302531052e-02
-8.752417564392090145e-08,-6.297436627474702064e-02
-8.722969257470332019e-08,-6.268429033684012885e-02
-8.738383379849520639e-08,-6.297436627474702064e-02
-8.712446328365441175e-08,-6.301988254893914343e-02
-8.708779739611075918e-08,-6.298917712587302764e-02
-8.711525165673458809e-08,-6.286743915442269404e-02
-9.221173777724757462e-08,-6.508003581653945546e-02
-9.153885552377411238e-08,-6.540009469696973776e-02
-9.103683991865677758e-08,-6.523247921105591873e-02
-9.143810561209013323e-08,-6.511037999933420861e-02
-9.023723457798812963e-08,-6.530870090831414343e-02
-9.050581671974876116e-08,-6.529389005718813643e-02
-9.081250971013848626e-08,-6.530870090831414343e-02
-9.038682417436079000e-08,-6.535457842277762885e-02
-9.009226885708895191e-08,-6.517106836492370103e-02
-9.018084497162788917e-08,-6.547631639422796246e-02
-9.025099783232717911e-08,-6.511037999933420861e-02
-8.988936019666266779e-08,-6.529389005718813643e-02
-9.535817666487259842e-08,-6.752129757043091873e-02
-9.531089031335078314e-08,-6.802486650871512885e-02
-9.468222386909253270e-08,-6.761269135908651307e-02
-9.483939951116388073e-08,-6.775032390247695546e-02
-9.484850276600230591e-08,-6.761269135908651307e-02
-9.477220882068980901e-08,-6.804039984038386113e-02
-9.497822414744982502e-08,-6.781137350833781052e-02
-9.328299580198344434e-08,-6.800969441731774534e-02
-9.424884391553473708e-08,-6.768891305634473776e-02
-9.439073909412731132e-08,-6.770444638801348392e-02
-9.439380963643391480e-08,-6.788759520559604910e-02
-9.452353101788144715e-08,-6.775032390247695546e-02
-9.443809769370338343e-08,-6.781137350833781052e-02
-9.936061049952651063e-08,-6.988633762706414343e-02
-9.889677799109256592e-08,-7.035992362282497692e-02
-9.836878921046401133e-08,-6.982528802120328837e-02
-9.865106235850939582e-08,-7.019158565636841873e-02
-9.860222267382071460e-08,-7.026780735362664343e-02
-9.878995924284963665e-08,-7.014606938217629595e-02
-9.849392284046520268e-08,-7.006948644464670861e-02
-9.876550327647815439e-08,-6.999326474738848392e-02
-9.862360809788558015e-08,-7.000843683878585355e-02
-9.852137710108901835e-08,-7.037473447395098392e-02
-9.903867316968512693e-08,-7.034402905088486813e-02
-9.867396499171401213e-08,-7.013017481023620103e-02
-1.042846766385165038e-07,-7.229725519816085355e-02
-1.039520465966427005e-07,-7.237347689541907825e-02
-1.034408916126597857e-07,-7.241971565015392631e-02
-1.035064928459398630e-07,-7.241971565015392631e-02
-1.044876936710241996e-07,-7.231278852982958583e-02
-1.038849642782500273e-07,-7.240418231848519404e-02
-1.036178632216020049e-07,-7.246523192434604910e-02
-1.030029600316827907e-07,-7.232796062122695546e-02
-1.035675424518007145e-07,-7.229725519816085355e-02
-1.033676682096539055e-07,-7.243488774155129595e-02
-1.035812695821126224e-07,-7.237347689541907825e-02
-1.034271283583207494e-07,-7.246523192434604910e-02
-1.091599753408720990e-07,-7.444916349468813643e-02
-1.085343794389204520e-07,-7.475405028372104910e-02
-1.085618336995442677e-07,-7.460160688920458583e-02
-1.087388414325136021e-07,-7.505929831302531052e-02
-1.086946256232984168e-07,-7.483063322125063643e-02
-1.083680644179835504e-07,-7.481473864931052764e-02
-1.083420551184451890e-07,-7.472370610092629595e-02
-1.082841121789180958e-07,-7.457090146613848392e-02
-1.083787571300159699e-07,-7.472370610092629595e-02
-1.086533719843083967e-07,-7.489132158684012885e-02
-1.084793986696185506e-07,-7.476922237511841873e-02
-1.085099595965760982e-07,-7.460160688920458583e-02
-1.140748659769693837e-07,-7.734811667240031052e-02
-1.141802036400997303e-07,-7.798931815407497692e-02
-1.138475735982259006e-07,-7.783651351928715101e-02
-1.137071956287730771e-07,-7.747021588412202064e-02
-1.141146024068196529e-07,-7.766853679310195546e-02
-1.136980201258803686e-07,-7.739399418686379595e-02
-1.133378635753284664e-07,-7.736328876379769404e-02
-1.134462356567382749e-07,-7.743951046105591873e-02
-1.137376843076763678e-07,-7.753126548998287570e-02
-1.141237056616580781e-07,-7.785168561068452064e-02
-1.137681729865796586e-07,-7.745504379272465101e-02
-1.139086232040867653e-07,-7.751573215831414343e-02
-1.193148006092418104e-07,-8.000359390721180353e-02
-1.201251347859700327e-07,-8.050680160522465101e-02
-1.195284381057276954e-07,-8.033882487903945546e-02
-1.122774066347064412e-07,-8.041504657629769404e-02
-1.184176242712772249e-07,-8.023225899898649149e-02
-1.186892047072901899e-07,-8.027813651344997692e-02
-1.189990043640136733e-07,-8.055267911968813643e-02
-1.188219966310443389e-07,-8.043057990796642631e-02
-1.193926840117483281e-07,-8.052197369662202064e-02
-1.193072145635431492e-07,-8.027813651344997692e-02
-1.191469683791651845e-07,-8.067441709113848392e-02
-1.195178176417495062e-07,-8.068995042280721619e-02
-1.195803844567501350e-07,-8.081204963452892631e-02
-1.250674796826911728e-07,-8.246002775250063643e-02
-1.256336154359759891e-07,-8.273457035873879595e-02
-1.250842412312825424e-07,-8.282632538766576680e-02
-1.249881513190992008e-07,-8.268869284427531052e-02
-1.255267605637059181e-07,-8.284149747906313643e-02
-1.253436839941776071e-07,-8.270386493567269404e-02
-1.253192641518332665e-07,-8.297876878218221619e-02
-1.254825447544907063e-07,-8.311604008530129595e-02
-1.246585556955048462e-07,-8.287184166185787570e-02
-1.253162297335537915e-07,-8.273457035873879595e-02
-1.252902926820697133e-07,-8.275010369040754210e-02
-1.252963615186286635e-07,-8.278008663293091873e-02
-1.310307618343468657e-07,-8.483987866025986813e-02
-1.310902219830137097e-07,-8.506890499230591873e-02
-1.309666778102065524e-07,-8.502338871811379595e-02
-1.308567885196570064e-07,-8.490128950639208583e-02
-1.311681053855202274e-07,-8.491646159778945546e-02
-1.308033972075491126e-07,-8.493199492945820162e-02
-1.305759603326970762e-07,-8.500821662671642631e-02
-1.307713190714518010e-07,-8.502338871811379595e-02
-1.305852080836440415e-07,-8.494680578058420861e-02
-1.309727466467655025e-07,-8.499268329504769404e-02
-1.303181792750502891e-07,-8.496270035252430353e-02
-1.302280859513716408e-07,-8.488611741499471619e-02
-1.357167706345066994e-07,-8.717493577436971619e-02
-1.357824441158410071e-07,-8.743466752948186871e-02
-1.359136465824011354e-07,-8.749535589507136113e-02
-1.363439559936523540e-07,-8.778543183297826680e-02
-1.357686447374748292e-07,-8.775472640991215101e-02
-1.354771960865367363e-07,-8.763298843846180353e-02
-1.356313011863014941e-07,-8.781613725604436871e-02
-1.354284286499023384e-07,-8.786165353023649149e-02
-1.355779098741935738e-07,-8.795304731889208583e-02
-1.354131120623964229e-07,-8.776989850130952064e-02
-1.352009917750503019e-07,-8.764779928958781052e-02
-1.353521347045898415e-07,-8.748018380367399149e-02
-1.405996553825609691e-07,-8.970795255718813643e-02
-1.409948522394353481e-07,-9.001283934622104910e-02
-1.411673083449854964e-07,-9.025739900993583198e-02
-1.404959071766246300e-07,-9.010495561541936871e-02
-1.403082067316228496e-07,-9.008942228375063643e-02
-1.406545639038086004e-07,-9.025739900993583198e-02
-1.406225580157655457e-07,-9.007425019235326680e-02
-1.400549050533410183e-07,-9.010495561541936871e-02
-1.404074033101399761e-07,-9.025739900993583198e-02
-1.400762904774058839e-07,-9.018117731267760728e-02
-1.402028690684925427e-07,-9.004354476928715101e-02
-1.398901072415438410e-07,-9.019634940407497692e-02
-1.451209386189778558e-07,-9.179845000758320162e-02
-1.454489447853781896e-07,-9.222543600833781052e-02
-1.452933224764736943e-07,-9.228684685447004210e-02
-1.459052634961677167e-07,-9.249997861457598392e-02
-1.456702405756169926e-07,-9.233236312866215101e-02
-1.450766505617083872e-07,-9.234753522005952064e-02
-1.452124769037419848e-07,-9.195089340209965101e-02
-1.452262040340539059e-07,-9.201230424823186871e-02
-1.450003566163958638e-07,-9.207299261382136113e-02
-1.451666716373327787e-07,-9.214921431107958583e-02
-1.450308452952991810e-07,-9.202711509935787570e-02
-1.453650647943670051e-07,-9.228684685447004210e-02
-1.456518895698316286e-07,-9.208852594549010728e-02
-1.511070511557839215e-07,-9.404139085249471619e-02
-1.514274712764855412e-07,-9.445356600212333198e-02
-1.518074237939083146e-07,-9.457566521384504210e-02
-1.514030514341412006e-07,-9.475881403142760728e-02
-1.512764005950002849e-07,-9.446873809352070162e-02
-1.516975345033587686e-07,-9.452978769938155668e-02
-1.517006411696925269e-07,-9.437734430486510728e-02
-1.514427156159371998e-07,-9.431593345873287570e-02
-1.518287369699189233e-07,-9.488091324314930353e-02
-1.519676699782862793e-07,-9.469740318529537570e-02
-1.519966414480498325e-07,-9.471329775723548450e-02
-1.520118857875014646e-07,-9.445356600212333198e-02
-1.573983394738399747e-07,-9.662064639004798450e-02
-1.581978364424271845e-07,-9.738358584317298450e-02
-1.580605651393081061e-07,-9.721524787671642631e-02
-1.581703821818033688e-07,-9.729146957397465101e-02
-1.574776678374319467e-07,-9.709314866499471619e-02
-1.582161874482126014e-07,-9.697141069354436871e-02
-1.580590479301683951e-07,-9.704763239080260728e-02
-1.591728961828983273e-07,-9.742910211736510728e-02
-1.589165600863369945e-07,-9.726076415090854910e-02
-1.595696824969667272e-07,-9.752049590602070162e-02
-1.590356248797792225e-07,-9.704763239080260728e-02
-1.593759132154059967e-07,-9.727665872284864401e-02
-1.650918902772845517e-07,-9.936715617324370919e-02
-1.655619361183859999e-07,-9.977860884232958583e-02
-1.658228238423665188e-07,-9.979414217399833198e-02
-1.660898526509602712e-07,-9.976343675093221619e-02
-1.658549019784638304e-07,-9.977860884232958583e-02
-1.663965456413500227e-07,-9.968721505367399149e-02
-1.660227342085404827e-07,-9.959582126501839716e-02
-1.664636640837698376e-07,-9.996175765991215101e-02
-1.660821943572073267e-07,-9.965650963060787570e-02
-1.662394061233058163e-07,-9.961099335641576680e-02
-1.663523298321348109e-07,-9.968721505367399149e-02
-1.665781050017385697e-07,-9.967240420254798450e-02
-1.723140225265965360e-07,-1.015183419892282668e-01
-1.731028990312056095e-07,-1.021898876536976586e-01
-1.731791929765181064e-07,-1.019760334130489915e-01
-1.736537181969844839e-07,-1.022205930767637744e-01
-1.735423839453494837e-07,-1.020522551103072162e-01
-1.736430254849520643e-07,-1.019612225619229845e-01
-1.737361532269102142e-07,-1.020681496822473250e-01
-1.736918651696407456e-07,-1.020681496822473250e-01
-1.737392598932439461e-07,-1.021288380478368035e-01
-1.741298328746448822e-07,-1.019915667447177238e-01
-1.738201054659756556e-07,-1.021898876536976586e-01
-1.741512182987097477e-07,-1.020829605333733320e-01
-1.803829742200446737e-07,-1.040972362865101586e-01
-1.803204074050440979e-07,-1.041886300751657668e-01
-1.808956464131673129e-07,-1.046008052247943687e-01
-1.806942910859079212e-07,-1.042955571954900934e-01
-1.811672990972345347e-07,-1.044024843158144339e-01
-1.806454514012192135e-07,-1.045856331333969991e-01
-1.809139974189527034e-07,-1.043262626185562092e-01
-1.811245282491048036e-07,-1.042648517724239915e-01
-1.818234559261437424e-07,-1.043262626185562092e-01
-1.817044633807557977e-07,-1.043717788927483320e-01
-1.815304900660659119e-07,-1.042955571954900934e-01
-1.812755989305900598e-07,-1.040972362865101586e-01
-1.812573201728589526e-07,-1.041431138009736440e-01
-1.871823831038041536e-07,-1.063405383716930497e-01
-1.875318469423236098e-07,-1.064467430114746510e-01
-1.876920931267015745e-07,-1.064774484345407668e-01
-1.851850133953672339e-07,-1.066605972521233320e-01
-1.869687456073182950e-07,-1.065692034634677238e-01
-1.873594630848277712e-07,-1.069044344352953757e-01
-1.872754385977080201e-07,-1.062791275255608320e-01
-1.875501979481090002e-07,-1.065995476462624769e-01
-1.877591393210671061e-07,-1.065388592806729845e-01
-1.882764353896632411e-07,-1.068437460697058972e-01
-1.880689389777905895e-07,-1.070727724017519339e-01
-1.883405916618578378e-07,-1.070272561275598250e-01
-1.936964844212387474e-07,-1.088580218228427238e-01
-1.944472139531915857e-07,-1.094992233045173902e-01
-1.941435553810813356e-07,-1.088731939142400934e-01
-1.942397175413189341e-07,-1.091325644290808972e-01
-1.947645996556137568e-07,-1.091177535779548902e-01
-1.944990880561597419e-07,-1.095754450017756149e-01
-1.946791302074085514e-07,-1.091939752752131149e-01
-1.948362697254527578e-07,-1.094071070353190567e-01
-1.947554241527210483e-07,-1.091784419435443687e-01
-1.946211872678814450e-07,-1.090870481548887744e-01
-1.951033707821007934e-07,-1.095292062470407668e-01
-1.950499794699928996e-07,-1.091022202462861440e-01
-2.010727217703154365e-07,-1.113910386056611440e-01
-2.011062448674982023e-07,-1.115590153318463396e-01
-2.010787906068744131e-07,-1.115283099087802238e-01
-2.016098138057824163e-07,-1.115283099087802238e-01
-2.008193478439793484e-07,-1.116048928463098250e-01
-2.012787009730483506e-07,-1.115889982743697162e-01
-2.014816457575017631e-07,-1.116352370291045643e-01
-2.009094411676579967e-07,-1.114520882115219991e-01
-2.015869111725778397e-07,-1.116048928463098250e-01
-1.996047858035925521e-07,-1.115434820001775934e-01
-2.011886076493696758e-07,-1.115127765771114915e-01
-2.010467124707771015e-07,-1.112689393939394339e-01
-2.071091912009498945e-07,-1.134356585415927238e-01
-2.077271288091485837e-07,-1.135884631763805497e-01
-2.077347871029015547e-07,-1.139085220568108320e-01
-2.073395179979728923e-07,-1.138015949364864915e-01
-2.069855025320341706e-07,-1.135729298447118035e-01
-2.070695270191539482e-07,-1.138171282681552238e-01
-2.067765611590761177e-07,-1.135729298447118035e-01
-2.071671341404770538e-07,-1.134201252099239915e-01
-2.076051018454811640e-07,-1.138171282681552238e-01
-2.075455694487600632e-07,-1.137716119939631149e-01
-2.084839994257146554e-07,-1.138630057826187092e-01
-2.079651861479788093e-07,-1.138015949364864915e-01
-2.130998553651751992e-07,-1.159227978099476586e-01
-2.142366062511097081e-07,-1.163198008681789047e-01
-2.139025312481504506e-07,-1.161366520505963396e-01
-2.136873042944705712e-07,-1.162435791709206800e-01
-2.138704531120531391e-07,-1.165181217771588396e-01
-2.146471196954900290e-07,-1.162894566853841516e-01
-2.139177755876021092e-07,-1.163501450509736440e-01
-2.137834664547081962e-07,-1.163198008681789047e-01
-2.138796286149458475e-07,-1.161059466275302238e-01
-2.136461229035348610e-07,-1.162435791709206800e-01
-2.139695774425159557e-07,-1.163501450509736440e-01
-2.136918559218897838e-07,-1.163042675365101586e-01
-2.134904283465761353e-07,-1.162735621134440567e-01
-2.195620825796416102e-07,-1.184561758330374553e-01
-2.200014952457312540e-07,-1.190507773197058972e-01
-2.163103421529134344e-07,-1.192191152861624553e-01
-2.191012122414328705e-07,-1.191884098630963396e-01
-2.196215427283084542e-07,-1.191273602572354845e-01
-2.187182253057306221e-07,-1.189438501993815567e-01
-2.203081882361209527e-07,-1.191273602572354845e-01
-2.194918574708880899e-07,-1.191428935889042168e-01
-2.194155635255755930e-07,-1.189597447713216516e-01
-2.194781303405761689e-07,-1.188983339251894339e-01
-2.196551380735455033e-07,-1.187914068048650934e-01
-2.189410383051091891e-07,-1.185475696216930497e-01
-2.248478224783232564e-07,-1.209126096783262744e-01
-2.259464263916015565e-07,-1.215686220111269339e-01
-2.256977485887932211e-07,-1.215231057369348250e-01
-2.259494608098810051e-07,-1.214465227994052238e-01
-2.254016760623816323e-07,-1.213854731935443687e-01
-2.258808251583214792e-07,-1.213395956790808972e-01
-2.258014967947295072e-07,-1.216141382853190567e-01
-2.257679014494924846e-07,-1.215534499197295643e-01
-2.256076552651144934e-07,-1.216755491314512744e-01
-2.254276131138657104e-07,-1.215841553427956800e-01
-2.256991935498786753e-07,-1.216448437083851586e-01
-2.257526571100408260e-07,-1.215841553427956800e-01
-2.312810059749718838e-07,-1.233083551580256149e-01
-2.316792372501257909e-07,-1.236443086103959921e-01
-2.319401972221605402e-07,-1.236284140384558972e-01
-2.310429486361417112e-07,-1.237512357307203326e-01
-2.315220977320815316e-07,-1.238574403705019339e-01
-2.315022295171564036e-07,-1.237353411587802238e-01
-2.317433212742661042e-07,-1.239799008224950067e-01
-2.320759513161399075e-07,-1.241020000342167168e-01
-2.318791476162997019e-07,-1.240257783369584921e-01
-2.312855576023911229e-07,-1.237512357307203326e-01
-2.314824335502855588e-07,-1.239188512166341516e-01
-2.316121188077059495e-07,-1.240712946111506149e-01
-2.371114962028734277e-07,-1.259786432439631010e-01
-2.413625717163085999e-07,-1.265739672111742820e-01
-2.391348029627944520e-07,-1.264977455139160711e-01
-2.386068141821658974e-07,-1.263145966963334921e-01
-2.381796114372484372e-07,-1.267415826970881010e-01
-2.377736496202873553e-07,-1.264056292447177376e-01
-2.372365575848203755e-07,-1.263145966963334921e-01
-2.375386989477908615e-07,-1.265125563650420781e-01
-2.392873908534194458e-07,-1.264215238166578326e-01
-2.380651705192796786e-07,-1.265891393025716516e-01
-2.373479640845096325e-07,-1.263294075474594991e-01
-2.369039275429465458e-07,-1.259938153353604706e-01
-2.436545689900716541e-07,-1.286489313299006010e-01
-2.439383593472567497e-07,-1.292742382396351586e-01
-2.441061915773334021e-07,-1.290152289650657313e-01
-2.440314148411606692e-07,-1.289689902103308972e-01
-2.432715098063150694e-07,-1.292287219654430497e-01
-2.432318456245190967e-07,-1.290611064795292307e-01
-2.433615308819395139e-07,-1.287403251185562092e-01
-2.435843438813180809e-07,-1.290455731478604706e-01
-2.427481449011600107e-07,-1.288627855705492820e-01
-2.432348800427985718e-07,-1.289390072678075205e-01
-2.426397728197502552e-07,-1.286182259068344991e-01
-2.431906642335833864e-07,-1.288779576619466516e-01
-2.427267594770951717e-07,-1.284813158439867820e-01
-2.486792766686641618e-07,-1.305107636885209921e-01
-2.491263476285067501e-07,-1.308156504775538909e-01
-2.492271336642178709e-07,-1.312122922955137605e-01
-2.489814180316347272e-07,-1.311360705982555497e-01
-2.522392272949218797e-07,-1.310295047182025718e-01
-2.518974939982096248e-07,-1.308156504775538909e-01
-2.496558536182750422e-07,-1.309991605354078326e-01
-2.493842731822620772e-07,-1.308770613236861224e-01
-2.492835593946052397e-07,-1.311667760213216516e-01
-2.488364884347626515e-07,-1.306017962369052376e-01
-2.487830248746004743e-07,-1.307546008716930497e-01
-2.487434329408587849e-07,-1.311208985068581800e-01
-2.551582654317220219e-07,-1.330741246541341516e-01
-2.551094257470332877e-07,-1.333334951689749415e-01
-2.551125324133670461e-07,-1.333027897459088396e-01
-2.554924849307898195e-07,-1.334859385634913909e-01
-2.551521965951630188e-07,-1.332720843228427376e-01
-2.552193150375828867e-07,-1.333790114431670781e-01
-2.547463070262561938e-07,-1.332572734717167307e-01
-2.551369522557114132e-07,-1.332720843228427376e-01
-2.548256353898481922e-07,-1.332113959572532313e-01
-2.547951467109448750e-07,-1.333027897459088396e-01
-2.546119978933623336e-07,-1.332265680486506010e-01
-2.548988949168811875e-07,-1.333334951689749415e-01
-2.606423984874378680e-07,-1.355609026822177376e-01
-2.609704046538382018e-07,-1.358513398603959921e-01
-2.607675321174390196e-07,-1.358206344373298902e-01
-2.607415228179006846e-07,-1.355916081052838396e-01
-2.604730490482214780e-07,-1.357747569228663909e-01
-2.609154961325905175e-07,-1.358206344373298902e-01
-2.607262784784490260e-07,-1.361107103752367820e-01
-2.603860623908765087e-07,-1.360651941010446730e-01
-2.604577324607155361e-07,-1.358054623459325205e-01
-2.599542357704855790e-07,-1.356071414369525718e-01
-2.602425777550899401e-07,-1.356837243744821730e-01
-2.605371330723618179e-07,-1.359886111635150718e-01
-2.663187836155746805e-07,-1.381249861283736224e-01
-2.671442176356460214e-07,-1.389186310045647244e-01
-2.667063221786961416e-07,-1.384450450088038909e-01
-2.663294763276071265e-07,-1.383995287346117820e-01
-2.669016809174508665e-07,-1.385519721291282313e-01
-2.667627479090835105e-07,-1.385519721291282313e-01
-2.664835091793175746e-07,-1.384909225232673902e-01
-2.656931154655687635e-07,-1.384909225232673902e-01
-2.660913467407226706e-07,-1.385671442205256010e-01
-2.656931154655687635e-07,-1.384302341576778839e-01
-2.663141597401012376e-07,-1.385826775521943610e-01
-2.655939911351059468e-07,-1.385519721291282313e-01
-2.719096270474520309e-07,-1.407190525170528839e-01
-2.724543773766719816e-07,-1.410391113974831800e-01
-2.733455571261319135e-07,-1.407497579401190135e-01
-2.719630906076142080e-07,-1.410243005463571730e-01
-2.719691594441732111e-07,-1.407645687912450205e-01
-2.716715697086218582e-07,-1.407645687912450205e-01
-2.719065926291725559e-07,-1.408866680029667307e-01
-2.715418844512014411e-07,-1.407952742143111224e-01
-2.719645355686997152e-07,-1.410546447291519123e-01
-2.717249610207297520e-07,-1.408714959115693610e-01
-2.709956169128418057e-07,-1.408714959115693610e-01
-2.709391911824544369e-07,-1.407035191853841516e-01
-2.707819794163559472e-07,-1.407035191853841516e-01
-2.770168420040246316e-07,-1.429771654533617820e-01
-2.775311036543412651e-07,-1.431147979967522244e-01
-2.764171831535570495e-07,-1.433893406029903839e-01
-2.771145213734019940e-07,-1.432824134826660711e-01
-2.772579337611342793e-07,-1.431447809392756010e-01
-2.770687161069927879e-07,-1.433279297568581800e-01
-2.768657713225393753e-07,-1.431910196940104629e-01
-2.767406376925381707e-07,-1.433279297568581800e-01
-2.768077561349579856e-07,-1.433131189057321730e-01
-2.771968841552734146e-07,-1.433893406029903839e-01
-2.763301964962121331e-07,-1.434807343916459921e-01
-2.763790361809007614e-07,-1.433586351799242820e-01
-2.822476733814586463e-07,-1.453273946588690135e-01
-2.829266605955181739e-07,-1.456167481162331800e-01
-2.824185400298147208e-07,-1.456019372651071730e-01
-2.825055266871596902e-07,-1.454491326303193610e-01
-2.829343188892711448e-07,-1.457236752365575205e-01
-2.826748761263760801e-07,-1.455098209959088396e-01
-2.829281778046579114e-07,-1.457236752365575205e-01
-2.822674693483295175e-07,-1.457088643854315135e-01
-2.819622935670794770e-07,-1.455560597506436737e-01
-2.827252330202044989e-07,-1.454950101447828326e-01
-2.826534907023111881e-07,-1.459068240541400718e-01
-2.819393909338748475e-07,-1.454036163561272244e-01
-2.887327309810754036e-07,-1.477838285041578326e-01
-2.886701641660748013e-07,-1.482722253510446730e-01
-2.885343378240411508e-07,-1.480887152931907313e-01
-2.885206106937292826e-07,-1.479669773217403839e-01
-2.887372826084946162e-07,-1.478907556244821730e-01
-2.881299654642740632e-07,-1.481194207162568610e-01
-2.886685747088808335e-07,-1.480583711103959921e-01
-2.883451924179539426e-07,-1.480124935959325205e-01
-2.879468888947458052e-07,-1.476769013838334921e-01
-2.877943010041208114e-07,-1.478600502014160711e-01
-2.874143484866980380e-07,-1.478448781100186737e-01
-2.879392306009928342e-07,-1.482263478365811737e-01
-2.936125813108501717e-07,-1.501795739838571730e-01
-2.946822137543649187e-07,-1.506065599846117820e-01
-2.940519939769397891e-07,-1.504389444986979629e-01
-2.937132228504527789e-07,-1.505913878932144123e-01
-2.936736309167110365e-07,-1.503013119553075205e-01
-2.937406771110765681e-07,-1.505303382873535711e-01
-2.933210604118578220e-07,-1.502099181666519123e-01
-2.940687555255311852e-07,-1.507134871049361224e-01
-2.937559936985825100e-07,-1.506065599846117820e-01
-2.953429222106933655e-07,-1.504389444986979629e-01
-2.937422665682705889e-07,-1.504234111670292307e-01
-2.933256842873313178e-07,-1.504234111670292307e-01
-2.997298963142163392e-07,-1.524225148287686737e-01
-2.996276653174197642e-07,-1.526056636463512528e-01
-3.021667509367971859e-07,-1.526970574350068610e-01
-3.004088835282759197e-07,-1.525290807088216516e-01
-2.999206311774976211e-07,-1.528650341611920427e-01
-2.996932665506998415e-07,-1.525446140404903839e-01
-2.991561022671786314e-07,-1.526208357377486224e-01
-2.991531400969534396e-07,-1.529567891901190135e-01
-2.993224895361697766e-07,-1.526360078291459921e-01
-2.985366474498401781e-07,-1.523614652229078326e-01
-2.988158861796061140e-07,-1.527277628580729629e-01
-2.985808632590553635e-07,-1.525597861318877813e-01
-2.989882700371019790e-07,-1.527277628580729629e-01
-3.047546762408632360e-07,-1.548334323998653839e-01
-3.059235052628950829e-07,-1.556574214588512528e-01
-3.055084401910954964e-07,-1.555504943385269123e-01
-3.064575628800825876e-07,-1.554132230354078326e-01
-3.053131537003950549e-07,-1.554435672182025718e-01
-3.049942507888331462e-07,-1.551993687947591516e-01
-3.048217946832829979e-07,-1.555660276701956446e-01
-3.048782926617246501e-07,-1.556270772760565135e-01
-3.045883612199263212e-07,-1.553980509440104629e-01
-3.040970022028142642e-07,-1.555963718529903839e-01
-3.040131222118030532e-07,-1.553218292467522244e-01
-3.037689960364139304e-07,-1.553062959150834921e-01
-3.103089621572783191e-07,-1.577175747264515648e-01
-3.108262582258744806e-07,-1.581445607272061737e-01
-3.103273131630637360e-07,-1.581600940588749338e-01
-3.103562846328273157e-07,-1.581138553041400718e-01
-3.102265271273526152e-07,-1.581752661502723034e-01
-3.098466468579841251e-07,-1.581138553041400718e-01
-3.102875767332134800e-07,-1.582514878475305142e-01
-3.099152825095436775e-07,-1.581138553041400718e-01
-3.099274924307158081e-07,-1.583580537275834921e-01
-3.100083380034475441e-07,-1.582207824244644123e-01
-3.095216028618089831e-07,-1.580531669385505933e-01
-3.097291715217358915e-07,-1.582056103330670427e-01
-3.150072531266646196e-07,-1.596249233592640648e-01
-3.154023777354847154e-07,-1.598994659655022244e-01
-3.152940779021291902e-07,-1.599453434799657237e-01
-3.152483448837742673e-07,-1.600367372686213041e-01
-3.158769752040053761e-07,-1.600826147830848034e-01
-3.144945086854876707e-07,-1.599908597541578326e-01
-3.148775678692442024e-07,-1.599453434799657237e-01
-3.148272109754157837e-07,-1.599605155713630933e-01
-3.147402243180708672e-07,-1.599908597541578326e-01
-3.142137527465820502e-07,-1.599605155713630933e-01
-3.140886191165808456e-07,-1.600215651772239345e-01
-3.141954739888509165e-07,-1.601588364803430142e-01
-3.190676660248727666e-07,-1.619137417186390648e-01
-3.186358394044818369e-07,-1.623407277193936737e-01
-3.191042957883892643e-07,-1.621120626276190135e-01
-3.191363016764322661e-07,-1.619137417186390648e-01
-3.193331776243267814e-07,-1.620661851131555142e-01
-3.195025270635431184e-07,-1.621579401420824851e-01
-3.196932619268243474e-07,-1.623714331424598034e-01
-3.192888895670572599e-07,-1.621120626276190135e-01
-3.193850517272949377e-07,-1.618982083869703326e-01
-3.193774656815962501e-07,-1.620817184448242743e-01
-3.193240021214340730e-07,-1.624476548397180142e-01
-3.192446737578420745e-07,-1.622493339307380933e-01
-3.198824795809658918e-07,-1.640956329576897244e-01
-3.200030615835478309e-07,-1.643242980494644123e-01
-3.199191093444824424e-07,-1.646909569249009053e-01
-3.199678767811168404e-07,-1.648126948963512528e-01
-3.199587735262784152e-07,-1.646295460787686737e-01
-3.200030615835478309e-07,-1.646909569249009053e-01
-3.199678767811168404e-07,-1.643550034725305142e-01
-3.200030615835478309e-07,-1.643857088955966439e-01
-3.199969204989346504e-07,-1.646450794104374338e-01
-3.199785694931492864e-07,-1.644922747756495940e-01
-3.200213403412790175e-07,-1.647520065307617743e-01
-3.199816761594829918e-07,-1.646909569249009053e-01
-3.200228575504187550e-07,-1.646147352276426667e-01
-3.199678767811168404e-07,-1.667507489522298547e-01
-3.199206265536221800e-07,-1.673305395877723034e-01
-3.199923688715154378e-07,-1.674222946166992743e-01
-3.199969204989346504e-07,-1.672850233135801667e-01
-3.199847105777625198e-07,-1.673001954049775641e-01
-3.200441707264293637e-07,-1.673001954049775641e-01
-3.199389775594075440e-07,-1.674374667080966439e-01
-3.199373881022135232e-07,-1.673305395877723034e-01
-3.199465636051062316e-07,-1.673612450108384053e-01
-3.199175921353426520e-07,-1.675292217370235870e-01
-3.199496702714399900e-07,-1.674678108908913832e-01
-3.200030615835478309e-07,-1.675136884053548547e-01
-3.198946895021380754e-07,-1.689936897971413832e-01
-3.199008305867513088e-07,-1.695583083412864345e-01
-3.198488842357288692e-07,-1.693448153409091439e-01
-3.198519909020625746e-07,-1.694820866440282237e-01
-3.198550253203421026e-07,-1.693296432495117743e-01
-3.198519909020625746e-07,-1.697718013416637528e-01
-3.199068994233102589e-07,-1.694210370381673547e-01
-3.198381915236964232e-07,-1.694820866440282237e-01
-3.198336398962772106e-07,-1.694365703698360870e-01
-3.198748212872129209e-07,-1.697414571588690135e-01
-3.198794451626864168e-07,-1.697414571588690135e-01
-3.199068994233102589e-07,-1.695583083412864345e-01
-3.198092200539328435e-07,-1.709469159444173547e-01
-3.197512771144057371e-07,-1.713439190026485870e-01
-3.197603803692442152e-07,-1.714353127913041952e-01
-3.197802485841693168e-07,-1.718167825178666952e-01
-3.197665214538573957e-07,-1.713894352768407237e-01
-3.197634870355779207e-07,-1.716488057916815135e-01
-3.198046684265136839e-07,-1.714504848827015648e-01
-3.197909412962017628e-07,-1.713590910940459844e-01
-3.197878346298680044e-07,-1.714811903057676667e-01
-3.198488842357288692e-07,-1.712369918823242743e-01
-3.198199127659653425e-07,-1.713439190026485870e-01
-3.197771419178356114e-07,-1.715725840944232750e-01
-3.197115406845555340e-07,-1.734340552127723034e-01
-3.197344433177601106e-07,-1.741207729686390648e-01
-3.197344433177601106e-07,-1.738614024537982750e-01
-3.197603803692442152e-07,-1.742887496948242743e-01
-3.197085062662760060e-07,-1.738917466365930142e-01
-3.197085062662760060e-07,-1.739531574827252458e-01
-3.197131301417495019e-07,-1.739531574827252458e-01
-3.197176817691687674e-07,-1.741666504831025641e-01
-3.197512771144057371e-07,-1.744411930893407237e-01
-3.197329261086203731e-07,-1.740597233627782237e-01
-3.197298916903408980e-07,-1.738769357854670072e-01
-3.197680386629971862e-07,-1.738917466365930142e-01
-3.196749831690932667e-07,-1.763333696307558540e-01
-3.196398706147165065e-07,-1.768369385690400641e-01
-3.196902275085449253e-07,-1.765775680541992743e-01
-3.196474566604151942e-07,-1.768521106604374338e-01
-3.196581493724475873e-07,-1.769742098721591439e-01
-3.196765003782330042e-07,-1.767148393573183540e-01
-3.196642904570608207e-07,-1.769286935979670072e-01
-3.196520805358886901e-07,-1.768979881749009053e-01
-3.196795347965124793e-07,-1.767451835401130933e-01
-3.196535977450284276e-07,-1.768217664776426667e-01
-3.196368361964370315e-07,-1.766689618428548547e-01
-3.196352467392430106e-07,-1.769742098721591439e-01
-3.196703592936197708e-07,-1.767451835401130933e-01
-3.195895137208880878e-07,-1.788205088991107750e-01
-3.195895137208880878e-07,-1.790495352311568256e-01
-3.195925481391675099e-07,-1.791868065342759053e-01
-3.195544011665112747e-07,-1.790802406542229275e-01
-3.195940653483073004e-07,-1.792630282315341439e-01
-3.195589527939305402e-07,-1.793089057459976154e-01
-3.195956548055013212e-07,-1.794768824721827971e-01
-3.195757865905761667e-07,-1.794617103807854275e-01
-3.195452979116728495e-07,-1.793392499287923547e-01
-3.195482600818980942e-07,-1.793699553518584844e-01
-3.195437084544788816e-07,-1.792326840487393769e-01
-3.195544011665112747e-07,-1.793392499287923547e-01
-3.194842483058120377e-07,-1.812010822874127458e-01
-3.194140231970584645e-07,-1.814452807108561661e-01
-3.194933515606504629e-07,-1.815366744995117743e-01
-3.194872827240915128e-07,-1.813383535905318256e-01
-3.194964582269841683e-07,-1.814604528022535357e-01
-3.194628628817471457e-07,-1.814145752877900641e-01
-3.194719661365855709e-07,-1.814604528022535357e-01
-3.194705211755001166e-07,-1.816894791342995863e-01
-3.194979754361239058e-07,-1.814907969850482750e-01
-3.195208058212742521e-07,-1.815670186823065135e-01
-3.194964582269841683e-07,-1.815518465909091439e-01
-3.194887999332312503e-07,-1.813535256819291952e-01
-3.193758762244021763e-07,-1.837340990702311661e-01
-3.193956721912731004e-07,-1.835509502526485870e-01
-3.194094715696392519e-07,-1.838865424647476154e-01
-3.193698073878432791e-07,-1.839324199792110870e-01
-3.193774656815962501e-07,-1.837185657385624338e-01
-3.193591146758108331e-07,-1.840086416764693256e-01
-3.194125059879187269e-07,-1.838410261905555065e-01
-3.193835345181552002e-07,-1.837185657385624338e-01
-3.194277503273703855e-07,-1.838254928588867743e-01
-3.194919065995650086e-07,-1.838410261905555065e-01
-3.194384430394028315e-07,-1.840696912823301667e-01
-3.194552045879941747e-07,-1.838103207674893769e-01
-3.193774656815962501e-07,-1.859163515495531882e-01
-3.193224849122943354e-07,-1.863888538244999338e-01
-3.193758762244021763e-07,-1.862364104299834844e-01
-3.193850517272949377e-07,-1.862364104299834844e-01
-3.193651835123697832e-07,-1.862364104299834844e-01
-3.193698073878432791e-07,-1.862822879444469559e-01
-3.193713245969830167e-07,-1.860839670354670072e-01
-3.193422808791652066e-07,-1.865416584592877458e-01
-3.193698073878432791e-07,-1.861298445499305065e-01
-3.193086855339281311e-07,-1.865113142764930065e-01
-3.193362120426062565e-07,-1.861908941557913477e-01
-3.193728418061227542e-07,-1.863888538244999338e-01
-3.192675763910467041e-07,-1.882962024573124338e-01
-3.192034923669063643e-07,-1.887390830300071376e-01
-3.192507425944010247e-07,-1.886321559096827971e-01
-3.192095612034653144e-07,-1.885100566979610870e-01
-3.192095612034653144e-07,-1.886169838182854275e-01
-3.191988684914328684e-07,-1.887542551214045072e-01
-3.192217711246374979e-07,-1.887239109386097680e-01
-3.192217711246374979e-07,-1.888456489100601154e-01
-3.192171472491640020e-07,-1.887845993041992743e-01
-3.192385326732288411e-07,-1.887239109386097680e-01
-3.192278399611964481e-07,-1.885252287893584844e-01
-3.191927996548739183e-07,-1.887239109386097680e-01
-3.192187367063580229e-07,-1.886321559096827971e-01
-3.191363016764322661e-07,-1.905243324510979275e-01
-3.191363016764322661e-07,-1.908599246631969559e-01
-3.191576871004971581e-07,-1.911041230866403762e-01
-3.191531354730779455e-07,-1.909516796921239268e-01
-3.191393360947117412e-07,-1.906005541483561661e-01
-3.191667903553355833e-07,-1.910279013893821376e-01
-3.191240917552600826e-07,-1.910430734807795072e-01
-3.191576871004971581e-07,-1.909820238749186661e-01
-3.191637559370561082e-07,-1.908906300862630578e-01
-3.190966374946362933e-07,-1.910582455721768769e-01
-3.191454771793249746e-07,-1.909058021776604275e-01
-3.191424427610454995e-07,-1.911803447838985870e-01
-3.190477978099476121e-07,-1.930418159022476154e-01
-3.190783587369051597e-07,-1.933318918401545072e-01
-3.190477978099476121e-07,-1.932860143256910357e-01
-3.190813931551846877e-07,-1.931487430225719559e-01
-3.190569733128403206e-07,-1.931642763542406882e-01
-3.190645593585390083e-07,-1.933929414460153762e-01
-3.190600077311197957e-07,-1.934232856288101154e-01
-3.190645593585390083e-07,-1.934998685663397167e-01
-3.190798036979906139e-07,-1.934846964749423470e-01
-3.190829103643243723e-07,-1.934691631432735870e-01
-3.190676660248727666e-07,-1.935760902635979275e-01
-3.190768415277654222e-07,-1.934998685663397167e-01
-3.190020647915926893e-07,-1.958190311085094559e-01
-3.189715038646350888e-07,-1.963229612870650287e-01
-3.190020647915926893e-07,-1.965209209557735870e-01
-3.190371050979151661e-07,-1.963074279553962964e-01
-3.189867482040867474e-07,-1.965516263788397167e-01
-3.190325534704959535e-07,-1.966278480760979275e-01
-3.190066164190118489e-07,-1.959414915605025287e-01
-3.190295190522164785e-07,-1.963533054698597680e-01
-3.189959237069794558e-07,-1.963684775612571376e-01
-3.189974409161191934e-07,-1.962922558639989268e-01
-3.190020647915926893e-07,-1.965975038933031882e-01
-3.189806793675278502e-07,-1.966888976819587964e-01
-3.189226641799464605e-07,-1.986572959206321376e-01
-3.189165953433875104e-07,-1.988559780698834489e-01
-3.189440496040112996e-07,-1.986117796464400287e-01
-3.189090092976888227e-07,-1.986724680120295072e-01
-3.189211469708066700e-07,-1.988097393151485870e-01
-3.189013510039358518e-07,-1.985507300405791875e-01
-3.189181125525271950e-07,-1.988097393151485870e-01
-3.189501184405702497e-07,-1.985655408917051667e-01
-3.189181125525271950e-07,-1.986421238292347680e-01
-3.188799655798709597e-07,-1.987183455264930065e-01
-3.188936927101828808e-07,-1.986421238292347680e-01
-3.189196297616669325e-07,-1.989014943440755578e-01
-3.189272158073656201e-07,-1.989014943440755578e-01
-3.188387841889352495e-07,-2.008698925827489268e-01
-3.188692728678385137e-07,-2.009309421886097680e-01
-3.188448530254941996e-07,-2.010530414003314781e-01
-3.188265742677630659e-07,-2.011447964292584489e-01
-3.188356775226014911e-07,-2.014193390354966084e-01
-3.188647212404193541e-07,-2.011447964292584489e-01
-3.188494769009676955e-07,-2.011751406120531882e-01
-3.188311258951822785e-07,-2.010682134917288477e-01
-3.188372669797955119e-07,-2.013124119151722680e-01
-3.188479596918279050e-07,-2.010223359772653762e-01
-3.188570629466663831e-07,-2.011140910061923470e-01
-3.188692728678385137e-07,-2.008543592510801667e-01
-3.188341603134617536e-07,-2.013275840065696376e-01
-3.188479596918279050e-07,-2.013124119151722680e-01
-3.188997615467418309e-07,-2.012513623093114268e-01
-3.188708623250325875e-07,-2.008698925827489268e-01
-3.188754139524517472e-07,-2.010837468233975800e-01
-3.188890688347093849e-07,-2.010682134917288477e-01
-3.188601696130000886e-07,-2.009157700972123983e-01
-3.189090092976888227e-07,-2.011292630975897167e-01
-3.188829999981504348e-07,-2.011292630975897167e-01
-3.189043854222153268e-07,-2.011140910061923470e-01
-3.189624006097966636e-07,-1.987642230409564781e-01
-3.189913720795602433e-07,-1.988252726468173470e-01
-3.189928892886999808e-07,-1.988707889210094559e-01
-3.190111680464311144e-07,-1.989777160413337964e-01
-3.190264123858827730e-07,-1.989014943440755578e-01
-3.190340706796356911e-07,-1.988404447382147167e-01
-3.189867482040867474e-07,-1.988097393151485870e-01
-3.190142024647105895e-07,-1.987642230409564781e-01
-3.189791621583880597e-07,-1.988252726468173470e-01
-3.189746105309688471e-07,-1.995271624940814781e-01
-3.189882654132265378e-07,-1.988707889210094559e-01
-3.189806793675278502e-07,-1.989625439499364268e-01
-3.190020647915926893e-07,-1.987945672237512174e-01
-3.190402117642489245e-07,-1.969789736198656882e-01
-3.190661488157330291e-07,-1.968109968936805065e-01
-3.190707004431521887e-07,-1.961549845608798470e-01
-3.190768415277654222e-07,-1.965364542874423470e-01
-3.190936030763568183e-07,-1.963533054698597680e-01
-3.190477978099476121e-07,-1.963074279553962964e-01
-3.190752520705714543e-07,-1.965667984702370863e-01
-3.190509044762813705e-07,-1.964295271671180065e-01
-3.190386945551091869e-07,-1.965516263788397167e-01
-3.190676660248727666e-07,-1.962922558639989268e-01
-3.190783587369051597e-07,-1.964446992585153762e-01
-3.190951202854965558e-07,-1.965819705616344559e-01
-3.191179506706469021e-07,-1.938965103842995863e-01
-3.191531354730779455e-07,-1.933622360229492743e-01
-3.191378911336263399e-07,-1.937133615667170072e-01
-3.191240917552600826e-07,-1.935912623549952971e-01
-3.191515460158839247e-07,-1.935912623549952971e-01
-3.191622387279163707e-07,-1.934388189604788477e-01
-3.191790002765077668e-07,-1.934691631432735870e-01
-3.191225745461203450e-07,-1.935150406577370863e-01
-3.191408533038515316e-07,-1.936674840522535357e-01
-3.191210573369806075e-07,-1.934846964749423470e-01
-3.191408533038515316e-07,-1.933622360229492743e-01
-3.191607215187766332e-07,-1.935302127491344559e-01
-3.191836241519812627e-07,-1.912106889666933540e-01
-3.192003857005726059e-07,-1.910430734807795072e-01
-3.192354982549493661e-07,-1.906767758456143769e-01
-3.192278399611964481e-07,-1.907226533600778762e-01
-3.191836241519812627e-07,-1.910127292979847680e-01
-3.192187367063580229e-07,-1.909820238749186661e-01
-3.192629525155732082e-07,-1.907837029659387174e-01
-3.192492253852612871e-07,-1.906767758456143769e-01
-3.192339810458096815e-07,-1.909058021776604275e-01
-3.192721280184659167e-07,-1.906767758456143769e-01
-3.192187367063580229e-07,-1.909209742690577971e-01
-3.192552942218202373e-07,-1.907074812686805065e-01
-3.193117922002618894e-07,-1.890591419104374338e-01
-3.193331776243267814e-07,-1.886776721838749338e-01
-3.193392464608856786e-07,-1.887239109386097680e-01
-3.194033304850260184e-07,-1.887390830300071376e-01
-3.193789106426817043e-07,-1.883424412120472680e-01
-3.193362120426062565e-07,-1.886628613327489268e-01
-3.193591146758108331e-07,-1.886932055155436661e-01
-3.193193782459605771e-07,-1.887083776069410357e-01
-3.193315881671327606e-07,-1.888611822417288477e-01
-3.193453875454989120e-07,-1.886169838182854275e-01
-3.193346948334665190e-07,-1.887542551214045072e-01
-3.193927100210478557e-07,-1.888611822417288477e-01
-3.194323742028438285e-07,-1.867555126999364268e-01
-3.194705211755001166e-07,-1.863740429733739268e-01
-3.194690039663603791e-07,-1.861908941557913477e-01
-3.194812138875325626e-07,-1.862364104299834844e-01
-3.194705211755001166e-07,-1.862822879444469559e-01
-3.194674145091663583e-07,-1.862515825213808540e-01
-3.194567217971339123e-07,-1.862822879444469559e-01
-3.194567217971339123e-07,-1.862060662471887174e-01
-3.194506529605750151e-07,-1.858856461264870863e-01
-3.194719661365855709e-07,-1.865723638823538477e-01
-3.195010098544034338e-07,-1.858094244292288477e-01
-3.195055614818225935e-07,-1.860380895210035357e-01
-3.194812138875325626e-07,-1.861753608241226154e-01
-3.195620594602642456e-07,-1.842987176143762174e-01
-3.195575078328450860e-07,-1.836271719499068256e-01
-3.195589527939305402e-07,-1.836882215557676667e-01
-3.195757865905761667e-07,-1.836578773729729275e-01
-3.195773037997159042e-07,-1.836271719499068256e-01
-3.195773037997159042e-07,-1.838713703733502458e-01
-3.195956548055013212e-07,-1.837951486760920072e-01
-3.195696455059629333e-07,-1.838254928588867743e-01
-3.196139335632324019e-07,-1.834440231323242743e-01
-3.195818554271351168e-07,-1.838103207674893769e-01
-3.196063475175337143e-07,-1.838558370416815135e-01
-3.196139335632324019e-07,-1.837185657385624338e-01
-3.196322123209635356e-07,-1.820554155291933540e-01
-3.196795347965124793e-07,-1.817505287401604275e-01
-3.197024374297171088e-07,-1.815366744995117743e-01
-3.197039546388568464e-07,-1.814907969850482750e-01
-3.197344433177601106e-07,-1.814297473791874338e-01
-3.196932619268243474e-07,-1.816894791342995863e-01
-3.197115406845555340e-07,-1.816436016198360870e-01
-3.197085062662760060e-07,-1.813994031963926667e-01
-3.197191989783084520e-07,-1.816132574370413477e-01
-3.197436188206528191e-07,-1.816280682881673547e-01
-3.197146473508892394e-07,-1.814907969850482750e-01
-3.197039546388568464e-07,-1.815366744995117743e-01
-3.197634870355779207e-07,-1.794006607749245863e-01
-3.198092200539328435e-07,-1.791257569284150641e-01
-3.198214299751050271e-07,-1.794310049577193256e-01
-3.198138439294063394e-07,-1.792175119573420072e-01
-3.198031512173739463e-07,-1.792782003229315135e-01
-3.198763384963527113e-07,-1.794310049577193256e-01
-3.198626836140950736e-07,-1.791868065342759053e-01
-3.198626836140950736e-07,-1.791564623514811661e-01
-3.199022755478367630e-07,-1.789733135338985870e-01
-3.198504736929228371e-07,-1.791105848370176667e-01
-3.198779279535466792e-07,-1.792937336546002458e-01
-3.198428153991699191e-07,-1.792175119573420072e-01
-3.199542218988592026e-07,-1.772335803869999338e-01
-3.199450463959664941e-07,-1.768824548432321730e-01
-3.199450463959664941e-07,-1.772491137186686661e-01
-3.199694662383108612e-07,-1.770659649010860870e-01
-3.199297298084606051e-07,-1.768521106604374338e-01
-3.199755350748697584e-07,-1.770352594780199851e-01
-3.199572563171386776e-07,-1.772639245697946730e-01
-3.199709834474505987e-07,-1.771114811752782237e-01
-3.199435291868267566e-07,-1.772946299928607750e-01
-3.199862277869022044e-07,-1.769742098721591439e-01
-3.199496702714399900e-07,-1.771266532666755933e-01
-3.199694662383108612e-07,-1.769286935979670072e-01
-3.200136820475260465e-07,-1.745632923010624338e-01
-3.200274091778379146e-07,-1.740293791799834844e-01
-3.199984377080743879e-07,-1.742277000889634053e-01
-3.200365846807306231e-07,-1.741969946658973034e-01
-3.200183059229994895e-07,-1.739986737569173547e-01
-3.200121648383862560e-07,-1.741207729686390648e-01
-3.199221437627618646e-07,-1.739679683338512528e-01
-3.198336398962772106e-07,-1.739376241510565135e-01
-3.195284641150272230e-07,-1.739835016655199851e-01
-3.196795347965124793e-07,-1.737089590592818256e-01
-3.191714142308090792e-07,-1.738614024537982750e-01
-3.188220226403438533e-07,-1.740904287858443256e-01
-3.184801448475230848e-07,-1.741666504831025641e-01
-3.121263619625207126e-07,-1.717253887292110870e-01
-3.114015694820519789e-07,-1.715115344885624338e-01
-3.115205620274399500e-07,-1.715881174260920072e-01
-3.112916801915024329e-07,-1.713742631854433540e-01
-3.110123692136822137e-07,-1.714811903057676667e-01
-3.110566572709516823e-07,-1.714963623971650641e-01
-3.109177965106386096e-07,-1.716643391233502458e-01
-3.105561949990012002e-07,-1.713283856709798547e-01
-3.100892558242335633e-07,-1.712976802479137528e-01
-3.097444158611875501e-07,-1.716184616088867743e-01
-3.099534294821999127e-07,-1.715418786713571730e-01
-3.096238338586055581e-07,-1.715115344885624338e-01
-3.028610547383626554e-07,-1.696652354616107750e-01
-3.028091806353944991e-07,-1.692989378264456446e-01
-3.021240523367216852e-07,-1.694513812209620940e-01
-3.016067562681255766e-07,-1.691006169174657237e-01
-3.017349243164062563e-07,-1.691616665233265648e-01
-3.014969392256303139e-07,-1.694058649467699851e-01
-3.013748400139085844e-07,-1.696041858557499338e-01
-3.005981734304716944e-07,-1.691006169174657237e-01
-3.010024735421844987e-07,-1.694972587354255933e-01
-3.000014767502293571e-07,-1.693296432495117743e-01
-3.005493337457830132e-07,-1.694210370381673547e-01
-3.002791982708555025e-07,-1.695738416729551667e-01
-2.936262361931078095e-07,-1.675595659198183540e-01
-2.936919096744421702e-07,-1.669642419526071730e-01
-2.931684725212328282e-07,-1.668421427408854629e-01
-2.922590862620960460e-07,-1.672239737077193256e-01
-2.920668341896750265e-07,-1.669187256784150641e-01
-2.915160150238961786e-07,-1.673153674963749338e-01
-2.913450761274857678e-07,-1.671932682846532237e-01
-2.917844887935753852e-07,-1.672694899819114345e-01
-2.913434866702918000e-07,-1.672387845588453326e-01
-2.907636960347493724e-07,-1.672084403760505933e-01
-2.903989878567782047e-07,-1.671625628615870940e-01
-2.907392761924050053e-07,-1.670559969815341439e-01
-2.833066131129408943e-07,-1.650265491369999338e-01
-2.827953858809037359e-07,-1.644619305928548547e-01
-2.829114162560665153e-07,-1.647364731990930142e-01
-2.826032060565370527e-07,-1.647364731990930142e-01
-2.825771967569986648e-07,-1.646754235932321730e-01
-2.824384082447398753e-07,-1.646602515018348034e-01
-2.819104194641113207e-07,-1.645533243815104629e-01
-2.806912335482510551e-07,-1.647213011076956446e-01
-2.804256497007427570e-07,-1.645229801987157237e-01
-2.805248462792598569e-07,-1.644771026842522244e-01
-2.806744719996596589e-07,-1.645684964729078326e-01
-2.799389868071584792e-07,-1.643857088955966439e-01
-2.732707803899591277e-07,-1.624324827483206446e-01
-2.729274576360529049e-07,-1.620510130217581446e-01
-2.728328126849550175e-07,-1.618375200213808540e-01
-2.724101615674567963e-07,-1.619899634158973034e-01
-2.719156958840109810e-07,-1.622952114452015648e-01
-2.718532013170647150e-07,-1.623255556279963041e-01
-2.712397430882309815e-07,-1.622189897479433540e-01
-2.710551493095628800e-07,-1.622189897479433540e-01
-2.714610388784697051e-07,-1.620661851131555142e-01
-2.701487974687056258e-07,-1.621882843248772244e-01
-2.701395497177586340e-07,-1.622796781135328326e-01
-2.701701106447162345e-07,-1.624017773252545427e-01
-2.694240049882368392e-07,-1.622952114452015648e-01
-2.626733635411118367e-07,-1.606013558127663832e-01
-2.627969799619732508e-07,-1.599301713885683540e-01
-2.621606913479891711e-07,-1.600826147830848034e-01
-2.624185446536902149e-07,-1.602350581776012528e-01
-2.618677254879113141e-07,-1.599453434799657237e-01
-2.615518569946288805e-07,-1.602654023603959921e-01
-2.617821837916518519e-07,-1.600674426916874338e-01
-2.610635323957963516e-07,-1.598384163596413832e-01
-2.609415054321289054e-07,-1.601129589658795427e-01
-2.600762627341530252e-07,-1.599146380568995940e-01
-2.596322261925899649e-07,-1.598384163596413832e-01
-2.592798001838452640e-07,-1.599756876627604629e-01
-2.538002187555486306e-07,-1.585108583623713041e-01
-2.531731056444572593e-07,-1.581600940588749338e-01
-2.528190901785185376e-07,-1.581293886358088041e-01
-2.522514372160940632e-07,-1.578851902123653839e-01
-2.517951907533587664e-07,-1.582056103330670427e-01
-2.521674849770285689e-07,-1.580990444530140648e-01
-2.516044558900775374e-07,-1.582363157561331446e-01
-2.509803771972656412e-07,-1.581293886358088041e-01
-2.501853596080433343e-07,-1.581600940588749338e-01
-2.497413230664802211e-07,-1.581293886358088041e-01
-2.498008554632012954e-07,-1.583277095447887528e-01
-2.491355953794536889e-07,-1.580990444530140648e-01
-2.430411107612378677e-07,-1.557488152475068610e-01
-2.427222078496759061e-07,-1.554898059729374338e-01
-2.427969845858487449e-07,-1.559016198822946730e-01
-2.422949328567042420e-07,-1.554435672182025718e-01
-2.415030219338156934e-07,-1.554742726412686737e-01
-2.413107698613946739e-07,-1.553828788526130933e-01
-2.411627335981888927e-07,-1.558102260936390648e-01
-2.403570232969341927e-07,-1.556270772760565135e-01
-2.402044354063091989e-07,-1.560847686998772244e-01
-2.394170761108398630e-07,-1.556270772760565135e-01
-2.387197378909949185e-07,-1.548944820057262528e-01
-2.384709878401322998e-07,-1.549403595201897244e-01
-2.316975160078568981e-07,-1.529260837670528839e-01
-2.310536413481741307e-07,-1.522545381025834921e-01
-2.317600828228574739e-07,-1.526667132522120940e-01
-2.307957157944188035e-07,-1.526056636463512528e-01
-2.305577307036428612e-07,-1.523918094057025718e-01
-2.302891124378551145e-07,-1.523155877084443610e-01
-2.301746715198863824e-07,-1.524683923432321730e-01
-2.301350073380903832e-07,-1.525904915549538832e-01
-2.292728713064482349e-07,-1.524225148287686737e-01
-2.290882052797259825e-07,-1.524380481604374338e-01
-2.284855120109788989e-07,-1.524835644346295427e-01
-2.276706984548857472e-07,-1.525142698576956446e-01
-2.216372634425307643e-07,-1.504996328642874415e-01
-2.217730897845644149e-07,-1.500881801952015648e-01
-2.216708587877678134e-07,-1.505610437104196730e-01
-2.205569382869835978e-07,-1.501644018924598034e-01
-2.208590796499541103e-07,-1.502099181666519123e-01
-2.203402663722182642e-07,-1.503013119553075205e-01
-2.191928227742513093e-07,-1.502406235897180142e-01
-2.189807024869051883e-07,-1.502865011041815135e-01
-2.188555688569040102e-07,-1.503013119553075205e-01
-2.179247249256481056e-07,-1.503168452869762528e-01
-2.179430759314334432e-07,-1.505913878932144123e-01
-2.167238900155732040e-07,-1.503168452869762528e-01
-2.169725678183815393e-07,-1.505610437104196730e-01
-2.095246603994658227e-07,-1.481808315623890648e-01
-2.102952581463437891e-07,-1.480124935959325205e-01
-2.100251226714163048e-07,-1.478448781100186737e-01
-2.093170917395389143e-07,-1.478907556244821730e-01
-2.089234843398585561e-07,-1.479976827448065135e-01
-2.081910335656368249e-07,-1.476465572010387528e-01
-2.085022781834457891e-07,-1.480431990189986224e-01
-2.077561725269664467e-07,-1.480887152931907313e-01
-2.070679375619599009e-07,-1.480280269276012528e-01
-2.068543000654740688e-07,-1.478141726869525718e-01
-2.061462691335966783e-07,-1.482108145049124415e-01
-2.057129975521203209e-07,-1.481046098651308540e-01
-1.989440050992098750e-07,-1.459527015686035711e-01
-1.993682456739020905e-07,-1.454335992986506010e-01
-1.988082510052305077e-07,-1.455405264189749415e-01
-1.988463979778867693e-07,-1.455860426931670781e-01
-1.982497735456986888e-07,-1.456019372651071730e-01
-1.977339946862423178e-07,-1.460289232658617820e-01
-1.958846612410111793e-07,-1.457850860826897244e-01
-1.960829821499911224e-07,-1.457850860826897244e-01
-1.949934814915512474e-07,-1.455712318420410711e-01
-1.956328045238148022e-07,-1.458457744482792307e-01
-1.947752923676462028e-07,-1.456474535392992820e-01
-1.944883953441272959e-07,-1.456929698134913909e-01
-1.881177786624792707e-07,-1.438470320268111224e-01
-1.882246335347493417e-07,-1.434041514541163909e-01
-1.881925553986520566e-07,-1.432210026365338396e-01
-1.875211542302911902e-07,-1.430226817275538909e-01
-1.871686559734922325e-07,-1.432517080595999415e-01
-1.867231022227894082e-07,-1.433131189057321730e-01
-1.860165885000517817e-07,-1.432061917854078326e-01
-1.853818893432617228e-07,-1.431296088478782313e-01
-1.854352806553696166e-07,-1.432210026365338396e-01
-1.852460630012280987e-07,-1.436945886322946730e-01
-1.840222532098943371e-07,-1.432210026365338396e-01
-1.839459592645818402e-07,-1.434500289685798902e-01
-1.769618843541000815e-07,-1.412529656381318610e-01
-1.775234684799656852e-07,-1.410546447291519123e-01
-1.778133999217640142e-07,-1.413136540037213396e-01
-1.767650806542598759e-07,-1.408866680029667307e-01
-1.762127442793412640e-07,-1.409321842771588396e-01
-1.766399470242586978e-07,-1.411312276666815135e-01
-1.757381468108206033e-07,-1.410084059744170781e-01
-1.743160161105068986e-07,-1.409935951232910711e-01
-1.750056960365988986e-07,-1.409628897002249415e-01
-1.740825826471501953e-07,-1.410243005463571730e-01
-1.737285671812115265e-07,-1.409935951232910711e-01
-1.733943476821437025e-07,-1.410849889119466516e-01
-1.671198931607333022e-07,-1.386588992494525718e-01
-1.677591439449425737e-07,-1.383995287346117820e-01
-1.675257104815858704e-07,-1.385671442205256010e-01
-1.673762292572946350e-07,-1.384909225232673902e-01
-1.668543093132250305e-07,-1.385519721291282313e-01
-1.659220204208836452e-07,-1.384909225232673902e-01
-1.659952076998623838e-07,-1.386133829752604629e-01
-1.654718427947073251e-07,-1.384147008260091516e-01
-1.649041898322827977e-07,-1.388424093073065135e-01
-1.639825936519738320e-07,-1.383995287346117820e-01
-1.641656702215021165e-07,-1.384757504318700205e-01
-1.635889140042391640e-07,-1.383995287346117820e-01
-1.633478222471294898e-07,-1.388265147353663909e-01
-1.566200834332090374e-07,-1.362783258611506010e-01
-1.573769540497751092e-07,-1.358206344373298902e-01
-1.571526238412568046e-07,-1.358968561345881010e-01
-1.568978049538352358e-07,-1.365073521931966516e-01
-1.558480407252456169e-07,-1.356071414369525718e-01
-1.558922565344608287e-07,-1.359123894662568610e-01
-1.554985768867261607e-07,-1.361258824666341516e-01
-1.553169452782833304e-07,-1.361414157983028839e-01
-1.545082728068033592e-07,-1.359423724087802376e-01
-1.546516851945356974e-07,-1.359275615576542307e-01
-1.538368716384425193e-07,-1.357292406486742820e-01
-1.536552400299997155e-07,-1.358206344373298902e-01
-1.473090431906960309e-07,-1.334711277123653839e-01
-1.479041504137443739e-07,-1.335625215010209921e-01
-1.476203600565592254e-07,-1.331351742599950205e-01
-1.477363181836677215e-07,-1.335928656838157313e-01
-1.471015467788233793e-07,-1.331351742599950205e-01
-1.467658823186701010e-07,-1.331810517744584921e-01
-1.461173115354595809e-07,-1.331351742599950205e-01
-1.457205974694454379e-07,-1.332879788947828326e-01
-1.455359314427231325e-07,-1.336842594724713396e-01
-1.450476790919448340e-07,-1.333027897459088396e-01
-1.447516065655332451e-07,-1.332720843228427376e-01
-1.442588025873357340e-07,-1.330896579858028839e-01
-1.382711728413899572e-07,-1.314716628103545781e-01
-1.392096028183445760e-07,-1.309991605354078326e-01
-1.387945377465450424e-07,-1.308615279920173902e-01
-1.387014100045868926e-07,-1.308308225689512605e-01
-1.385564804077148433e-07,-1.312278256271825205e-01
-1.378790104027950532e-07,-1.310446768095999415e-01
-1.374791896704471518e-07,-1.313192194158381010e-01
-1.371282808708422149e-07,-1.310139713865338396e-01
-1.367177674264618940e-07,-1.308308225689512605e-01
-1.366033265084931354e-07,-1.310901930837920781e-01
-1.369054678714636479e-07,-1.313192194158381010e-01
-1.357838890769264878e-07,-1.312122922955137605e-01
-1.296269098917643212e-07,-1.292594273885091516e-01
-1.304585572445031258e-07,-1.290304010564631010e-01
-1.309269413803562963e-07,-1.290152289650657313e-01
-1.303623950842655009e-07,-1.289996956333969991e-01
-1.302738912177808469e-07,-1.288165468158144478e-01
-1.299763014822295206e-07,-1.290918119025953326e-01
-1.297092726736357682e-07,-1.292742382396351586e-01
-1.292423334988680784e-07,-1.290455731478604706e-01
-1.288410678054347227e-07,-1.289083018447413909e-01
-1.305500955292672813e-07,-1.290152289650657313e-01
-1.289066690387147736e-07,-1.289689902103308972e-01
-1.280674356402772813e-07,-1.288472522388805497e-01
-1.220706303914387961e-07,-1.268636819088098111e-01
-1.235126293066776023e-07,-1.265891393025716516e-01
-1.232516693346428001e-07,-1.262687191818700205e-01
-1.228656479806611031e-07,-1.262838912732673902e-01
-1.227664514021440031e-07,-1.265432617881081800e-01
-1.223911227601947256e-07,-1.263145966963334921e-01
-1.216632236133922071e-07,-1.261310866384795781e-01
-1.224460312814423569e-07,-1.267108772740219991e-01
-1.220294490005030858e-07,-1.266653609998298902e-01
-1.219439795522978805e-07,-1.265739672111742820e-01
-1.210513548417524944e-07,-1.265584338795055497e-01
-1.209155284997188703e-07,-1.261924974846117820e-01
-1.206057288429953868e-07,-1.263449408791282313e-01
-1.142915378917347173e-07,-1.242389100970644339e-01
-1.157564394401781530e-07,-1.238422682791045643e-01
-1.160921761483857146e-07,-1.239188512166341516e-01
-1.159029584942441967e-07,-1.240405891880844991e-01
-1.155763972889293171e-07,-1.240712946111506149e-01
-1.154787179195519547e-07,-1.238422682791045643e-01
-1.148683663570519531e-07,-1.237512357307203326e-01
-1.148332538026751929e-07,-1.238422682791045643e-01
-1.144319881092418240e-07,-1.241475163084088396e-01
-1.140490011735396020e-07,-1.238422682791045643e-01
-1.143694212942412350e-07,-1.241782217314749553e-01
-1.134538217024369625e-07,-1.236284140384558972e-01
-1.077271519285259748e-07,-1.223770777384440567e-01
-1.097810196154045201e-07,-1.222094622525302238e-01
-1.091126528653231421e-07,-1.216907212228486440e-01
-1.091492826288396530e-07,-1.217976483431729845e-01
-1.084611199118874302e-07,-1.214616948908025934e-01
-1.085420377326734097e-07,-1.213554902510209921e-01
-1.083283279881332811e-07,-1.215993274341930497e-01
-1.081452514186049834e-07,-1.214161786166104845e-01
-1.076478235649340028e-07,-1.214010065252131149e-01
-1.079575509736032162e-07,-1.216907212228486440e-01
-1.072495200417258522e-07,-1.215841553427956800e-01
-1.071976459387576959e-07,-1.215079336455374553e-01
-1.009323307962128624e-07,-1.195698795896588396e-01
-1.029632958498867915e-07,-1.191884098630963396e-01
-1.028946240743001239e-07,-1.191884098630963396e-01
-1.024750073750813778e-07,-1.191273602572354845e-01
-1.018860051126191133e-07,-1.189138672568581800e-01
-1.022110129847670872e-07,-1.190966548341693687e-01
-1.018997683669581495e-07,-1.192035819544937092e-01
-1.016418428132028356e-07,-1.189438501993815567e-01
-1.012237433231238005e-07,-1.189597447713216516e-01
-1.013214226925011762e-07,-1.186693075931433972e-01
-1.011047507777358426e-07,-1.191273602572354845e-01
-1.010070714083584669e-07,-1.191428935889042168e-01
-9.509877002600467536e-08,-1.169147635951187092e-01
-9.631185098127884927e-08,-1.164570721712979845e-01
-9.687343510714443971e-08,-1.167012705947414047e-01
-9.640645980834960823e-08,-1.163804892337683972e-01
-9.632561423561789875e-08,-1.163042675365101586e-01
-9.595783551534016725e-08,-1.161518241419937092e-01
-9.591820745757130968e-08,-1.166095155658144339e-01
-9.583122080022638002e-08,-1.163501450509736440e-01
-9.544823386452414480e-08,-1.163656783826423902e-01
-9.549244967373934336e-08,-1.165332938685562092e-01
-9.561151446718158459e-08,-1.165488272002249553e-01
-9.523304303487140707e-08,-1.165181217771588396e-01
-8.899976990439674353e-08,-1.142592863603072162e-01
-9.114669308517918191e-08,-1.137716119939631149e-01
-9.076522335861667098e-08,-1.138937112056848250e-01
-9.097271977048930934e-08,-1.136798569650361440e-01
-9.047074028939911619e-08,-1.137867840853604845e-01
-9.084758614048811799e-08,-1.135729298447118035e-01
-9.053178989525996772e-08,-1.135884631763805497e-01
-9.052416772553413842e-08,-1.137716119939631149e-01
-8.989546515724875956e-08,-1.135729298447118035e-01
-9.055162198615795409e-08,-1.138478336912213396e-01
-9.032880898677941354e-08,-1.140768600232673902e-01
-9.015180125381006591e-08,-1.142137700861150934e-01
-8.992750716931891624e-08,-1.138630057826187092e-01
-8.370640783598928135e-08,-1.119249517267400934e-01
-8.597691131360603190e-08,-1.115590153318463396e-01
-8.578924699263137991e-08,-1.116811145435680497e-01
-8.563358855969978265e-08,-1.116048928463098250e-01
-8.535893758138020100e-08,-1.115741874232437092e-01
-8.537418192083184636e-08,-1.116197036974358320e-01
-8.504007079384543401e-08,-1.113603331825950421e-01
-8.529485355723987441e-08,-1.113910386056611440e-01
-8.474096384915438333e-08,-1.117418029091575421e-01
-8.485388755798340437e-08,-1.116197036974358320e-01
-8.481725779446688022e-08,-1.116197036974358320e-01
-8.450901147091026271e-08,-1.115741874232437092e-01
-7.874112418203642305e-08,-1.100176030939275934e-01
-8.115200562910599708e-08,-1.092546636408025934e-01
-8.119174205895626635e-08,-1.093160744869348250e-01
-8.080261403864079771e-08,-1.093464186697295643e-01
-8.059815204504764765e-08,-1.095292062470407668e-01
-8.062408909653171255e-08,-1.096975442134973250e-01
-8.028076634262546331e-08,-1.092853690638687092e-01
-8.039827780290082535e-08,-1.092701969724713396e-01
-8.003049908262309385e-08,-1.090108264576305497e-01
-8.034943811821214413e-08,-1.094230016072591516e-01
-7.997710777051521327e-08,-1.093160744869348250e-01
-7.982600096500280213e-08,-1.092546636408025934e-01
-7.341264955925218749e-08,-1.067982297955137744e-01
-7.629054242914372141e-08,-1.066457864009973250e-01
-7.601282090851753628e-08,-1.067982297955137744e-01
-7.629354072339606805e-08,-1.066757693435207016e-01
-7.584191813613429365e-08,-1.067826964638450421e-01
-7.639736117738666391e-08,-1.068896235841693687e-01
-7.626456925363250162e-08,-1.067675243724476586e-01
-7.522849603132767534e-08,-1.065692034634677238e-01
-7.586330356019915920e-08,-1.068282127380371510e-01
-7.584191813613429365e-08,-1.069044344352953757e-01
-7.540246934601754791e-08,-1.067064747665868035e-01
-7.524832812222567495e-08,-1.067064747665868035e-01
-6.930187976721560848e-08,-1.047077323451187092e-01
-7.182116941972211937e-08,-1.044176564072118035e-01
-7.173111222007057299e-08,-1.044331897388805497e-01
-7.173111222007057299e-08,-1.043869509841457016e-01
-7.174328601721561489e-08,-1.043869509841457016e-01
-7.166858152909712559e-08,-1.044938781044700421e-01
-7.147477612350925342e-08,-1.044331897388805497e-01
-7.142441922968083466e-08,-1.044331897388805497e-01
-7.711294203093557396e-08,-1.044024843158144339e-01
-7.511553619847152589e-08,-1.042041634068344991e-01
-7.300983053265195266e-08,-1.041734579837683972e-01
-7.233232440370502100e-08,-1.042193354982318687e-01
-6.564428589560768305e-08,-1.024189139857437092e-01
-6.837262529315369824e-08,-1.017928845954664263e-01
-6.866403782006466280e-08,-1.019453279899828757e-01
-6.887464089827103304e-08,-1.020829605333733320e-01
-6.852976481119791785e-08,-1.022505760192871510e-01
-6.832226839932527949e-08,-1.022505760192871510e-01
-6.812846299373742056e-08,-1.022357651681611440e-01
-6.774851047631466039e-08,-1.017473683212743035e-01
-6.797739231225216430e-08,-1.020829605333733320e-01
-6.761423746744791545e-08,-1.018542954415986440e-01
-6.789651061549331317e-08,-1.021443713795055497e-01
-6.730451005877870206e-08,-1.020522551103072162e-01
-6.736704074975216270e-08,-1.019153450474594991e-01
-6.182041312708998442e-08,-1.000686847802364915e-01
-6.388645461111357167e-08,-9.990106929432265859e-02
-6.446480028557054501e-08,-9.990106929432265859e-02
-6.383613384131229456e-08,-9.988553596265392631e-02
-6.252382018349386581e-08,-9.951959956776015859e-02
-6.386813972935530959e-08,-9.988553596265392631e-02
-6.392004995635060752e-08,-9.991624138572004210e-02
-6.360569867220791148e-08,-9.965650963060787570e-02
-6.333252877900093894e-08,-9.974862589980620919e-02
-6.364384564486415992e-08,-1.000076351743756364e-01
-6.342869093923857708e-08,-9.991624138572004210e-02
-6.349580938165837873e-08,-9.991624138572004210e-02
-5.768522349270907142e-08,-9.800889275290754210e-02
-5.997711239439068090e-08,-9.721524787671642631e-02
-6.029298088767311447e-08,-9.738358584317298450e-02
-5.955749569517192152e-08,-9.726076415090854910e-02
-6.025483391501685279e-08,-9.730700290564339716e-02
-6.004726525508995760e-08,-9.745980754043120919e-02
-5.967034715594667250e-08,-9.703209905913386113e-02
-6.005488742481578690e-08,-9.744427420876247692e-02
-5.962920188903809064e-08,-9.695587736187563643e-02
-5.934537540782580713e-08,-9.683377815015392631e-02
-5.930571122602982115e-08,-9.718454245365031052e-02
-5.947813120755282116e-08,-9.715455951112693389e-02
-5.343859123461173325e-08,-9.498784036347364401e-02
-5.651328780434347937e-08,-9.452978769938155668e-02
-5.662465818000561462e-08,-9.451425436771281052e-02
-5.613333528692071259e-08,-9.427041718454076680e-02
-5.708094076676801994e-08,-9.425524509314339716e-02
-5.675593289462001953e-08,-9.474328069975886113e-02
-5.628747651071258556e-08,-9.454495979077892631e-02
-5.643392331672436577e-08,-9.436181097319636113e-02
-5.635307774399264967e-08,-9.448427142518943389e-02
-5.627985434098676949e-08,-9.459047606497104910e-02
-5.631644798047614537e-08,-9.446873809352070162e-02
-5.588310415094548478e-08,-9.439251639626247692e-02
-4.995190013538707030e-08,-9.272900494662202064e-02
-5.241624514261880820e-08,-9.219473058527170861e-02
-5.295030275980631291e-08,-9.214921431107958583e-02
-5.334860628301446356e-08,-9.239377397479436871e-02
-5.336843837391246317e-08,-9.248516776344997692e-02
-5.266188852714769500e-08,-9.205782052242399149e-02
-5.275194572679923476e-08,-9.233236312866215101e-02
-5.263136372421726262e-08,-9.230165770559604910e-02
-5.244984048785585067e-08,-9.216474764274833198e-02
-5.266344186031456095e-08,-9.248516776344997692e-02
-5.281602975093956135e-08,-9.210369803688747692e-02
-5.226979833660703460e-08,-9.230165770559604910e-02
-4.690314061713940232e-08,-9.051640828450524534e-02
-4.959943800261526084e-08,-9.011976646654537570e-02
-4.959488637519604825e-08,-9.024186567826708583e-02
-4.941022034847374953e-08,-9.013493855794274534e-02
-4.983438867511170825e-08,-8.996732307202892631e-02
-4.991068262042420514e-08,-9.019634940407497692e-02
-4.944074515140417529e-08,-9.004354476928715101e-02
-4.938583663015654395e-08,-9.019634940407497692e-02
-4.906689759456750028e-08,-9.013493855794274534e-02
-4.920272393660111117e-08,-8.978417425444636113e-02
-4.957657149343779279e-08,-9.018117731267760728e-02
-4.875713406187115186e-08,-8.989110137477070162e-02
-4.931257710312351550e-08,-9.011976646654537570e-02
-4.296630801576556085e-08,-8.821241783373287570e-02
-4.616003325491239993e-08,-8.775472640991215101e-02
-4.651711926315769866e-08,-8.802926901615031052e-02
-4.635994362108634402e-08,-8.802926901615031052e-02
-4.661172809022845101e-08,-8.773991555878614401e-02
-4.635539199366713143e-08,-8.766333262125655668e-02
-4.636146083022608817e-08,-8.810549071340854910e-02
-4.620125076987526508e-08,-8.792234189582598392e-02
-4.618755976359049228e-08,-8.760228301539570162e-02
-4.620887293960108777e-08,-8.780060392437563643e-02
-4.599220102483575416e-08,-8.754087216926348392e-02
-4.642706206350615228e-08,-8.790753104469997692e-02
-4.007479638764351758e-08,-8.546590805053715101e-02
-4.333867448748963998e-08,-8.505373290090854910e-02
-4.358280066287878264e-08,-8.523724295876247692e-02
-4.736852645874022621e-08,-8.516066002123287570e-02
-4.562290509541828513e-08,-8.494680578058420861e-02
-4.446780320369835928e-08,-8.491646159778945546e-02
-4.450287963404799101e-08,-8.549661347360326680e-02
-4.390936186819365561e-08,-8.526758714155721619e-02
-4.346528920260342721e-08,-8.519136544429899149e-02
-4.331728906342476781e-08,-8.516066002123287570e-02
-4.376439614729447127e-08,-8.542039177634504210e-02
-4.366823398705683974e-08,-8.537451426188155668e-02
-3.732814210833924693e-08,-8.288701375325524534e-02
-4.099487535881273257e-08,-8.310086799390392631e-02
-4.068052407467003653e-08,-8.278008663293091873e-02
-4.079958886811227113e-08,-8.262764323841445546e-02
-4.077513290174078887e-08,-8.275010369040754210e-02
-4.070494391701437714e-08,-8.258176572395098392e-02
-4.020141110275730481e-08,-8.273457035873879595e-02
-4.067900686553029900e-08,-8.282632538766576680e-02
-4.054780439897016415e-08,-8.276491454153354910e-02
-4.030974706013996499e-08,-8.284149747906313643e-02
-4.060726454763701469e-08,-8.284149747906313643e-02
-4.037997216889351838e-08,-8.276491454153354910e-02
-3.471427975278911872e-08,-8.099519845211149149e-02
-3.746389620231859437e-08,-8.056748997081414343e-02
-3.798119227091470957e-08,-8.035435821070820162e-02
-3.787440964669892194e-08,-8.055267911968813643e-02
-3.765463106559984321e-08,-8.055267911968813643e-02
-3.772182175607392154e-08,-8.029294736457598392e-02
-3.775231043497721227e-08,-8.065960624001247692e-02
-3.825743270642829220e-08,-8.075063878839670861e-02
-3.779966903455329100e-08,-8.055267911968813643e-02
-3.767298207138523370e-08,-8.050680160522465101e-02
-3.755247231685753825e-08,-8.067441709113848392e-02
-3.712519732388582778e-08,-8.039987448490031052e-02
-3.152510614106148562e-08,-7.823315533724702064e-02
-3.504539258552319105e-08,-7.830937703450524534e-02
-3.554130323005444731e-08,-7.783651351928715101e-02
-3.522088310935280114e-08,-7.797342358213486813e-02
-3.537188154278378733e-08,-7.785168561068452064e-02
-3.499807010997424735e-08,-7.788239103375063643e-02
-3.515065800059924775e-08,-7.808035070245920861e-02
-3.530021147294477309e-08,-7.821798324584965101e-02
-3.566795406919536957e-08,-7.838559873176348392e-02
-3.501793832489937537e-08,-7.798931815407497692e-02
-3.513237924286812733e-08,-7.805000651966445546e-02
-3.493702050411339583e-08,-7.821798324584965101e-02
-3.477222269231622512e-08,-7.805000651966445546e-02
-2.922097119418057411e-08,-7.507447040442269404e-02
-3.229111613649309771e-08,-7.470853400952892631e-02
-3.251851688731799912e-08,-7.479992779818452064e-02
-3.275043314153497147e-08,-7.473851695205230294e-02
-3.244984511173132491e-08,-7.486097740404537570e-02
-3.282369266856799992e-08,-7.493756034157497692e-02
-3.239031271501020430e-08,-7.469300067786019404e-02
-3.282672708684747498e-08,-7.505929831302531052e-02
-3.255666385997424757e-08,-7.484544407237664343e-02
-3.269241795395359501e-08,-7.492166576963486813e-02
-3.254745223305441729e-08,-7.489132158684012885e-02
-3.285569855661102818e-08,-7.505929831302531052e-02
-2.657051519914106340e-08,-7.296880086263024534e-02
-3.018385713750665193e-08,-7.272496367945820162e-02
-3.026015108281915544e-08,-7.246523192434604910e-02
-3.062485926079027023e-08,-7.258733113606774534e-02
-3.071946808786102920e-08,-7.261803655913386113e-02
-3.048296408219770261e-08,-7.281635746811379595e-02
-3.015947341918944635e-08,-7.241971565015392631e-02
-3.032882285840582964e-08,-7.270943034778945546e-02
-3.032275402184687952e-08,-7.278565204504769404e-02
-3.014112241340405586e-08,-7.264874198219997692e-02
-3.028153650688402099e-08,-7.295362877123287570e-02
-3.040052905227198553e-08,-7.280118537671642631e-02
-2.444797573667583722e-08,-7.061857165712302764e-02
-2.829634059559214653e-08,-7.029851277669274534e-02
-2.798809427203553564e-08,-7.017641356497104910e-02
-2.820476618680086593e-08,-7.035992362282497692e-02
-2.801247799035274121e-08,-7.029851277669274534e-02
-2.803234620527786923e-08,-7.022229107943452064e-02
-2.767370686386570456e-08,-7.006948644464670861e-02
-2.769968003937691773e-08,-7.035992362282497692e-02
-2.793163241762102842e-08,-7.016088023330230294e-02
-2.815137487469296881e-08,-7.040543989701708583e-02
-2.782629475449070496e-08,-7.035992362282497692e-02
-2.801861907496596140e-08,-7.031368486809012885e-02
-2.218661163792465351e-08,-6.828423702355591873e-02
-2.549477779504024123e-08,-6.785725102280129595e-02
-2.607153401230320366e-08,-6.796417814312563643e-02
-2.621801694234211560e-08,-6.778066808527170861e-02
-2.599524006699070346e-08,-6.776513475360296246e-02
-2.592963883371063935e-08,-6.793347272005952064e-02
-2.572365963097774183e-08,-6.753646966182828837e-02
-2.585486209753787337e-08,-6.799416108564901307e-02
-2.599524006699070346e-08,-6.781137350833781052e-02
-2.576487714594060037e-08,-6.782654559973519404e-02
-2.576787544019294039e-08,-6.778066808527170861e-02
-2.569158149488044019e-08,-6.782654559973519404e-02
-2.016171542080965473e-08,-6.596471324111480294e-02
-2.341190251437100102e-08,-6.527799548524802764e-02
-2.399935144366639623e-08,-6.523247921105591873e-02
-2.392764524980024366e-08,-6.537011175444636113e-02
-2.416721979777017703e-08,-6.541562802863848392e-02
-2.413976553714636136e-08,-6.540009469696973776e-02
-2.383458975589636387e-08,-6.561394893761841873e-02
-2.361181288054494511e-08,-6.544633345170458583e-02
-2.363926714116876409e-08,-6.550702181729407825e-02
-2.398258989507501334e-08,-6.541562802863848392e-02
-2.356449040499599811e-08,-6.532387299971151307e-02
-2.378575007120767934e-08,-6.553772724036019404e-02
-2.362857442913632801e-08,-6.530870090831414343e-02
-1.767454002842758382e-08,-6.367589488173980294e-02
-2.170442812370531169e-08,-6.314198176066085355e-02
-2.169828703909208820e-08,-6.295883294307828837e-02
-2.164951960245767704e-08,-6.340135227550164343e-02
-2.180817632964162757e-08,-6.327961430405129595e-02
-2.173950455405495005e-08,-6.347757397275986813e-02
-2.190889011729846838e-08,-6.330995848684604910e-02
-2.161592425722063788e-08,-6.324890888098519404e-02
-2.191495895385741519e-08,-6.334030266964078837e-02
-2.172118967229669128e-08,-6.329442515517730294e-02
-2.179444919932971973e-08,-6.340135227550164343e-02
-2.168607711791991790e-08,-6.318749803485296246e-02
-1.553675622651070896e-08,-6.100560679580230294e-02
-1.982908537893583826e-08,-6.102077888719967952e-02
-2.000912753018465433e-08,-6.063930916063717952e-02
-2.005645000573360133e-08,-6.099079594467629595e-02
-1.961851842475659643e-08,-6.057862079504768710e-02
-1.958951083096590489e-08,-6.080728588682236813e-02
-1.989623994538277825e-08,-6.063930916063717952e-02
-1.956205657034208591e-08,-6.056308746337894788e-02
-1.986571514245234918e-08,-6.056308746337894788e-02
-2.014040224479905925e-08,-6.082245797821973776e-02
-2.005645000573360133e-08,-6.097490137273619409e-02
-1.978786786397297641e-08,-6.063930916063717952e-02
-1.389484694509794706e-08,-5.867127216223518710e-02
-1.776759552233146360e-08,-5.839672955599702758e-02
-1.806207859154903163e-08,-5.835049080126217952e-02
-1.881280812350186002e-08,-5.827426910400394788e-02
-1.791559566151011638e-08,-5.809148152669275228e-02
-1.847869699651544105e-08,-5.818287531534835355e-02
-1.841002522092876684e-08,-5.824392492120920861e-02
-1.842526956038041220e-08,-5.847295125325525228e-02
-1.834287065448182354e-08,-5.888440392234112891e-02
-1.824674461827133366e-08,-5.844224583018914343e-02
-1.828333825776070955e-08,-5.839672955599702758e-02
-1.836573716365929159e-08,-5.822839158954046940e-02
-1.271380800189393315e-08,-5.601579492742369409e-02
-1.654837348244406621e-08,-5.560398101806644788e-02
-1.646297628229314414e-08,-5.540566010908651307e-02
-1.680470957900537917e-08,-5.581783525871512192e-02
-1.641561768271705880e-08,-5.552739808053686055e-02
-1.668571703361742124e-08,-5.545117638327862891e-02
-1.677577423326896431e-08,-5.542119344075525228e-02
-1.689628398779666308e-08,-5.568020271532467952e-02
-1.665977998213333979e-08,-5.549741513801347698e-02
-1.660790587916518351e-08,-5.545117638327862891e-02
-1.663843068209560928e-08,-5.532943841182828837e-02
-1.707025730248652903e-08,-5.549741513801347698e-02
-1.096204555395877354e-08,-5.381837035670429537e-02
-1.460132454380844185e-08,-5.357453317353223776e-02
-1.517053083939985333e-08,-5.340691768761841179e-02
-1.483175971291281502e-08,-5.339138435594967952e-02
-1.512013782154429623e-08,-5.371216571692268710e-02
-1.522236881834087457e-08,-5.369663238525394788e-02
-1.507285147002248427e-08,-5.346760605320790422e-02
-1.548177545720880094e-08,-5.366592696218783903e-02
-1.521474664861505189e-08,-5.363594401966446240e-02
-1.506978092771587417e-08,-5.340691768761841179e-02
-1.499962806701659747e-08,-5.348313938487664343e-02
-1.530325051509972240e-08,-5.360523859659835355e-02
-1.499655752470998738e-08,-5.342208977901578837e-02
-9.372082623568442947e-09,-5.149956905480591179e-02
-1.308458501642400303e-08,-5.146886363173980294e-02
-1.336685816446939744e-08,-5.114808227076679537e-02
-1.384145563299005160e-08,-5.137710860281283903e-02
-1.367817503033261842e-08,-5.137710860281283903e-02
-1.372546138185442874e-08,-5.104187763098518710e-02
-1.328601259173768299e-08,-5.133123108834936055e-02
-1.374991734822590603e-08,-5.142334735754768710e-02
-1.348436962474475783e-08,-5.107186057350856373e-02
-1.363388697306314814e-08,-5.117878769383290422e-02
-1.351489442767518359e-08,-5.148403572313717952e-02
-1.332723010670054649e-08,-5.105668848211119409e-02
-7.667642651182228680e-09,-4.942388245553686055e-02
-1.198594497911857281e-08,-4.888996933445790422e-02
-1.189747723666104064e-08,-4.869164842547796940e-02
-1.258715716275301254e-08,-4.884445306026578837e-02
-1.220720464533025073e-08,-4.887479724306053458e-02
-1.234602928161620660e-08,-4.884445306026578837e-02
-1.200577707001656745e-08,-4.863059881961711434e-02
-1.219499472415808042e-08,-4.870682051687533903e-02
-1.244522586013330988e-08,-4.892067475752401307e-02
-1.233996044505725814e-08,-4.893548560865002006e-02
-1.217667984239982331e-08,-4.863059881961711434e-02
-1.219344139099120620e-08,-4.902760187784835355e-02
-5.938782836451670494e-09,-4.653974012895068652e-02
-1.028154113075949523e-08,-4.621968124852040422e-02
-1.073471705118814550e-08,-4.638729673443423018e-02
-1.036083337032433215e-08,-4.620450915712303458e-02
-1.063248605439156716e-08,-4.618897582545429537e-02
-1.044019785794344409e-08,-4.634178046024211434e-02
-1.083543083884498796e-08,-4.614345955126217952e-02
-1.080338882677482301e-08,-4.623485333991777385e-02
-1.097887935060442815e-08,-4.620450915712303458e-02
-1.065994031501538448e-08,-4.617416497432828837e-02
-1.056226094563801542e-08,-4.606723785400394788e-02
-1.074692697236031746e-08,-4.615827040238818652e-02
-5.093444477428084795e-09,-4.435784888990002006e-02
-9.137059703017722161e-09,-4.402225667780100549e-02
-9.578061826301338812e-09,-4.403779000946973776e-02
-9.446859359741207271e-09,-4.393086288914540422e-02
-1.077286402384439560e-08,-4.412918379812533903e-02
-9.480382456923971408e-09,-4.402225667780100549e-02
-9.770350022749463529e-09,-4.419023340398619409e-02
-9.980916976928707017e-09,-4.409847837505923018e-02
-9.590271747473509117e-09,-4.419023340398619409e-02
-9.910691868175155283e-09,-4.406849543253585355e-02
-9.680328947125055494e-09,-4.409847837505923018e-02
-9.723027547200516530e-09,-4.409847837505923018e-02
-3.666726025668053177e-09,-4.238981189149803458e-02
-7.894971153952853409e-09,-4.190141504461119409e-02
-5.482536373716407651e-09,-4.170345537590262192e-02
-7.676782030047787239e-09,-4.161133910670429537e-02
-7.629495678525978580e-09,-4.150441198637995488e-02
-8.021658117120910701e-09,-4.174897165009473776e-02
-7.934671459775977726e-09,-4.191658713600856373e-02
-8.020104783954038139e-09,-4.164204452977040422e-02
-8.378708001339071092e-09,-4.182519334735296940e-02
-8.334492192123870871e-09,-4.159652825557828837e-02
-8.230743986187555000e-09,-4.187107086181644788e-02
-8.114713611024793797e-09,-4.174897165009473776e-02
-8.245988325639200366e-09,-4.165721662116777385e-02
-2.662658691406245652e-09,-4.000923850319606373e-02
-6.787227861809002973e-09,-3.912419983834936055e-02
-7.260235873135649539e-09,-3.941391453598488970e-02
-7.130550615715253046e-09,-3.909385565555461434e-02
-7.051186128096142754e-09,-3.926147114146844030e-02
-6.970304431337294104e-09,-3.936839826179277385e-02
-6.803989410400386696e-09,-3.917007735281283903e-02
-6.865002892234104017e-09,-3.918488820393884603e-02
-6.770394065163347531e-09,-3.909385565555461434e-02
-6.889458858605582141e-09,-3.901727271802502006e-02
-6.655953147194597231e-09,-3.903244480942238970e-02
-7.243402076489993270e-09,-3.915490526141546940e-02
-9.979551488702903205e-10,-3.660671638719967952e-02
-5.638194806648018144e-09,-3.631664044929277385e-02
-5.848725636800125772e-09,-3.590446529966416500e-02
-5.865559433445781214e-09,-3.591999863133290422e-02
-6.073055845318413783e-09,-3.614902496337894788e-02
-5.990693063446965116e-09,-3.634698463208752006e-02
-5.783124403520060002e-09,-3.613313039143884603e-02
-5.799958200165715443e-09,-3.582824360240594030e-02
-5.836551839655091327e-09,-3.601139241998850549e-02
-5.625984885475847839e-09,-3.607244202584936055e-02
-6.295868844696965090e-09,-3.616383581450495488e-02
-5.932713999892721201e-09,-3.634698463208752006e-02
-1.037409811308845164e-10,-3.401264999852040422e-02
-6.053223754420420795e-09,-3.382950118093783903e-02
-5.435250022194598165e-09,-3.395123915238818652e-02
-5.107171607739992630e-09,-3.407333836410988970e-02
-5.177360592466407678e-09,-3.410404378717600549e-02
-4.826415668834334922e-09,-3.373810739228223776e-02
-4.995801232077854077e-09,-3.405816627271252006e-02
-5.107171607739992630e-09,-3.376809033480562133e-02
-5.058331923051309755e-09,-3.395123915238818652e-02
-4.962242010867952427e-09,-3.360047484889179537e-02
-4.730289632623841734e-09,-3.389055078679869409e-02
-4.870667602076670174e-09,-3.386020660400394788e-02
8.789409290660555717e-10,-3.158619909575495488e-02
-3.225723902384435699e-09,-3.140305027817238970e-02
-3.910888325084335002e-09,-3.161690451882106373e-02
-3.828453295158612963e-09,-3.155549367268884603e-02
-4.118384736956967571e-09,-3.167759288441055615e-02
-3.892537319298942030e-09,-3.140305027817238970e-02
-3.590432080355552977e-09,-3.160137118715233145e-02
-4.188609845710519305e-09,-3.170829830747666500e-02
-4.008567694461702407e-09,-3.173900373054277385e-02
-3.736915010394467397e-09,-3.143375570123850549e-02
-3.872741352428084902e-09,-3.150997739849673018e-02
-4.173329382231736426e-09,-3.184593085086711434e-02
2.011140187581384649e-09,-2.949570164535989317e-02
-2.082831931836673122e-09,-2.912976525046613238e-02
-2.926689205747657978e-09,-2.938877452503555615e-02
-2.861087972467591381e-09,-2.908352649573128085e-02
-2.786275112267692024e-09,-2.911423191879739317e-02
-3.097591978130913836e-09,-2.929738073637995488e-02
-2.890023318204008308e-09,-2.917564276492961434e-02
-3.138737245039501483e-09,-2.954121791955200901e-02
-2.598610791293053270e-09,-2.920598694772435708e-02
-3.155571041685157338e-09,-2.922115903912173018e-02
-3.126563447894467451e-09,-2.932808615944606720e-02
-3.193718014341407438e-09,-2.928256988525395135e-02
-2.655036521680422969e-09,-2.912976525046613238e-02
2.438415180553093878e-09,-2.700856237700495488e-02
-1.431262854373811743e-09,-2.677989728523027732e-02
-2.058448213519467544e-09,-2.671848643909805615e-02
-1.850879553592561809e-09,-2.687092983361450901e-02
-1.992846980239401360e-09,-2.671848643909805615e-02
-1.818873665549533962e-09,-2.664226474183982799e-02
-2.038616122621474143e-09,-2.676472519383290422e-02
-2.085902474143284042e-09,-2.670331434770068305e-02
-1.966873804728185706e-09,-2.636772213560166500e-02
-2.096595186175717644e-09,-2.659638722737634603e-02
-2.125602779966407945e-09,-2.670331434770068305e-02
-1.934795668630884485e-09,-2.661228179931645135e-02
4.296960252704046902e-09,-2.438415180553094030e-02
-6.576306892163781037e-10,-2.453659520004739317e-02
-1.054344755230523539e-09,-2.453659520004739317e-02
-7.156458767977583953e-10,-2.435344638246482799e-02
-8.545066371108502364e-10,-2.456730062311350202e-02
-6.851571978944675611e-10,-2.439896265665694383e-02
-1.020821658047758369e-09,-2.442966807972305615e-02
-1.110842733672166404e-09,-2.464352232037173018e-02
-6.470102252382175645e-10,-2.430756886800134603e-02
-1.332066275856707221e-09,-2.452142310865002006e-02
-1.393115881717561849e-09,-2.462835022897435708e-02
-1.275604421442200630e-09,-2.446037350278916500e-02
4.727269663955229951e-09,-2.232399853793061786e-02
3.082535483620427900e-10,-2.197323423443423018e-02
3.663698832194454468e-11,-2.223260474927502006e-02
1.831199183608590685e-10,-2.233917062932799097e-02
1.053087639086218682e-10,-2.208016135475856720e-02
1.037554307417480522e-10,-2.203392260002371913e-02
7.171341867158350540e-11,-2.189701253717600202e-02
1.602172851562544372e-10,-2.183560169104378085e-02
-4.516514864834828067e-10,-2.240022023518884603e-02
3.815419746168175811e-11,-2.198840632583160329e-02
2.594427628951083252e-11,-2.201875050862634603e-02
-3.845330440636792992e-10,-2.233917062932799097e-02
6.009022394816085506e-09,-1.988273678403916500e-02
1.640363173051318285e-09,-1.939433993715232799e-02
9.155345685554316619e-10,-1.937916784575495835e-02
1.030011610551318338e-09,-1.959266084613226627e-02
9.140173594156945454e-10,-1.977580966371482799e-02
5.386887174664166248e-10,-1.940987326882106720e-02
1.174977331450495642e-09,-1.960819417780100202e-02
7.950248140277329991e-10,-1.959266084613226627e-02
1.051360910589049063e-09,-1.928741281682799097e-02
1.115444934729378338e-09,-1.933365157156283903e-02
7.202119538278335391e-10,-1.965371045199311786e-02
7.263530384410554817e-10,-1.991344220710527732e-02
6.697221235795458215e-09,-1.672405185121482799e-02
2.307212713992961510e-09,-1.661712473089049097e-02
1.364158861564871926e-09,-1.643397591330792926e-02
2.000447475548951047e-09,-1.658641930782438212e-02
1.371781031290694609e-09,-1.667817433675134603e-02
1.182599501176318325e-09,-1.654090303363226627e-02
1.701412778912173120e-09,-1.629670461018884603e-02
1.792951063676318272e-09,-1.640363173051318305e-02
1.548824888287172926e-09,-1.637328754771844030e-02
1.809712612267700960e-09,-1.620494958126188212e-02
1.446593891490593759e-09,-1.657124721642700901e-02
1.533580548835527561e-09,-1.654090303363226627e-02
2.105785138679277821e-09,-1.742630293875033903e-02
7.789720188487664940e-09,-1.495433576179277559e-02
3.054871703639179391e-09,-1.449628309770068305e-02
2.600178574070790351e-09,-1.457286603523027559e-02
2.505569747000033866e-09,-1.428242885705200901e-02
2.652016553011811600e-09,-1.437382264570760855e-02
2.488735950354378011e-09,-1.432830637151549097e-02
2.011140187581384649e-09,-1.423691258285989317e-02
2.522331295591416348e-09,-1.422137925119115395e-02
2.236987605239410189e-09,-1.387061494769476454e-02
2.484184322935166661e-09,-1.417550173672767200e-02
2.505569747000033866e-09,-1.416069088560166674e-02
2.157623117620299070e-09,-1.446593891490593857e-02
8.262764323841444884e-09,-1.263481197935166674e-02
3.515705917820790271e-09,-1.232956395004739317e-02
3.498872121175134416e-09,-1.217712055553093857e-02
3.686608690204046956e-09,-1.194809422348489317e-02
3.192215254812534012e-09,-1.220746473832568305e-02
3.559921727035988837e-09,-1.223780892112042752e-02
3.703370238795429438e-09,-1.213124304106745661e-02
3.120472936919245575e-09,-1.226815310391517200e-02
3.166242079301318772e-09,-1.203948801214049097e-02
3.570614439068422853e-09,-1.205502134380923018e-02
2.963333418875033826e-09,-1.239025231563688212e-02
3.096089218602040411e-09,-1.190257794929277559e-02
9.251551194624472426e-09,-1.010143395626188212e-02
4.588372779615002354e-09,-9.674447955507264538e-03
4.246639482902762357e-09,-9.842424681692456614e-03
4.034519195556644652e-09,-9.689981287176003752e-03
3.913937192974673340e-09,-1.016284480239410155e-02
4.092462135083751880e-09,-9.995229316480275586e-03
3.952084165630922612e-09,-9.826891350023719135e-03
4.092462135083751880e-09,-9.826891350023719135e-03
4.223736849698157622e-09,-9.704792138302009014e-03
3.833091620242961376e-09,-9.659275864109893167e-03
3.538608551025394592e-09,-1.005591768206976454e-02
4.028378110943422813e-09,-9.689981287176003752e-03
1.020374442591812077e-08,-7.431145870324381252e-03
5.818287531534835006e-09,-6.790305628921090506e-03
4.768487178918090971e-09,-6.866527326179317804e-03
4.519737128055461523e-09,-7.065209475430619598e-03
4.579269524776578828e-09,-7.446679201993119598e-03
4.548744721846151410e-09,-7.187308687152328852e-03
5.249153483997696079e-09,-7.125897841020108550e-03
4.835605621337895099e-09,-7.125897841020108550e-03
4.640283006610296976e-09,-7.354924173066154820e-03
4.727269663955229951e-09,-7.080381566827991836e-03
4.582303943056053061e-09,-7.095192417953997965e-03
4.708954782196973666e-09,-7.065209475430619598e-03
1.058976577989983271e-08,-3.692670301957608116e-03
6.367589488173980117e-09,-2.960436271898718701e-03
6.411877545443452057e-09,-2.716599088726665868e-03
5.763379010287202837e-09,-2.869042483243119598e-03
5.749615755948157488e-09,-2.777287454316154820e-03
5.699258862119737083e-09,-3.051830060554317370e-03
6.166161912860296842e-09,-2.258907664905939437e-03
5.110256599657467654e-09,-3.341905998461218701e-03
6.001400225090261996e-09,-2.991141694964828852e-03
5.366592696218783925e-09,-3.250512209805619598e-03
5.511594541145097502e-09,-3.067363392223055717e-03
5.719090953017730071e-09,-3.021847118030939437e-03
1.404900261850068661e-08,1.006704388242735029e-03
